Admin2,,,,,,,,,,,,,,,,,,,,,,,,,,,,,,,,,,,,,,,,,,,,,,,,,,,,,,,,,,,,,,,,,,,,,,,,,,,,,,,,,,,
Province/State,Adygea Republic,Altai Krai,Altai Republic,Amur Oblast,Arkhangelsk Oblast,Astrakhan Oblast,Bashkortostan Republic,Belgorod Oblast,Bryansk Oblast,Buryatia Republic,Chechen Republic,Chelyabinsk Oblast,Chukotka Autonomous Okrug,Chuvashia Republic,Dagestan Republic,Ingushetia Republic,Irkutsk Oblast,Ivanovo Oblast,Jewish Autonomous Okrug,Kabardino-Balkarian Republic,Kaliningrad Oblast,Kalmykia Republic,Kaluga Oblast,Kamchatka Krai,Karachay-Cherkess Republic,Karelia Republic,Kemerovo Oblast,Khabarovsk Krai,Khakassia Republic,Khanty-Mansi Autonomous Okrug,Kirov Oblast,Komi Republic,Kostroma Oblast,Krasnodar Krai,Krasnoyarsk Krai,Kurgan Oblast,Kursk Oblast,Leningrad Oblast,Lipetsk Oblast,Magadan Oblast,Mari El Republic,Mordovia Republic,Moscow,Moscow Oblast,Murmansk Oblast,Nenets Autonomous Okrug,Nizhny Novgorod Oblast,North Ossetia - Alania Republic,Novgorod Oblast,Novosibirsk Oblast,Omsk Oblast,Orel Oblast,Orenburg Oblast,Penza Oblast,Perm Krai,Primorsky Krai,Pskov Oblast,Rostov Oblast,Ryazan Oblast,Saint Petersburg,Sakha (Yakutiya) Republic,Sakhalin Oblast,Samara Oblast,Saratov Oblast,Smolensk Oblast,Stavropol Krai,Sverdlovsk Oblast,Tambov Oblast,Tatarstan Republic,Tomsk Oblast,Tula Oblast,Tver Oblast,Tyumen Oblast,Tyva Republic,Udmurt Republic,Ulyanovsk Oblast,Vladimir Oblast,Volgograd Oblast,Vologda Oblast,Voronezh Oblast,Yamalo-Nenets Autonomous Okrug,Yaroslavl Oblast,Zabaykalsky Krai
Country/Region,Russia,Russia,Russia,Russia,Russia,Russia,Russia,Russia,Russia,Russia,Russia,Russia,Russia,Russia,Russia,Russia,Russia,Russia,Russia,Russia,Russia,Russia,Russia,Russia,Russia,Russia,Russia,Russia,Russia,Russia,Russia,Russia,Russia,Russia,Russia,Russia,Russia,Russia,Russia,Russia,Russia,Russia,Russia,Russia,Russia,Russia,Russia,Russia,Russia,Russia,Russia,Russia,Russia,Russia,Russia,Russia,Russia,Russia,Russia,Russia,Russia,Russia,Russia,Russia,Russia,Russia,Russia,Russia,Russia,Russia,Russia,Russia,Russia,Russia,Russia,Russia,Russia,Russia,Russia,Russia,Russia,Russia,Russia
06-01-2020,471,1098,58,356,1457,930,2187,1458,1435,685,398,1588,24,1687,394,1218,1621,1253,113,1688,899,549,2472,606,805,276,298,1113,411,1760,753,624,362,1127,3281,127,1650,1274,1464,56,423,1092,98296,30828,1176,61,6298,987,957,1752,1034,1160,777,543,699,952,537,3162,2601,10352,1131,65,1568,1982,1487,1419,3366,1864,544,379,2117,541,835,1020,258,1846,1958,2164,588,691,1421,2440,568
06-02-2020,468,1140,53,353,1458,904,2253,1452,1432,679,404,1687,24,1728,500,1206,1771,1258,100,1685,913,552,2446,639,859,261,323,1114,425,1848,830,621,373,1109,3231,118,1658,1239,1513,46,396,1059,94481,31151,1097,59,6412,929,1031,1772,1033,1115,829,516,670,924,541,3321,2569,10458,1165,79,1630,2029,1547,1432,3483,1881,473,388,2114,520,825,985,280,1919,1934,2217,592,719,1293,2444,568
06-03-2020,430,1188,54,363,1658,933,2291,1444,1429,660,370,1736,27,1765,577,1173,1837,1259,84,1667,920,536,2413,655,923,297,348,1091,433,1893,874,600,389,1113,3311,111,1673,1216,1530,56,368,1044,92877,31365,960,59,6482,816,1069,1853,1027,1142,836,515,668,913,576,3383,2550,10498,1190,81,1609,2041,1615,1418,3668,1895,350,395,2104,469,819,992,320,1926,1885,2247,548,778,1261,2446,563
06-04-2020,441,1224,66,367,1751,958,2341,1451,1424,648,304,1763,30,1785,679,975,1926,1339,79,1644,923,534,2424,687,978,313,370,1108,412,1990,874,614,396,1102,3386,111,1661,1190,1545,65,338,1021,91750,31547,967,60,6596,558,1112,1928,956,1137,857,513,670,900,653,3465,2562,10485,1226,85,1598,2061,1697,1448,3817,1829,262,405,2085,473,827,1068,355,1997,1893,2285,541,855,1216,2464,525
06-05-2020,434,1213,65,382,1833,986,2423,1437,1423,672,310,1808,35,1820,779,891,1970,1430,78,1670,936,511,2369,725,1024,336,389,1091,412,2042,909,600,412,1081,3492,115,1674,1058,1552,77,328,1019,90905,31789,988,65,6762,438,1150,1990,972,1209,609,473,663,884,700,3553,2532,10455,1189,97,1617,2114,1809,1438,3896,1856,207,435,2078,498,821,1157,393,2056,1824,2327,535,952,1228,2479,545
06-06-2020,445,1180,68,403,1893,986,2492,1418,1420,696,324,1822,38,1854,908,814,1959,1492,83,1694,949,519,2372,774,1093,356,380,1156,390,2099,946,617,402,1035,3599,122,1635,980,1570,103,305,1009,89766,31997,997,64,6894,151,1188,2045,994,1266,631,465,679,889,714,3674,2497,10361,1196,107,1653,2153,1797,1487,3974,1889,44,431,2047,506,815,1237,426,2124,1798,2373,537,994,1234,2392,564
06-07-2020,438,1209,72,445,2006,1008,2473,1476,1416,716,341,1865,40,1834,993,776,2067,1619,90,1692,973,528,2378,809,1154,388,398,1219,361,2200,976,653,404,1067,3758,108,1683,1016,1575,116,328,1044,89384,32203,1046,64,7164,160,1229,2136,1016,1374,687,511,737,908,783,3809,2555,10373,1205,117,1662,2180,1892,1549,4139,1914,71,471,2137,592,839,1338,457,2200,1861,2489,541,1129,1254,2455,607
06-08-2020,453,1269,79,491,2121,1021,2546,1530,1406,755,357,1905,40,1818,1075,799,2136,1709,93,1742,1007,532,2445,848,1192,405,423,1265,349,2268,1034,684,425,1130,3841,123,1742,999,1611,125,361,1057,89701,32374,1089,64,7424,167,1286,2220,1069,1461,747,594,780,955,817,3964,2620,10528,1253,133,1722,2290,2009,1634,4352,1962,58,486,2244,677,868,1463,484,2295,1896,2579,558,1350,1291,2519,660
06-09-2020,487,1246,86,530,2178,1036,2590,1493,1400,753,344,1980,41,1859,1157,714,2245,1709,90,1713,986,467,2415,890,1248,416,447,1261,333,2399,1062,688,435,1145,3756,114,1744,947,1663,131,314,1087,85824,32460,1132,63,6893,186,1322,2253,1075,1517,749,632,765,947,840,4022,2543,10619,1243,145,1729,2382,2016,1652,4369,1950,92,508,2169,709,885,1496,497,2330,1815,2600,559,1530,1345,2456,661
06-10-2020,495,1194,95,534,2260,1040,2536,1421,1393,798,311,2011,42,1878,1230,724,2353,1768,91,1721,953,453,2407,871,1308,429,488,1313,330,2330,1011,727,430,1108,3768,130,1720,885,1658,139,260,1117,83167,32416,1124,60,6913,204,1354,2260,944,1578,754,638,797,913,879,4130,2471,10463,1174,179,1755,2396,2067,1623,4504,1951,124,531,2108,770,857,1553,497,2337,1782,2663,529,1693,1392,2377,721
06-11-2020,527,1167,101,543,2362,1028,2514,1226,1384,833,285,1994,43,1827,1301,733,2537,1798,96,1783,966,448,2400,894,1380,423,510,1346,348,2424,974,816,451,1134,3854,136,1705,845,1649,176,259,1101,82314,32350,1120,54,6970,217,1389,2121,856,1662,743,676,768,970,927,4193,2401,10385,1168,193,1782,2398,2133,1620,4668,1943,157,553,2033,775,859,1657,503,2319,1779,2694,515,1888,1466,2358,731
06-12-2020,531,1071,96,564,2430,1046,2571,1139,1362,864,303,1997,49,1830,1370,598,2656,1853,88,1825,977,439,2440,937,1451,421,549,1407,354,2476,978,882,479,1149,3966,143,1716,847,1659,208,240,1133,81724,32290,1148,49,6823,233,1429,2112,851,1702,760,684,779,1042,1013,4257,2327,10206,1127,234,1767,2345,2168,1596,4866,1972,202,592,1921,827,834,1828,490,2360,1679,2703,515,2028,1584,2308,725
06-13-2020,514,1100,117,618,2528,1011,2561,1194,1369,852,324,1992,51,1833,1440,375,2797,1945,91,1894,1017,425,2514,984,1539,451,593,1464,384,2510,905,1033,515,1201,4100,155,1785,850,1658,233,226,1167,81639,32224,1213,49,6982,257,1469,2074,912,1775,801,754,837,1099,1109,4374,2364,10175,1122,222,1804,2428,2249,1666,5000,2001,244,628,1970,900,872,1924,504,2498,1687,2803,493,2247,1705,2364,758
06-14-2020,528,1109,128,653,2623,1031,2615,1245,1370,873,336,2040,45,1859,1510,412,2998,2012,92,1921,1057,424,2567,1016,1606,495,600,1532,409,2596,904,1213,531,1243,4225,164,1820,864,1708,254,257,1105,80933,32102,1262,50,7069,269,1516,2082,1006,1835,833,811,900,1176,1204,4483,2400,10287,1155,232,1869,2516,2281,1715,5131,2040,287,658,2027,955,931,2106,523,2595,1668,2910,511,2432,1813,2397,833
06-15-2020,532,1133,140,685,2716,1068,2655,1300,1378,885,351,2170,44,1897,1579,436,3073,2093,92,1974,1095,414,2604,1047,1669,506,611,1593,399,2650,871,1298,551,1265,4339,162,1866,898,1752,273,277,1160,80690,31930,1314,53,7220,293,1564,2144,1091,1943,869,857,953,1231,1297,4595,2404,10439,1200,245,1930,2625,2348,1736,5273,2078,327,695,1975,1033,994,2171,542,2740,1703,2999,508,2622,1896,2443,911
06-16-2020,560,1026,135,685,2705,1030,2653,1214,1390,878,359,2312,40,1907,1637,459,3274,2058,96,1966,1050,386,2598,1043,1761,499,618,1628,313,2702,898,1361,542,1265,4419,169,1819,876,1784,276,245,1005,79180,31694,1266,57,7231,300,1609,2161,1132,1969,829,809,944,1263,1357,4569,2229,10387,1148,264,1988,2614,2361,1732,5266,2050,367,711,1856,1044,974,2240,495,2762,1737,2999,504,2721,1928,2327,956
06-17-2020,545,996,155,682,2720,1027,2582,1159,1399,885,365,2351,39,1892,1700,460,3280,1978,88,1990,1046,380,2616,1054,1855,533,630,1642,298,2718,827,1362,565,1244,4471,174,1820,827,1723,281,236,1043,77926,31369,1269,57,7127,312,1646,2155,1176,1946,785,792,927,1292,1443,4559,2139,9861,1119,296,1955,2626,2360,1727,5302,2039,402,731,1707,1075,970,2311,448,2797,1723,2983,496,2638,1922,2254,981
06-18-2020,538,952,183,694,2738,983,2530,1124,1409,924,377,2474,37,1949,1765,474,3327,1980,84,2001,1035,370,2618,1062,1916,551,626,1639,301,2758,720,1405,566,1230,4564,189,1888,640,1746,276,168,1041,76871,30977,1300,57,6927,320,1692,2146,1096,1940,772,672,952,1345,1457,4495,2023,9426,1114,323,1969,2665,2333,1722,5334,2046,436,789,1584,1062,991,2383,443,2816,1718,2941,481,2614,1997,2203,978
06-19-2020,555,919,174,732,2735,1019,2507,1113,1420,867,394,2591,31,1956,1820,486,3410,1784,77,1989,1011,362,2636,1098,1853,556,680,1668,329,2827,741,1470,566,1218,4624,215,1798,272,1747,283,147,1039,75956,30526,1319,57,6860,328,1717,2124,1145,1894,753,587,868,1376,1458,4278,1891,8770,1135,347,2020,2670,2308,1797,5377,1999,468,834,1469,1098,991,2469,404,2776,1682,2971,440,2570,2079,2081,999
06-20-2020,553,909,225,761,2708,1023,2474,1104,1432,877,406,2518,33,1943,1854,464,3479,1624,74,2013,1019,364,2627,1142,1824,563,701,1662,365,2962,761,1504,570,1171,4673,229,1812,162,1690,297,79,1091,74864,29946,1317,62,6801,337,1754,2145,1194,1895,738,523,866,1417,1499,4278,1807,8187,1131,393,2001,2699,2284,1815,5297,2004,501,874,1324,1056,1010,2582,374,2728,1631,2991,426,2589,2150,1926,988
06-21-2020,542,962,243,813,2749,1054,2508,1160,1482,884,427,2660,29,1980,1904,488,3596,1706,77,2057,1041,369,2677,1182,1881,587,738,1672,409,3099,771,1561,596,1196,4814,250,1875,167,1679,315,104,1105,74793,29288,1386,62,6957,348,1808,2194,1257,1900,769,584,907,1443,1590,4335,1840,7892,1182,423,2037,2791,2281,1884,5366,2016,536,924,1351,1122,1038,2703,386,2724,1646,3049,415,2745,2288,1920,1047
06-22-2020,555,985,252,852,2807,1085,2556,1226,1483,898,446,2808,27,2030,1960,500,3710,1723,78,2041,1070,379,2630,1196,1960,620,811,1730,438,3259,785,1614,618,1216,4810,281,1936,199,1711,331,132,1155,74727,28556,1387,62,7135,362,1868,2280,1333,1948,819,615,963,1505,1665,4387,1879,7896,1192,463,2063,2881,2324,1957,5492,2047,573,980,1415,1177,1073,2853,391,2773,1655,3140,409,2854,2382,1949,1089
06-23-2020,567,946,276,862,2726,1057,2511,1183,1525,856,440,2998,22,2049,1986,461,3733,1643,67,1809,1015,366,2492,1206,1980,625,805,1751,398,3428,723,1643,612,1217,4650,279,1920,108,1502,317,58,1155,73204,27883,1412,62,6921,374,1884,2279,1306,1813,768,522,875,1540,1659,4343,1736,7860,1206,464,2089,2840,2316,1933,5264,2002,608,1022,1272,1125,1071,2969,373,2585,1674,3134,407,2588,2482,1779,1071
06-24-2020,539,953,276,886,2662,1043,2476,975,1551,851,450,2855,12,1998,1590,469,3818,1586,67,1762,979,345,2379,1276,1993,633,794,1715,391,3567,717,1652,588,1181,4681,292,1926,42,1432,308,4,1112,71981,26976,1432,60,6509,376,1899,2244,1343,1707,781,410,835,1505,1654,4202,1645,7397,1178,513,2044,2845,2253,1926,5163,1948,643,1046,1112,1136,1080,3055,338,2492,1630,3078,392,2377,2553,1644,1090
06-25-2020,551,977,296,910,2660,1058,2460,1031,1564,888,457,2872,12,2010,1656,475,3967,1648,71,1733,980,357,2353,1231,2014,667,794,1757,424,3817,693,1678,612,1210,4775,314,1975,38,1384,312,-13,1139,71928,26019,1359,60,6636,382,1961,2318,1358,1692,827,456,807,1491,1711,4196,1673,7010,1181,544,2075,2928,2268,1975,5106,1973,678,1092,1112,1177,1104,3076,354,2548,1642,3099,404,2555,2669,1650,1096
06-26-2020,551,969,292,896,2685,1046,2370,1008,1615,894,466,3014,12,2025,1703,470,4034,1602,70,1705,985,358,2340,1245,2037,682,796,1823,434,3934,679,1720,633,1161,4823,321,2008,68,1392,315,16,1132,70719,24906,1360,58,6465,388,1968,2267,1360,1684,860,387,802,1465,1707,4008,1659,6791,1184,582,2086,2927,2239,1963,5006,1973,695,1132,1030,1176,1127,3081,350,2607,1628,3134,399,2638,2766,1646,1090
06-27-2020,552,1025,314,911,2712,1054,2359,1022,1620,908,476,3112,12,2057,1742,477,4190,1603,67,1705,975,379,2344,1261,2078,687,822,1887,446,3982,672,1642,625,1164,4896,313,2011,100,1401,318,47,1152,69597,23839,1392,64,6215,383,1961,2282,1390,1670,906,263,790,1386,1677,3843,1656,6242,1203,601,2047,2915,2166,1987,4994,1946,730,1153,983,1084,1139,3111,343,2585,1610,3162,392,2781,2818,1643,1049
06-28-2020,544,1073,341,940,2766,1079,2396,1078,1640,910,492,3209,12,2081,1721,484,4287,1669,71,1612,983,399,2386,1249,2053,746,857,1912,475,4162,660,1717,648,1168,4968,339,2076,138,1388,344,67,1179,69238,22839,1471,64,6350,397,2011,2310,1452,1700,964,285,832,1448,1734,3821,1698,5840,1239,497,2056,2988,2171,2062,4992,1908,768,1170,1010,1132,1190,3230,364,2640,1649,3243,402,2961,2874,1661,1087
06-29-2020,544,1112,338,969,2851,1096,2427,1128,1698,902,506,3295,12,2112,1720,503,4453,1709,74,1609,990,417,2422,1247,2054,772,900,1978,507,4322,659,1777,669,1212,5006,332,2097,186,1405,371,89,1175,68990,22072,1566,64,6391,412,2058,2391,1519,1715,1033,342,880,1496,1783,3881,1737,5793,1283,496,2098,3085,2196,2118,5114,1887,808,1220,1060,1163,1245,3263,384,2729,1678,3329,415,3140,3013,1681,1143
06-30-2020,582,1063,365,910,2810,1108,2348,1029,1751,904,498,3414,8,2145,1691,521,4522,1724,74,1571,924,406,2384,1216,2056,773,919,2031,517,4402,657,1780,660,1200,4957,358,2071,219,1405,399,112,1168,67405,21443,1667,66,6186,414,2063,2393,1580,1629,1086,268,912,1517,1751,3742,1672,5761,1232,468,2067,3057,2173,2081,5238,1828,841,1161,1077,1089,1258,3334,376,2738,1574,3383,409,3264,3165,1572,1058
07-01-2020,581,1051,374,896,2698,1129,2283,905,1748,910,505,3481,7,2182,1701,534,4620,1749,70,1320,902,433,2337,1254,2095,758,926,2089,533,4501,566,1699,623,1172,4779,341,1980,262,1391,426,137,1154,66185,20913,1739,69,6098,419,2068,2368,1648,1570,920,134,937,1463,1772,3476,1570,5132,1202,490,2039,2952,2141,2078,5333,1823,873,1159,998,979,1244,3385,356,2690,1506,3352,391,3387,3310,1440,1012
07-02-2020,604,1105,430,910,2740,1153,2288,932,1750,913,515,3555,7,2221,1683,545,4783,1811,72,1273,896,619,2383,1192,2056,787,947,2157,559,4664,527,1698,636,1196,4527,378,1961,313,1421,408,162,1137,65753,20470,1860,69,6105,432,2105,2362,1722,1602,970,206,923,1506,1761,3493,1587,4496,1199,514,2083,3032,2143,2138,5428,1836,902,1158,917,1022,1271,3391,374,2742,1534,3410,405,3529,3478,1427,1018
07-03-2020,611,1090,448,883,2718,1167,2278,858,1780,901,526,3614,7,2259,1642,557,4853,1777,72,1200,866,733,2324,1140,2042,789,982,2238,583,4746,534,1673,612,1167,4462,357,1897,360,1398,411,180,1108,64787,20165,1982,89,6078,444,2127,2325,1754,1513,958,260,849,1511,1662,3310,1524,4223,1086,537,2020,3021,2124,2111,5449,1809,917,1157,949,968,1285,3443,362,2722,1452,3383,401,3358,3616,1334,1034
07-04-2020,615,1077,460,893,2741,1189,2263,765,1756,887,524,3657,5,2295,1624,575,4960,1803,70,1151,837,756,2197,1177,1982,791,1011,2302,607,4813,509,1670,590,1159,4368,387,1850,404,1344,411,201,1118,63822,19974,2052,91,6004,458,2076,2248,1763,1421,1027,312,900,1488,1599,3125,1439,4212,1057,561,2000,3051,2118,1756,5451,1720,940,1165,979,913,1306,3260,345,2714,1354,3350,401,3237,3728,1224,991
07-05-2020,609,1142,481,917,2840,1224,2271,798,1729,882,536,3651,5,2338,1617,591,5175,1869,70,1134,853,780,2247,1138,1949,820,1050,2386,649,4906,446,1688,604,1184,4404,418,1877,452,1379,409,223,1142,63887,19758,2178,112,6194,471,2112,2322,1830,1461,1076,374,949,1539,1644,3113,1459,4197,1042,593,2105,3137,2106,1807,5567,1725,972,1187,1015,913,1351,3283,363,2759,1370,3433,391,3353,3876,1231,1005
07-06-2020,605,1229,471,936,2932,1261,2286,833,1759,895,548,3751,4,2385,1604,603,5349,1922,73,1119,853,803,2269,1041,1958,831,1072,2445,615,5042,448,1755,624,1226,4409,449,1920,504,1413,405,247,1147,63918,19644,2313,118,6249,484,2140,2350,1876,1502,1129,440,987,1603,1616,3156,1489,4253,999,629,2215,3222,2134,1885,5730,1740,1002,1185,1056,936,1401,3274,381,2826,1386,3504,400,3461,4053,1249,1026
07-07-2020,585,1279,473,923,2954,1289,2221,731,1789,864,550,3758,4,2425,1562,613,5153,1942,75,1043,807,778,2197,1026,1865,827,1118,2507,559,5103,466,1809,631,1118,4255,489,1808,547,1332,409,269,1124,62457,19366,2440,115,6147,487,2120,2304,1843,1444,1112,477,1007,1603,1577,3042,1422,4298,890,650,2252,3208,2127,1962,5665,1652,1023,1183,1083,857,1418,3222,327,2791,1314,3504,366,3295,4205,1127,975
07-08-2020,552,1352,486,922,2935,1267,2117,687,1759,862,551,3794,4,2467,1526,626,5298,1926,76,1004,779,785,2112,1013,1831,851,1131,2482,508,5145,438,1857,608,965,4065,518,1793,588,1322,397,290,1094,61855,19196,2553,128,5903,497,2089,2200,1853,1361,1148,522,984,1521,1479,2818,1363,4353,834,667,2241,3196,2108,2042,5643,1636,1046,1184,1106,848,1444,3228,323,2781,1278,3449,344,3062,4339,1043,933
07-09-2020,547,1495,499,904,2879,1256,2000,601,1722,862,546,3651,5,2507,1455,645,5299,1920,79,944,769,794,2049,1022,1732,841,1165,2466,534,5169,400,1869,605,928,3861,567,1788,630,1302,418,313,1084,61218,19007,2658,135,5807,508,2036,2127,1824,1332,1147,511,935,1436,1443,2679,1308,4427,739,721,2179,3234,2069,2109,5681,1550,1070,1179,1129,744,1448,3248,304,2716,1175,3370,346,2939,4448,985,877
07-10-2020,520,1621,496,905,2873,1248,1888,560,1679,849,550,3685,6,2543,1396,667,5396,1966,80,833,765,821,1964,992,1710,860,1203,2516,539,5186,393,1844,616,932,3708,612,1790,672,1293,421,332,1067,60820,18816,2770,147,5668,495,2003,2041,1848,1309,1189,477,881,1393,1369,2617,1189,4550,676,768,2156,3254,2055,2090,5667,1534,1081,1211,1152,676,1478,3271,304,2659,1091,3356,352,2831,4565,954,869
07-11-2020,509,1739,520,915,2480,1238,1894,523,1653,843,555,3684,6,2570,1342,685,5389,1943,65,782,755,845,1866,1008,1661,852,1231,2552,529,5177,387,1856,605,901,3619,666,1764,708,1292,424,351,1056,60467,18674,2890,147,5532,487,1798,1933,1897,1313,1195,493,921,1304,1319,2513,1090,4623,653,797,2179,3241,2039,1979,5639,1499,1037,1251,1169,641,1501,3305,324,2640,999,3312,360,2605,4718,895,848
07-12-2020,494,1936,504,947,2348,1245,1908,538,1609,840,565,3742,6,2600,1294,707,5510,2005,72,756,765,879,1904,1044,1680,830,1257,2620,572,5252,391,1901,624,950,3576,723,1776,746,1324,437,378,1059,60654,18543,3049,172,5652,485,1782,1968,1967,1349,1274,522,967,1328,1293,2490,1113,4734,649,863,2222,3322,2022,2074,5856,1522,1066,1278,1188,671,1538,3338,368,2744,1007,3401,385,2672,4870,912,886
07-13-2020,504,2137,531,971,2473,1255,1933,551,1651,847,570,3773,6,2635,1250,723,5660,2042,76,742,777,900,1929,1004,1668,841,1244,2715,607,5333,413,1953,635,998,3585,772,1789,784,1348,428,405,1081,60907,18400,3205,207,5768,489,1798,2041,2014,1382,1352,556,1012,1372,1318,2562,1144,4850,604,922,2283,3401,2032,2138,6000,1547,1098,1310,1219,693,1597,3373,413,2843,1051,3463,410,2759,5050,947,888
07-14-2020,476,2216,497,964,2558,1234,1819,589,1670,804,552,3832,4,2665,1212,728,5670,1942,79,550,774,861,1758,913,1569,825,1233,2795,600,5369,416,1976,610,1003,3395,816,1771,816,1281,438,420,1073,60471,18214,3314,208,5587,486,1702,1990,2046,1360,1346,541,959,1275,1265,2464,1098,4906,549,965,2287,3372,2023,2076,5877,1472,1097,1349,1233,579,1582,3276,435,2823,947,3432,403,2687,5037,889,837
07-15-2020,434,2344,488,963,2558,1175,1803,542,1661,778,560,3864,3,2698,1164,744,5300,1617,82,432,779,881,1637,854,1541,799,1213,2798,587,5367,375,1933,606,946,3247,821,1704,846,1212,443,425,1062,59226,18024,3409,210,5429,480,1659,1899,2056,1364,1225,568,903,1213,1230,2396,1009,4984,511,1004,2263,3363,2002,2112,5846,1346,1098,1377,1249,504,1578,3129,467,2733,839,3373,418,2652,4980,821,834
07-16-2020,424,2383,481,939,2438,1163,1795,470,1643,773,556,3919,3,2727,1078,764,5147,1603,86,456,752,918,1641,760,1535,769,1215,2781,552,5318,328,1892,610,952,3059,828,1675,876,1126,448,448,1059,58588,17828,3500,209,5346,495,1629,1794,2119,1364,1245,585,886,1231,1193,2325,938,5069,471,1060,2250,3385,1999,2115,5868,1297,1068,1430,1258,456,1577,3008,498,2716,736,3331,435,2658,4995,749,797
07-17-2020,428,2468,490,910,2287,1161,1602,426,1629,781,568,4050,3,2755,1031,789,5047,1597,86,460,712,946,1625,738,1530,774,1196,2777,526,5233,310,1863,616,950,2810,854,1670,894,1065,421,465,1058,58468,17635,3603,210,5343,510,1586,1817,2153,1348,1306,605,892,1265,1156,2291,874,5127,427,1115,2241,3393,1981,2121,5824,1253,1066,1453,1266,411,1562,2970,527,2702,676,3279,436,2494,4928,721,792
07-18-2020,437,2521,475,896,2131,1158,1602,370,1606,795,579,4095,2,2782,940,810,5006,1580,90,457,718,895,1546,748,1494,772,1179,2840,517,4987,280,1823,610,943,2632,883,1647,922,990,400,485,1069,58489,17476,3687,211,5244,524,1536,1782,2141,1343,1375,629,869,1293,1122,2259,825,5177,401,1163,2248,3409,1954,2199,5735,1238,1032,1467,1271,388,1570,2917,531,2701,632,3324,428,2387,4990,687,712
07-19-2020,447,2614,474,904,2198,1173,1657,394,1587,815,590,4190,2,2803,885,829,5167,1633,88,455,730,899,1533,757,1521,811,1201,2838,527,4987,245,1881,617,965,2614,912,1680,959,1011,396,514,1081,58707,17318,3836,212,5373,540,1550,1761,2204,1371,1468,651,940,1327,1150,2327,857,5252,418,1222,2285,3484,1971,2292,5810,1246,1056,1484,1275,411,1622,2807,569,2813,570,3389,448,2460,5109,719,713
07-20-2020,458,2701,501,904,2257,1151,1690,422,1583,840,590,4288,4,2830,838,839,5276,1672,89,449,743,867,1544,766,1543,828,1220,2929,535,5050,283,1962,644,1011,2581,939,1712,1004,1026,383,541,1099,58891,17250,3998,214,5481,556,1563,1812,2269,1392,1560,686,1005,1391,1155,2425,884,5309,420,1264,2311,3552,1987,2379,5736,1279,1072,1499,1270,434,1704,2783,604,2887,608,3473,466,2482,5042,750,725
07-21-2020,465,2660,498,856,2174,1085,1668,412,1565,834,595,4236,4,2855,794,781,5119,1607,79,444,414,842,1480,693,1501,830,1236,2982,483,4889,274,1913,629,990,2261,930,1636,1031,1014,388,541,1079,58623,17059,4090,208,5426,568,1527,1812,2263,1350,1566,701,982,1413,1144,2318,798,5378,359,1299,2300,3556,1953,2407,5549,1195,1052,1547,1265,450,1789,2694,596,2830,510,3503,455,2458,5003,680,639
07-22-2020,475,2545,476,846,1871,1062,1642,359,1521,827,601,4215,4,2872,744,752,5082,1581,76,442,412,859,1402,652,1504,812,1235,3028,461,4599,187,1863,625,947,1968,905,1585,1055,990,385,534,1073,58074,16939,4087,205,5208,576,1442,1832,2251,1309,1510,712,1025,1422,1109,2298,685,5441,320,1343,2266,3526,1927,2392,5353,1160,1033,1541,1255,467,1598,2627,560,2782,443,3493,453,2350,4832,598,597
07-23-2020,478,2375,466,788,1712,991,1667,304,1455,798,607,4229,6,2894,704,748,5017,1593,68,435,411,790,1361,581,1484,827,1217,2924,448,4482,117,1836,592,928,1698,907,1578,1076,940,380,529,1063,58215,16832,4082,202,5108,589,1437,1829,2226,1290,1486,733,1070,1447,1097,2257,560,5505,309,1376,2204,3520,1905,2411,5155,1154,993,1533,1245,481,1532,2565,553,2659,362,3482,450,2323,4726,600,545
07-24-2020,500,2268,470,759,1518,950,1698,261,1444,793,614,4243,5,2904,691,701,4962,1530,68,428,414,774,1306,495,1453,827,1203,2822,430,4265,61,1775,589,935,1437,873,1549,1096,922,381,520,1056,58387,16637,4176,200,5033,580,1303,1811,2206,1264,1482,757,1122,1468,1127,2239,459,5566,272,1425,2176,3511,1869,2474,4945,1142,983,1518,1241,492,1479,2432,517,2512,260,3497,437,2221,4415,602,518
07-25-2020,504,2011,481,750,1440,922,1690,213,1438,801,626,4233,6,2917,677,687,4933,1504,71,422,424,770,1279,511,1462,844,1149,2826,426,4107,5,1703,599,935,1258,823,1492,1119,905,379,521,1049,58460,16516,4084,202,4824,468,1271,1794,2050,1240,1472,764,1176,1465,1093,2218,330,5635,254,1414,2108,3548,1847,2490,4769,1143,973,1509,1236,498,1416,2328,489,2482,207,3494,414,2123,4306,604,470
07-26-2020,525,2043,468,780,1466,933,1720,217,1432,810,641,4337,6,2916,652,691,5075,1530,66,419,439,786,1297,535,1477,886,1207,2820,437,4063,50,1748,643,980,1264,825,1522,1162,919,364,544,1058,58828,16433,4170,202,4972,477,1287,1857,2153,1260,1558,792,1235,1481,1121,2329,344,5722,239,1447,2138,3615,1825,2568,4879,1173,1005,1494,1230,524,1454,2301,506,2579,227,3577,385,2204,4207,633,468
07-27-2020,552,2077,476,780,1521,958,1725,247,1436,809,644,4462,5,2927,632,715,5156,1551,69,413,454,714,1309,463,1424,905,1227,2792,445,4119,105,1787,658,1052,1238,830,1550,1203,930,374,565,1057,59245,16259,4284,202,5115,492,1303,1897,2264,1290,1646,826,1296,1499,1156,2398,368,5809,262,1472,2155,3690,1799,2630,4983,1203,1035,1483,1225,549,1516,2263,514,2672,252,3656,394,2281,4216,667,475
07-28-2020,579,1943,466,747,1358,940,1655,276,1447,788,644,4488,5,2942,650,687,4858,1511,67,406,455,690,1255,368,1316,877,1182,2776,413,4002,126,1541,662,1058,990,764,1469,1232,930,347,547,1049,59082,16131,4246,193,4930,479,1296,1812,2348,1279,1619,846,1352,1473,1137,2348,382,5873,288,1469,1995,3686,1714,2625,4680,1136,1043,1464,1216,574,1428,2154,512,2672,262,3599,402,2224,3936,657,400
07-29-2020,589,1877,447,735,1313,904,1635,307,1447,768,650,4551,3,2955,628,671,4816,1381,66,398,456,704,1233,312,1321,872,1184,2782,379,3864,165,1353,656,1046,988,695,1458,1246,932,351,525,1042,59115,16005,4179,186,4545,460,1285,1700,2418,1236,1541,853,1361,1431,1106,2320,392,5940,323,1499,1943,3683,1620,2594,4271,1128,1040,1463,1205,587,1376,2086,440,2641,272,3583,379,2128,3590,659,367
07-30-2020,613,1756,447,732,1243,892,1581,335,1442,729,657,4553,3,2963,604,675,4741,1320,69,391,463,668,1221,323,1280,864,1135,2767,342,3582,196,1291,528,1060,1049,647,1439,1268,882,338,520,1034,58310,15829,4076,191,4190,443,1176,1593,2399,1230,1490,865,1418,1464,1104,2304,404,5987,353,1528,1862,3703,1533,2578,3733,1139,1048,1464,1194,606,1358,2015,419,2649,275,3543,394,2009,3196,669,349
07-31-2020,615,1850,419,719,906,895,1550,358,1416,726,665,4418,3,2955,592,650,4649,1280,56,387,469,638,1204,333,1249,873,1099,2760,313,3415,251,1223,503,1022,1104,606,1379,1291,881,338,523,1027,57731,15690,3953,191,3929,379,1141,1474,2400,1243,1505,868,1431,1491,1110,2334,419,6048,381,1528,1771,3705,1453,2585,3331,1098,1021,1463,1184,618,1217,1922,417,2587,284,3515,413,1953,2916,661,335
08-01-2020,625,1917,413,701,682,905,1578,386,1366,720,671,4380,3,2928,575,671,4593,1230,53,384,484,622,1172,335,1256,870,1097,2747,307,3318,289,1195,471,986,1196,572,1381,1317,882,339,501,1010,56995,15663,3882,191,3645,384,1113,1380,2370,1202,1497,874,1458,1512,1108,2329,434,6104,406,1527,1711,3679,1407,2570,2830,1099,1050,1449,1171,631,1088,1872,377,2567,292,3529,428,1885,2753,652,298
08-02-2020,646,1942,428,713,702,913,1592,428,1321,741,662,4431,5,2898,567,669,4721,1248,54,378,502,619,1187,358,1268,902,1107,2697,327,3273,336,1201,483,1051,1305,604,1411,1356,895,360,515,1037,56886,15615,3939,187,3683,395,1136,1386,2472,1228,1557,899,1510,1547,1143,2433,458,6177,451,1452,1719,3724,1369,2615,2868,1127,1077,1442,1156,657,1130,1862,397,2642,315,3619,452,1948,2703,675,308
08-03-2020,655,2003,433,723,750,930,1619,469,1304,759,670,4535,5,2868,558,682,4793,1262,55,375,514,653,1205,364,1227,915,1141,2591,346,3239,397,1252,531,1115,1365,618,1435,1391,911,360,530,1045,56724,15577,3965,187,3747,405,1156,1402,2514,1262,1630,945,1550,1574,1180,2527,488,6256,499,1506,1756,3783,1332,2685,2953,1112,1103,1429,1146,684,1175,1846,418,2732,338,3715,471,2034,2660,707,320
08-04-2020,670,1961,405,697,545,898,1563,501,1331,732,676,4470,5,2837,546,664,4648,1260,47,371,510,621,1196,371,1208,903,1133,2539,320,3189,444,1180,549,1122,1435,599,1394,1411,882,372,492,1036,55947,15528,3781,186,3576,405,1160,1390,2455,1258,1595,951,1577,1559,1157,2476,499,6307,530,1471,1753,3790,1272,2638,3030,1106,1102,1417,1142,703,1013,1730,394,2765,349,3644,486,1958,2348,703,316
08-05-2020,679,1914,364,665,453,898,1582,541,1325,722,684,4430,5,2803,527,534,4416,1215,49,369,515,676,1187,381,1187,906,1152,2508,309,3002,466,1133,569,1133,1528,580,1389,1438,851,359,474,1035,55294,15497,3602,194,3400,410,1136,1397,2342,1269,1608,940,1600,1529,1135,2487,515,6408,574,1458,1663,3777,1249,2637,3113,1106,1105,1402,1125,717,945,1614,376,2748,361,3647,500,1914,1980,689,298
08-06-2020,678,1843,357,641,483,884,1580,585,1321,714,689,4381,8,2772,517,522,4196,1190,52,363,524,698,1196,388,1155,935,1156,2500,297,2821,502,1046,591,1141,1581,534,1336,1453,836,353,470,1035,54711,15466,3479,194,3212,409,1104,1411,2204,1239,1576,940,1616,1517,1067,2469,525,6467,617,1438,1642,3786,1234,2644,3194,1103,1083,1397,1112,723,862,1583,362,2798,367,3600,520,1879,1733,656,276
08-07-2020,655,1772,336,569,505,867,1581,627,1313,689,691,4350,9,2738,516,527,4110,1169,51,356,531,712,1203,405,1110,933,1183,2493,284,2560,550,1026,608,1159,1653,506,1293,1469,821,337,453,1044,54032,15430,3387,194,3053,407,1084,1420,2167,1230,1567,892,1628,1532,1062,2398,537,6513,649,1462,1646,3808,1194,2655,3276,1096,1074,1384,1097,728,802,1472,359,2724,380,3552,542,1824,1495,601,285
08-08-2020,646,1718,318,561,525,857,1593,663,1314,664,688,4318,10,2703,516,548,4009,1166,51,350,539,757,1205,412,1103,931,1192,2489,288,2341,596,1026,637,1180,1738,477,1271,1477,818,342,453,1059,53431,15398,3333,197,2876,398,1073,1431,2177,1211,1537,811,1648,1579,1048,2379,551,6575,687,1506,1620,3816,1169,2641,3363,1075,1071,1372,1088,739,776,1288,365,2751,395,3522,511,1741,1315,574,293
08-09-2020,666,1768,323,574,593,878,1628,709,1322,690,693,4383,12,2666,525,521,4120,1170,54,341,551,802,1220,427,1115,955,1284,2485,305,2352,643,1075,680,1095,1841,496,1226,1494,831,346,463,1059,53305,15370,3349,194,2905,404,1085,1443,2268,1239,1605,747,1683,1605,1068,2467,579,6699,729,1558,1666,3892,1161,2750,3460,1092,1095,1363,1078,765,793,1275,392,2820,412,3601,479,1824,1264,605,286
08-10-2020,655,1803,317,562,646,898,1662,759,1345,708,695,4388,12,2629,529,535,4177,1196,57,337,569,840,1238,437,1127,961,1299,2482,316,2363,688,1115,738,1148,1940,453,1250,1522,847,363,477,1063,53088,15353,3380,194,2997,396,1100,1497,2354,1283,1689,747,1714,1614,1101,2494,603,6804,777,1619,1693,3946,1161,2847,3549,1111,1125,1362,1075,791,823,1228,413,2892,431,3667,448,1900,1155,641,301
08-11-2020,617,1728,290,529,678,881,1678,799,1372,683,692,4464,10,2594,530,517,4102,1191,61,332,572,824,1212,442,1112,937,1325,2404,304,2369,713,1104,741,1175,1988,390,1188,1522,819,386,452,1077,52725,15344,3266,194,2955,376,1088,1418,2275,1287,1610,651,1738,1607,1104,2453,616,6863,805,1597,1692,3978,1129,2898,3630,1107,1125,1361,1061,803,663,971,414,2912,439,3626,431,1864,998,648,266
08-12-2020,570,1645,272,489,726,849,1607,771,1379,625,695,4422,10,2506,532,523,4011,1222,55,329,575,857,1211,449,1016,908,1361,2300,283,2384,754,1088,739,1190,2034,374,1162,1528,764,394,450,1082,52314,15276,3165,193,2879,340,1070,1331,2242,1339,1569,570,1758,1587,1089,2337,631,6919,836,1606,1679,3953,1116,2829,3705,1030,1111,1381,1050,821,520,924,413,2889,447,3628,394,1788,855,639,250
08-13-2020,554,1627,245,435,755,838,1386,788,1394,584,700,4404,10,2368,528,473,3937,1201,57,326,582,893,1205,458,998,905,1362,2219,265,2425,792,1086,782,1237,2088,369,1119,1537,665,392,446,1082,52208,15270,3080,191,2764,346,1072,1226,2156,1355,1535,495,1785,1563,1080,2337,643,6968,869,1612,1676,3955,1111,2852,3782,1017,1104,1367,1042,833,492,843,411,2910,452,3639,404,1718,897,643,255
08-14-2020,552,1585,241,423,805,812,1335,791,1408,560,684,4378,10,2216,536,439,3898,1194,60,320,589,890,1197,469,971,894,1391,2174,273,2310,835,1094,806,1272,2138,365,1093,1544,627,391,435,1073,51535,15264,3038,191,2722,339,1051,1127,2146,1366,1525,398,1814,1594,1083,2344,653,7033,908,1603,1664,3967,1045,2920,3857,1017,1103,1301,1034,843,353,797,410,2870,460,3666,402,1553,876,643,245
08-15-2020,534,1548,250,405,842,795,1183,786,1423,551,684,4356,8,2065,548,441,3901,1169,57,316,590,922,1170,477,888,872,1418,2163,255,2202,872,1078,838,1278,2179,346,1067,1548,572,398,426,1087,50943,15259,2965,193,2629,334,1055,1086,2108,1370,1516,323,1831,1586,1079,2282,663,7099,940,1606,1645,4003,1003,2974,3933,1020,1067,1274,1024,851,299,772,422,2901,464,3664,429,1487,842,642,237
08-16-2020,552,1601,250,402,913,812,1045,817,1429,567,691,4331,9,1900,562,454,4003,1197,60,310,613,979,1181,491,842,899,1517,2133,273,2069,916,1109,892,1344,2269,370,1061,1576,588,400,443,1068,50575,15272,3003,193,2661,344,1074,1043,2147,1396,1586,250,1865,1590,1113,2377,689,7199,980,1654,1688,4082,992,3079,4005,1042,1092,1254,1021,873,322,773,448,2969,484,3739,466,1525,891,678,250
08-17-2020,523,1653,256,404,983,829,937,859,1445,586,695,4397,9,1729,578,474,4077,1218,63,307,639,1010,1205,503,808,904,1584,2095,284,1925,965,1123,933,1412,2355,385,1087,1602,606,398,459,1076,50436,15275,3042,193,2741,355,1095,1026,2203,1425,1654,269,1871,1619,1160,2451,719,7287,1023,1701,1727,4161,993,3181,4070,1062,1116,1230,1031,898,335,776,472,3056,506,3822,495,1553,892,715,262
08-18-2020,515,1552,261,373,1035,781,850,829,1461,571,676,4335,9,1532,594,480,3950,1128,59,304,621,1010,1179,505,794,896,1583,2074,266,1850,1000,1080,910,1442,2396,384,1090,1601,561,409,459,1093,49963,15297,2890,193,2739,341,1083,1020,2183,1439,1616,253,1926,1586,1145,2442,727,7342,1052,1621,1711,4100,951,3242,4143,1036,1121,1224,1022,911,363,691,469,3054,513,3775,485,1443,833,701,251
08-19-2020,508,1523,262,383,1076,759,821,818,1448,559,670,4294,8,1309,606,435,3940,1128,51,305,559,1024,1177,512,694,876,1562,2043,225,1779,1031,1073,885,1457,2440,375,1098,1613,444,392,435,1088,49402,15309,2783,194,2555,343,1092,993,2099,1434,1583,256,1942,1596,1129,2274,739,7401,1073,1639,1690,4061,899,3284,4211,1019,1117,1172,1006,917,387,697,466,3072,522,3708,488,1387,726,707,256
08-20-2020,501,1494,245,382,1111,716,822,828,1435,553,667,4228,5,1272,620,423,3919,1100,53,304,568,1076,1156,518,625,873,1588,2013,223,1688,1072,1032,910,1474,2496,360,1126,1627,434,384,414,1084,48871,15324,2688,189,2501,353,1089,963,2002,1407,1512,258,1952,1624,1125,2200,741,7463,1098,1670,1662,4045,861,3331,4276,1020,1098,1138,982,929,415,678,453,2993,525,3598,469,1389,613,719,264
08-21-2020,497,1400,257,354,1141,705,828,807,1443,551,670,4235,5,1266,637,386,3904,1072,54,302,575,1127,1162,578,552,866,1582,1994,207,1604,1099,1034,924,1517,2530,352,1119,1629,433,371,414,1075,48389,15338,2632,193,2502,361,1084,956,1948,1397,1482,265,1967,1635,1122,2172,742,7537,1125,1687,1653,4026,837,3343,4326,965,1105,1131,970,932,436,650,461,2842,529,3560,466,1359,527,721,253
08-22-2020,495,1336,279,331,1172,637,831,797,1451,553,673,4170,5,1244,652,363,3888,1085,47,303,586,1148,1176,584,497,866,1622,1993,210,1516,1103,979,931,1507,2553,359,1107,1627,426,360,409,1074,47972,15344,2563,192,2426,366,1050,949,1870,1375,1454,274,1978,1666,1122,2137,743,7592,1145,1697,1565,4011,811,3292,4380,929,1090,1078,956,944,461,632,449,2777,532,3507,442,1356,450,720,267
08-23-2020,491,1376,302,347,1251,664,855,810,1400,592,664,4141,5,1252,668,381,3972,1109,49,294,586,1190,1198,595,516,895,1694,2053,228,1442,1120,1008,971,1496,2622,380,1132,1655,442,337,425,1076,47607,15384,2525,192,2500,382,1070,963,1907,1388,1539,281,2006,1691,1154,2214,773,7699,1176,1745,1569,4052,822,3377,4446,947,1119,1025,948,967,496,643,479,2739,557,3607,472,1427,465,758,286
08-24-2020,488,1400,308,362,1303,698,887,838,1373,620,669,4199,6,1266,686,379,4028,1139,51,298,609,1232,1228,604,530,912,1729,2087,246,1399,1182,1048,1023,1531,2688,404,1166,1682,460,292,441,1101,47359,15399,2578,190,2580,398,1090,961,1918,1423,1600,314,2037,1720,1204,2323,802,7816,1213,1786,1642,4120,820,3490,4505,954,1148,1039,956,989,539,666,508,2822,580,3630,505,1495,467,773,302
08-25-2020,485,1292,296,283,1292,608,893,809,1398,618,651,4185,5,1280,710,384,3893,1129,55,302,558,1202,1155,610,540,916,1762,2129,235,1312,1176,1045,1020,1549,2724,395,1090,1691,437,288,439,1092,46873,15399,2451,192,2514,401,1095,956,1865,1371,1553,322,2047,1772,1204,2137,805,7891,1225,1781,1446,4130,801,3465,4552,962,1142,1048,936,996,575,606,474,2749,583,3587,455,1431,377,770,299
08-26-2020,479,1251,297,284,1322,543,825,789,1395,632,648,4138,6,1268,731,390,3777,1116,59,308,569,1226,1095,614,560,916,1754,2101,224,1236,1174,1005,1003,1585,2760,385,1085,1693,430,294,443,1098,46113,15388,2372,196,2482,403,1107,951,1775,1364,1470,327,2063,1688,1224,2023,810,7979,1248,1773,1422,4148,766,3479,4602,945,1128,994,923,998,605,580,461,2681,592,3564,432,1356,352,775,315
08-27-2020,479,1241,310,288,1351,475,802,726,1396,641,646,4113,7,1270,748,393,3719,1127,46,313,540,1269,1070,618,578,840,1780,2080,225,1193,1183,927,1001,1600,2783,385,1014,1690,413,286,444,1104,45303,15390,2304,198,2425,422,1087,951,1704,1326,1399,341,2077,1714,1224,1973,812,8081,1261,1725,1395,4137,759,3462,4660,905,1129,956,916,994,631,577,456,2657,595,3387,414,1341,328,767,288
08-28-2020,478,1169,291,278,1385,428,798,695,1401,669,647,4098,8,1265,769,372,3679,1108,50,319,528,1312,1066,624,592,779,1780,2054,223,1144,1216,919,965,1633,2823,357,1009,1691,416,288,409,1111,44667,15405,2286,198,2328,428,1077,956,1623,1323,1307,347,2093,1699,1240,1963,816,8173,1264,1746,1406,4145,754,3441,4718,894,1133,884,894,994,654,580,460,2616,599,3340,421,1364,249,752,283
08-29-2020,473,1150,297,291,1434,293,808,655,1416,688,642,4080,6,1269,794,385,3635,1098,56,326,550,1347,1068,630,614,799,1832,2044,224,1101,1280,867,958,1647,2851,352,1006,1693,422,292,377,1122,43939,15416,2243,201,2347,429,1051,962,1579,1300,1222,366,2103,1654,1231,1969,810,8252,1275,1738,1419,4165,749,3449,4772,897,1122,862,878,996,676,575,467,2334,607,3306,412,1327,260,721,278
08-30-2020,491,1164,306,317,1515,306,840,677,1428,717,636,4133,5,1272,822,402,3672,1137,61,333,572,1410,1098,643,659,845,1927,2041,239,1075,1333,896,988,1702,2931,363,1029,1725,444,289,394,1129,43719,15472,2280,201,2442,450,1074,967,1617,1335,1237,402,2120,1664,1204,2035,840,8365,1306,1769,1466,4224,748,3557,4837,917,1150,848,867,1008,696,596,484,2379,635,3390,447,1426,285,752,307
08-31-2020,475,1182,294,331,1557,324,872,722,1458,770,636,4189,5,1278,852,429,3736,1169,67,343,587,1542,1118,653,708,877,1997,2066,255,1055,1398,903,1011,1756,2977,360,1054,1757,475,300,410,1137,43476,15513,2316,200,2560,471,1095,973,1651,1342,1233,460,2173,1689,1227,2115,866,8457,1341,1803,1536,4305,747,3679,4896,933,1178,941,862,1030,737,592,513,2462,649,3427,477,1500,329,785,311
09-01-2020,472,1153,280,332,1564,278,890,670,1482,785,629,4187,6,1284,877,415,3670,1158,60,354,550,1551,1095,655,738,861,1976,2057,246,1018,1455,864,984,1796,2986,354,1012,1760,463,310,410,1145,42844,15454,2276,200,2532,457,1085,929,1504,1350,1112,479,2171,1617,1173,2098,868,8537,1355,1823,1536,4324,748,3708,4956,863,1146,968,847,1037,773,569,510,2231,653,3374,467,1442,364,697,310
09-02-2020,480,1137,285,334,1565,251,909,620,1475,776,614,4168,6,1288,898,431,3627,1168,67,367,561,1611,1088,662,770,879,1913,2052,257,974,1507,832,967,1818,3016,354,1025,1769,482,315,396,1156,42098,15499,2301,201,2519,446,1089,908,1405,1366,1084,472,2188,1608,1167,2156,877,8599,1382,1831,1552,4358,718,3734,5060,853,1136,949,831,1046,800,566,506,2197,659,3318,445,1409,394,637,323
09-03-2020,500,1117,284,350,1570,211,934,577,1486,780,620,4153,6,1290,928,438,3576,1133,74,382,566,1655,1085,679,803,896,1832,2049,265,933,1512,808,944,1871,3035,354,1016,1772,495,314,402,1153,41618,15445,2319,201,2548,461,1062,897,1332,1359,1013,476,2204,1594,1153,2179,889,8656,1385,1828,1583,4394,716,3753,5073,855,1113,968,815,1039,823,572,534,1993,673,3280,437,1253,424,576,320
09-04-2020,486,1114,287,360,1598,185,898,559,1496,801,600,4119,3,1291,957,456,3518,1136,69,395,565,1715,1080,684,839,873,1769,2047,278,877,1565,790,955,1891,3058,353,1022,1775,499,319,412,1146,41104,15479,2339,202,2571,473,1042,894,1321,1360,989,464,2220,1571,1156,2220,899,8728,1395,1827,1614,4439,683,3729,5132,832,1094,956,797,1029,839,582,534,1880,689,3078,419,1098,460,532,347
09-05-2020,487,1090,299,371,1655,185,839,559,1507,829,596,4099,5,1297,983,488,3537,1165,77,409,586,1714,1083,693,903,887,1733,2038,287,851,1607,777,943,1923,3099,367,1032,1785,506,345,422,1149,40452,15506,2322,202,2586,481,1052,881,1322,1375,973,432,2228,1570,1153,2262,911,8808,1406,1813,1633,4439,670,3724,5191,801,1097,972,776,1048,865,593,555,1855,699,2964,400,964,493,491,368
09-06-2020,488,1124,317,405,1714,213,870,587,1505,852,596,4139,5,1298,1007,483,3606,1208,84,424,606,1787,1106,705,962,920,1818,2031,313,850,1670,814,964,1984,3177,388,1054,1819,537,375,438,1138,40096,15545,2300,204,2704,497,1077,879,1371,1407,1010,490,2274,1576,1174,2390,944,8915,1436,1848,1725,4519,683,3822,5258,824,1122,979,775,1069,906,577,606,1882,725,2982,432,921,542,518,395
09-07-2020,488,1164,332,435,1792,245,888,625,1498,885,599,4197,5,1306,1033,519,3619,1244,91,443,631,1864,1130,718,1027,939,1880,2026,340,801,1732,828,1008,2053,3270,409,1078,1855,567,402,454,1123,39890,15590,2360,205,2822,522,1101,881,1420,1444,1070,578,2293,1597,1199,2504,975,9046,1486,1876,1827,4600,686,3933,5320,841,1147,1004,775,1089,952,604,654,1979,753,2903,470,1030,581,551,418
09-08-2020,494,1131,317,432,1803,186,799,638,1507,883,589,4231,5,1305,1061,542,3465,1177,85,463,596,1866,1110,729,1090,917,1761,2020,349,757,1778,821,988,2075,3286,366,1070,1884,562,417,433,1114,39319,15588,2309,205,2785,546,1107,867,1322,1427,1041,636,2294,1548,1179,2561,986,9113,1503,1817,1847,4633,678,3909,5379,821,1136,1041,762,1105,975,581,668,1890,762,2387,439,864,616,493,428
09-09-2020,495,1165,324,389,1811,51,732,609,1508,864,579,4098,5,1300,1084,558,3426,1199,93,486,602,1928,1100,737,1127,942,1761,2082,370,726,1773,790,995,2122,3297,378,1066,1886,553,430,433,1123,38611,15607,2289,206,2770,562,1112,861,1267,1428,1000,701,2319,1545,1165,2637,993,9198,1521,1747,1856,4654,668,3840,5426,824,1137,1041,744,1104,1002,576,700,1846,770,1848,424,796,649,486,450
09-10-2020,493,1165,335,390,1742,67,548,611,1506,850,548,4052,5,1291,1107,584,3420,1218,80,507,627,1950,1096,748,1157,952,1754,2019,392,698,1807,795,1019,2159,3313,389,1072,1893,544,443,439,1138,37858,15648,2288,206,2740,579,1120,842,1249,1424,985,766,2325,1560,1175,2697,998,9285,1539,1721,1853,4639,672,3867,5479,791,1133,1045,731,1108,1022,560,739,1793,782,1685,441,774,685,453,488
09-11-2020,496,1143,353,398,1780,101,490,592,1509,841,554,3949,6,1213,1121,501,3379,1223,83,532,656,2044,1108,767,1189,945,1773,1984,409,666,1851,792,1007,2199,3335,397,1083,1903,549,459,427,1110,37291,15681,2310,208,2683,588,1124,830,1208,1422,948,816,2346,1547,1167,2762,1006,9379,1561,1705,1850,4640,654,3891,5546,795,1149,1080,717,1112,1048,570,748,1743,797,1578,451,758,720,445,511
09-12-2020,499,1116,386,405,1816,129,421,565,1525,844,544,3873,7,1200,1136,523,3382,1249,90,557,679,2042,1105,781,1224,928,1781,1969,428,649,1901,820,1011,2231,3355,410,1097,1914,558,480,439,1128,36806,15696,2241,209,2665,609,1122,821,1177,1411,943,860,2392,1517,1164,2816,1018,9454,1587,1678,1891,4642,647,3837,5604,798,1141,1112,696,1119,1070,563,762,1748,811,1505,458,747,752,403,548
09-13-2020,495,1146,407,429,1912,158,443,523,1544,851,544,3897,8,1219,1154,563,3437,1291,85,585,711,2073,1141,803,1280,948,1873,2013,453,648,1960,876,1053,2295,3445,427,1114,1951,587,494,452,1095,36542,15701,2300,209,2739,635,1140,843,1219,1450,1005,934,2395,1537,1193,2959,1047,9536,1635,1665,1962,4696,646,3909,5674,803,1161,1093,689,1143,1117,590,825,1874,841,1592,497,819,783,440,602
09-14-2020,498,1195,451,425,2003,193,365,559,1572,867,545,3957,8,1236,1167,566,3462,1328,91,612,742,2128,1171,821,1343,955,1882,2056,481,649,2024,929,1096,2351,3536,438,1136,1986,612,498,473,1067,36403,15704,2365,209,2852,665,1164,876,1245,1492,1072,1006,2420,1548,1212,3076,1079,9635,1690,1683,2075,4778,650,4032,5740,832,1176,1114,690,1168,1168,606,871,1993,868,1679,535,884,834,484,666
09-15-2020,498,1171,444,416,2051,219,324,564,1608,837,530,3930,9,1223,1179,577,3329,1322,98,642,735,2134,1185,830,1388,936,1831,2042,494,639,2026,927,1067,2383,3546,447,1139,1996,626,495,482,1049,36034,15672,2305,209,2901,685,1176,875,1182,1500,1038,1065,2437,1505,1174,3145,1084,9711,1715,1614,2105,4755,654,4049,5797,852,1177,1151,682,1187,1188,614,878,2009,879,1627,529,896,877,458,698
09-16-2020,496,1172,469,418,2076,246,291,540,1634,813,531,3901,9,1212,1198,594,3258,1314,101,671,745,2158,1186,844,1431,933,1891,2037,507,635,2032,925,1056,2412,3556,458,1118,2005,605,488,480,1030,35551,15700,2211,210,2862,702,1190,843,1150,1481,996,1140,2456,1459,1162,3199,1094,9788,1738,1593,2154,4751,656,4043,5860,848,1154,1139,676,1191,1215,626,878,1990,890,1582,546,895,915,440,725
09-17-2020,490,1162,493,390,2115,271,276,534,1629,812,536,3899,8,1191,1215,625,3223,1318,102,701,733,2197,1180,868,1471,940,1883,2029,508,621,2058,926,1056,2451,3574,462,1108,2024,577,516,479,1009,34949,15701,2216,210,2895,727,1211,792,1100,1480,982,1162,2478,1451,1143,3215,1104,9868,1761,1572,2206,4757,645,4057,5911,839,1137,1167,673,1196,1247,647,881,1978,901,1533,532,881,961,429,756
09-18-2020,493,1162,520,392,2177,291,244,575,1608,844,542,3898,8,1164,1222,617,3154,1325,109,732,724,2242,1214,886,1510,956,1923,2035,526,612,2090,949,1055,2488,3597,458,1140,2043,570,519,481,986,34639,15706,2245,210,2909,741,1194,744,1084,1483,977,1213,2499,1452,1143,3321,1118,9951,1785,1532,2217,4756,643,4051,5968,840,1129,1156,666,1208,1277,639,903,1861,916,1506,536,932,999,386,791
09-19-2020,491,1102,551,395,2234,312,193,630,1602,867,523,3837,8,1169,1227,650,3122,1346,120,761,756,2284,1233,907,1554,959,1975,2080,550,609,2137,959,1071,2532,3616,473,1143,2070,565,528,490,992,34534,15715,2250,210,2900,765,1207,711,1012,1488,980,1274,2520,1453,1139,3395,1135,10038,1811,1527,2168,4762,644,3975,6025,850,1031,1173,651,1219,1316,641,922,1878,931,1501,556,978,1041,337,814
09-20-2020,498,1139,605,420,2327,348,212,682,1607,917,521,3893,8,1183,1230,641,3196,1387,124,789,788,2348,1274,927,1620,965,2053,2133,565,607,2197,1021,1084,2601,3705,497,1159,2120,594,530,510,1001,34489,15724,2312,211,3027,797,1228,735,1066,1536,1049,1342,2547,1436,1179,3495,1169,10129,1865,1555,2235,4691,648,4044,6086,885,1049,1142,655,1251,1372,670,983,1983,962,1569,594,1123,1099,358,862
09-21-2020,508,1184,662,418,2424,389,242,726,1646,977,522,3956,9,1202,1242,660,3216,1430,135,816,816,2413,1311,949,1685,977,2129,2170,573,631,2263,1095,1114,2675,3793,495,1177,2172,625,532,529,986,34404,15744,2349,211,3181,831,1248,742,1114,1560,1118,1415,2574,1452,1218,3637,1204,10233,1920,1554,2327,4758,646,4168,6150,921,1070,1177,664,1286,1434,702,1054,2047,994,1651,634,1256,1158,405,917
09-22-2020,508,1147,668,429,2462,408,204,724,1688,980,518,3955,9,1204,1253,670,3103,1432,143,845,810,2444,1295,968,1736,971,2076,2181,542,684,2306,1113,1108,2721,3807,487,1170,2202,597,556,500,979,34178,15744,2300,211,3220,833,1250,712,1069,1530,1061,1486,2599,1416,1199,3673,1214,10313,1942,1539,2333,4843,655,4180,6207,880,1075,1218,652,1310,1468,725,1084,1919,1013,1615,646,1212,1205,389,938
09-23-2020,512,1065,701,418,2507,430,158,722,1693,977,523,3937,8,1198,1254,693,3023,1452,158,871,833,2420,1312,986,1783,974,2131,2196,536,731,2328,1121,1119,2763,3824,502,1181,2228,604,565,511,978,33906,15782,2289,209,3218,859,1247,690,1065,1529,1067,1529,2624,1418,1190,3708,1228,10401,1964,1545,2275,4871,670,4200,6264,881,1060,1185,646,1327,1506,747,1089,1949,1023,1637,671,1209,1255,348,958
09-24-2020,510,1019,729,401,2564,457,98,687,1710,902,521,3914,8,1194,1252,730,2936,1430,172,898,866,2400,1319,1005,1831,989,2089,2163,543,759,2381,1169,1128,2816,3844,496,1190,2256,599,571,525,981,33637,15812,2293,207,3222,885,1255,677,1030,1467,1036,1573,2650,1384,1193,3745,1244,10484,1996,1544,2263,4833,688,4204,6322,903,1041,1163,635,1341,1544,763,1085,1903,1034,1731,691,1265,1313,340,998
09-25-2020,515,1041,779,420,2614,482,28,741,1726,945,522,3883,10,1193,1250,764,2890,1463,172,925,903,2457,1361,1024,1878,1026,2181,2152,576,822,2435,1221,1152,2865,3862,515,1228,2288,619,577,543,1012,33956,15833,2351,205,3320,918,1281,662,1072,1506,1097,1619,2676,1399,1210,3838,1264,10479,2034,1574,2325,4905,705,4204,6392,929,1060,1136,634,1358,1586,753,1129,1976,1041,1771,731,1398,1377,372,1024
09-26-2020,520,1013,808,416,2681,497,66,711,1748,937,527,3906,12,1198,1250,764,2793,1477,184,952,892,2442,1361,1042,1931,1025,2243,2183,583,876,2459,1232,1157,2919,3882,514,1230,2322,597,591,529,1006,34608,15873,2313,203,3287,927,1279,647,1050,1460,1090,1676,2698,1412,1235,3868,1282,10568,2077,1579,2306,4878,699,4206,6464,923,1051,1136,621,1383,1631,764,1138,1914,1055,1741,742,1386,1453,350,1039
09-27-2020,534,1068,854,440,2796,546,103,771,1747,965,527,3918,11,1213,1249,773,2830,1524,198,981,926,2499,1410,1066,2000,1055,2368,2205,621,950,2522,1297,1194,3003,3976,537,1266,2384,631,598,543,1016,35480,15909,2359,203,3391,962,1318,673,1129,1515,1151,1754,2728,1432,1273,3974,1321,10672,2158,1610,2370,4959,719,4225,6538,962,1064,1126,623,1432,1693,792,1220,2002,1093,1821,783,1519,1546,390,1109
09-28-2020,548,1123,926,453,2911,591,140,824,1745,1003,531,3980,13,1240,1248,811,2853,1577,210,1009,972,2551,1462,1086,2064,1083,2444,2252,649,1037,2586,1358,1235,3074,4069,555,1283,2440,663,604,566,1035,36739,15964,2400,203,3547,997,1361,699,1209,1540,1206,1842,2758,1477,1305,4126,1362,10790,2221,1628,2432,5009,741,4323,6614,992,1081,1154,634,1484,1758,834,1315,2096,1127,1902,825,1635,1645,438,1164
09-29-2020,558,1104,931,429,2986,615,174,800,1760,995,513,3916,11,1248,1254,843,2777,1585,223,1039,982,2469,1468,1103,2120,1056,2510,2269,629,1121,2621,1338,1225,3134,4102,558,1273,2478,619,611,562,1043,37789,15972,2370,201,3536,1019,1384,703,1185,1482,1219,1858,2785,1438,1295,4129,1381,10885,2243,1619,2472,5026,754,4278,6683,988,1092,1189,625,1511,1802,855,1389,2071,1146,1778,805,1591,1758,451,1178
09-30-2020,556,1120,925,422,3072,628,211,828,1759,974,511,3939,11,1255,1245,883,2760,1604,232,1074,1000,2521,1494,1120,2174,1065,2503,2265,614,1201,2674,1319,1220,3190,4134,551,1298,2525,635,620,563,1048,38721,16012,2368,203,3558,1048,1411,725,1148,1457,1179,1866,2815,1424,1317,4121,1404,10997,2280,1637,2421,5000,755,4328,6756,1001,1090,1195,619,1542,1852,890,1466,2123,1167,1764,834,1603,1864,461,1216
10-01-2020,569,1145,903,416,3165,645,246,840,1757,944,511,3939,10,1254,1243,871,2696,1639,248,1107,1036,2513,1497,1136,2231,1045,2539,2285,605,1279,2690,1370,1236,3249,4167,557,1331,2574,644,628,568,1054,39910,16065,2382,201,3681,1038,1432,753,1044,1454,1180,1884,2843,1465,1332,4006,1427,11117,2319,1644,2437,5107,774,4358,6828,1002,1093,1217,613,1581,1903,924,1502,2173,1187,1700,837,1583,1971,514,1246
10-02-2020,586,1170,935,410,3266,667,281,867,1772,972,512,3936,12,1255,1232,905,2674,1660,258,1142,1057,2520,1534,1153,2289,1082,2619,2289,575,1371,2753,1354,1247,3307,4202,576,1350,2624,665,649,584,1043,41429,16115,2370,203,3609,1025,1477,793,969,1470,1130,1904,2870,1507,1356,4089,1454,11236,2359,1635,2457,5005,772,4288,6901,1031,1082,1233,603,1622,1959,902,1571,2226,1208,1672,868,1613,2080,488,1287
10-03-2020,596,1158,966,430,3378,689,319,848,1814,994,499,3957,15,1263,1235,938,2689,1683,276,1176,1069,2596,1578,1169,2350,1099,2726,2323,592,1429,2794,1344,1288,3366,4235,551,1376,2674,695,661,578,1045,43212,16182,2403,204,3730,1014,1507,815,895,1481,1091,1919,2899,1518,1383,4072,1479,11385,2402,1679,2446,5046,790,4328,6966,1058,1020,1275,590,1667,2020,906,1618,2272,1233,1700,900,1676,2191,506,1322
10-04-2020,614,1231,1014,451,3554,729,362,889,1836,1046,503,3987,16,1281,1227,975,2777,1730,299,1216,1124,2653,1635,1195,2429,1171,2872,2396,638,1523,2859,1419,1340,3444,4345,546,1407,2752,739,673,603,1042,45566,16291,2492,206,3879,1036,1560,857,987,1547,1156,1984,2938,1551,1430,4168,1527,11556,2495,1722,2478,5117,818,4409,7036,1099,1020,1312,595,1733,2104,934,1675,2347,1282,1787,948,1829,2327,556,1395
10-05-2020,629,1293,1044,459,3729,769,405,950,1871,1101,504,4028,15,1304,1225,1018,2847,1798,317,1255,1194,2705,1698,1217,2502,1186,2956,2444,636,1641,2937,1521,1398,3525,4449,596,1457,2825,783,692,627,1081,48163,16435,2554,206,4064,1069,1616,897,1052,1622,1186,2057,2983,1601,1462,4333,1573,11745,2564,1763,2518,5179,842,4487,7102,1144,1043,1398,619,1799,2190,966,1769,2428,1331,1885,994,2008,2460,609,1464
10-06-2020,645,1153,1043,425,3868,792,442,940,1931,1118,474,4044,14,1301,1223,1007,2814,1816,331,1294,1242,2739,1700,1237,2564,1177,2954,2461,636,1719,2996,1604,1431,3585,4505,599,1510,2884,791,714,628,1084,51058,16574,2582,206,4209,1075,1656,917,1081,1653,1147,2113,3011,1593,1512,4325,1605,11916,2611,1723,2542,5176,863,4529,7158,1159,1040,1504,621,1842,2261,991,1828,2477,1367,1852,1005,2021,2583,612,1518
10-07-2020,661,1163,1072,426,3997,818,480,943,1960,1141,470,4088,15,1304,1207,984,2794,1829,336,1336,1264,2706,1739,1256,2627,1214,3015,2489,626,1823,3036,1618,1461,3636,4578,560,1552,2948,817,721,621,1085,52984,16752,2599,207,4244,1109,1682,933,1092,1679,1109,2126,3048,1612,1534,4330,1637,12114,2657,1712,2554,5160,872,4515,7212,1190,1044,1542,626,1888,2334,1002,1879,2578,1400,1885,1038,2080,2704,579,1568
10-08-2020,677,1216,1083,432,4132,844,520,905,1989,1142,466,4123,17,1307,1196,1004,2807,1809,365,1378,1320,2720,1749,1283,2688,1241,3096,2529,645,1902,3078,1602,1497,3693,4655,581,1611,3009,837,730,631,1092,54911,16944,2597,204,4354,1133,1696,957,1131,1736,1076,2070,3087,1651,1557,4342,1672,12319,2709,1663,2526,5148,908,4522,7261,1210,1052,1573,629,1944,2411,1015,1890,2639,1435,1793,1037,2080,2826,532,1626
10-09-2020,688,1221,1124,436,4264,873,557,906,2011,1136,472,4123,20,1308,1183,1027,2782,1854,366,1427,1364,2711,1778,1309,2750,1291,3143,2576,657,1973,3093,1557,1522,3764,4732,566,1645,3077,836,748,643,1100,57155,17123,2634,206,4369,1150,1740,996,1171,1776,1050,2109,3118,1680,1583,4312,1714,12531,2763,1670,2552,5196,945,4518,7311,1232,1061,1613,636,2005,2491,1045,1871,2695,1467,1776,1086,2053,2948,559,1713
10-10-2020,696,1203,1167,439,4415,903,594,914,2030,1150,411,4089,20,1313,1165,1006,2819,1909,390,1477,1423,2706,1790,1334,2811,1318,3249,2653,688,2057,3158,1561,1475,3814,4819,598,1685,3145,869,765,650,1117,59924,17280,2709,212,4491,1176,1772,1044,1200,1824,1100,2141,3141,1711,1591,4262,1764,12745,2821,1705,2591,5252,990,4507,7363,1269,1087,1664,644,2071,2575,1073,1905,2754,1504,1801,1135,2019,3065,527,1799
10-11-2020,710,1290,1228,460,4658,955,635,972,2037,1225,416,4167,21,1338,1141,1020,2966,1987,412,1528,1457,2704,1872,1367,2893,1373,3395,2744,751,2185,3247,1661,1492,3895,4982,641,1739,3261,922,796,680,1129,63204,17449,2853,215,4705,1210,1825,1128,1314,1926,1196,2247,3168,1741,1647,4285,1842,12988,2946,1764,2664,5364,1054,4584,7422,1325,1114,1689,652,2168,2684,1052,1987,2879,1568,1935,1188,2030,3218,575,1939
10-12-2020,720,1341,1290,476,4895,1005,678,1042,2079,1293,421,4226,21,1372,1128,1059,3073,2057,438,1583,1447,2731,1935,1399,2967,1420,3545,2835,795,2328,3321,1801,1553,3975,5138,658,1816,3351,971,815,716,1149,66434,17683,2963,217,4930,1249,1889,1201,1429,2008,1275,2355,3215,1790,1710,4473,1924,13257,3041,1809,2761,5463,1115,4689,7485,1380,1139,1828,678,2263,2801,1093,2084,2972,1623,2057,1203,2142,3360,649,2094
10-13-2020,736,1267,1263,490,5041,1040,734,1091,2141,1262,422,4244,21,1372,1129,1098,3002,2085,462,1631,1494,2753,1942,1430,3027,1435,3590,2894,816,2388,3387,1873,1528,4035,5239,677,1855,3417,940,838,749,1167,69244,17858,3005,220,5012,1281,1919,1215,1480,2061,1340,2460,3243,1794,1734,4542,1990,13502,3109,1848,2749,5508,1157,4722,7531,1386,1127,1972,692,2335,2898,1104,2047,3049,1675,2109,1218,2155,3491,638,2176
10-14-2020,749,1188,1327,498,5186,1080,794,1149,2206,1306,424,4238,18,1379,1119,1148,3026,2136,492,1674,1552,2809,1983,1463,3090,1473,3574,2950,835,2467,3410,1932,1559,4092,5345,712,1904,3491,954,855,745,1184,71795,18035,3025,225,5079,1310,1943,1231,1560,2030,1407,2534,3274,1830,1776,4506,2057,13774,3186,1890,2740,5540,1190,4764,7563,1410,1095,2106,709,2406,2997,1111,2055,3128,1726,2130,1273,2129,3629,656,2274
10-15-2020,764,1110,1365,499,5334,1121,859,1209,2248,1333,430,4250,20,1337,1108,1163,3075,2171,497,1717,1583,2807,2016,1496,3150,1492,3609,3003,867,2594,3454,1970,1542,4150,5447,719,1957,3564,977,875,745,1200,73727,18166,2963,227,5216,1342,1979,1256,1612,2035,1488,2600,3303,1887,1807,4534,2123,14047,3263,1894,2711,5579,1248,4712,7573,1443,1031,2199,729,2483,3099,1104,2065,3186,1783,2162,1285,2121,3768,658,2364
10-16-2020,781,1034,1355,488,5481,1156,924,1286,2290,1367,429,4267,22,1354,1099,1207,3077,2204,527,1759,1516,2855,2053,1529,3207,1555,3570,3082,842,2684,3495,2015,1565,4205,5554,722,2023,3634,996,893,765,1215,76919,18345,2919,236,5218,1374,2006,1287,1658,2082,1565,2648,3340,1905,1852,4602,2182,14347,3339,1932,2661,5646,1305,4720,7562,1483,992,2300,759,2559,3199,1129,2047,3238,1838,2174,1332,2143,3905,682,2445
10-17-2020,793,951,1419,477,5634,1195,976,1272,2331,1366,432,4275,24,1343,1094,1182,3162,2226,556,1805,1543,2896,2084,1565,3264,1601,3655,3185,844,2720,3503,2032,1607,4260,5662,753,2064,3700,1004,913,796,1227,79510,18544,2955,244,5254,1400,2028,1329,1758,2120,1636,2758,3378,1940,1906,4616,2235,14645,3418,1980,2717,5675,1340,4608,7504,1526,974,2398,781,2637,3298,1160,2005,3289,1885,2221,1366,2220,4043,692,2507
10-18-2020,814,898,1476,519,5840,1259,1013,1317,2379,1390,435,4314,22,1373,1085,1179,3317,2306,558,1850,1617,2958,2160,1612,3338,1692,3814,3313,922,2842,3604,2094,1689,4342,5779,816,2160,3789,1064,919,849,1238,82414,18759,3086,252,5460,1432,2097,1418,1918,2231,1750,2885,3424,1969,1992,4783,2313,14967,3536,2046,2730,5765,1401,4726,7454,1562,978,2510,814,2745,3419,1174,2007,3412,1946,2375,1444,2421,4201,790,2697
10-19-2020,834,1018,1528,553,6041,1315,1072,1317,2466,1461,435,4393,22,1422,1069,1232,3397,2353,587,1888,1697,3007,2234,1654,3406,1756,3931,3417,984,2963,3705,2244,1769,4423,5889,889,2224,3866,1122,944,901,1248,85972,18977,3156,256,5697,1478,2156,1522,2055,2324,1840,3021,3472,2003,2081,5027,2381,15313,3641,2107,2860,5896,1453,4872,7397,1617,1012,2656,855,2838,3537,1205,2020,3576,2007,2481,1507,2563,4355,884,2796
10-20-2020,861,1047,1573,565,6230,1368,1071,1330,2599,1495,438,4345,20,1435,1043,1164,3350,2387,607,1950,1741,3061,2267,1687,3467,1766,3862,3528,985,3051,3710,2300,1806,4407,6008,897,2310,3932,1132,962,915,1253,88962,19135,3162,262,5739,1491,2191,1614,2111,2429,1909,3098,3514,1997,2162,5106,2424,15622,3744,2045,2845,5965,1489,4928,7273,1599,1023,2809,878,2907,3661,1222,1978,3603,2051,2502,1547,2585,4609,885,2840
10-21-2020,886,960,1657,588,6417,1412,999,1322,2675,1556,442,4185,18,1459,1020,1142,3280,2437,637,2020,1735,3109,2335,1723,3524,1768,3803,3596,1004,3132,3815,2367,1848,4474,6060,915,2347,3999,1121,1010,923,1259,90923,19281,3068,265,5618,1523,2217,1705,2174,2456,1974,3187,3563,2021,2228,4964,2483,15914,3864,2091,2796,6021,1552,4878,7179,1651,1036,2947,896,2979,3752,1224,1957,3676,2097,2379,1536,2577,4747,869,2922
10-22-2020,916,905,1695,605,6601,1465,905,1290,2737,1688,441,4015,18,1450,1006,1141,3297,2425,694,2064,1768,3155,2336,1757,3578,1781,3900,3604,1070,3193,3877,2367,1904,4612,6120,940,2423,4066,1129,1018,949,1263,92751,19412,3098,260,5491,1555,2232,1785,2252,2472,2025,3259,3617,2099,2309,4854,2536,16238,3976,2114,2688,6065,1566,4807,7157,1687,1039,3049,907,3053,3842,1197,1924,3702,2142,2269,1548,2514,4870,892,2866
10-23-2020,949,837,1853,648,6775,1518,823,1291,2770,1725,445,3919,20,1454,997,1182,3230,2475,757,2119,1841,3180,2348,1789,3630,1881,3953,3667,1105,3265,3950,2456,1954,4672,6174,975,2474,4148,1141,1021,953,1271,95388,19555,3151,254,5273,1568,2186,1858,2270,2572,2078,3332,3669,2180,2388,4779,2591,16561,4084,2152,2705,6140,1623,4797,7118,1735,1045,3185,911,3125,3927,1155,1919,3766,2173,2209,1565,2523,4985,886,2895
10-24-2020,978,738,1922,711,6938,1573,765,1276,2783,1791,449,4009,23,1451,976,1213,3292,2492,747,2150,1880,3157,2358,1817,3677,1942,4003,3726,1128,3339,4004,2546,1996,4735,6188,1009,2499,4224,1126,1023,951,1276,97139,19668,3241,259,5167,1613,2190,1945,2295,2630,2125,3440,3724,2260,2470,4741,2635,16836,4187,2081,2550,6216,1673,4766,7135,1737,1076,3299,933,3200,4005,1105,1894,3869,2209,2185,1597,2546,5098,889,2949
10-25-2020,1012,714,2032,735,7195,1666,827,1349,2792,1988,451,4096,23,1394,949,1263,3435,2590,788,2192,1917,3157,2437,1859,3747,2035,4158,3905,1246,3453,4144,2697,2083,4835,6259,1047,2567,4323,1118,1042,998,1281,98912,19832,3379,263,5328,1656,2256,2068,2446,2734,2240,3569,3786,2373,2580,4829,2718,17133,4341,2151,2577,6345,1757,4891,7184,1785,1115,3414,968,3320,4125,1108,1884,3988,2272,2325,1683,2595,5248,972,3038
10-26-2020,1041,766,2109,774,7449,1753,906,1440,2875,2064,456,4158,21,1414,931,1323,3516,2698,815,2251,1978,3098,2519,1897,3812,2131,4196,4080,1298,3563,4277,2897,2183,4932,6369,1109,2450,4411,1180,1057,1038,1286,101393,20001,3403,265,5614,1712,2335,2181,2590,2809,2335,3722,3847,2458,2690,5049,2784,17458,4478,2212,2666,6494,1848,5062,7276,1848,1144,3519,1017,3431,4228,1098,1861,4082,2329,2478,1749,2681,5391,1082,3234
10-27-2020,1066,697,2143,748,7631,1819,939,1379,2993,2004,463,4191,23,1373,922,1322,3416,2731,855,2311,2022,3144,2556,1922,3851,2050,4121,4209,1344,3650,4334,2937,2173,5004,6394,1126,2529,4477,1206,1074,1057,1289,102375,20113,3410,270,5662,1754,2359,2246,2687,2817,2376,3815,3904,2529,2766,5148,2825,17729,4570,2228,2551,6596,1929,5041,7247,1876,1034,3623,1057,3489,4293,1053,1834,4067,2353,2464,1723,2714,5502,1059,3302
10-28-2020,1082,688,2182,786,7814,1886,963,1391,3076,2081,469,4250,19,1390,899,1374,3496,2801,896,2371,2075,3118,2588,1945,3886,2085,4198,4353,1450,3738,4393,2942,2226,5074,6404,1144,2564,4538,1251,1085,1060,1290,102393,20229,3485,273,5733,1771,2384,2263,2832,2827,2394,3858,3969,2610,2841,5230,2862,17984,4658,2229,2498,6646,1986,4968,7211,1920,919,3707,1097,3541,4359,1004,1786,4133,2378,2552,1741,2797,5605,1063,3304
10-29-2020,1101,701,2244,814,7984,1947,980,1328,3166,1929,475,4256,25,1337,898,1389,3415,2834,935,2443,2060,3152,2606,1964,3912,1940,4066,4472,1510,3822,4458,3019,2274,5140,6397,1168,2561,4603,1277,1097,1020,1291,103453,20351,3494,291,5688,1733,2380,2273,2837,2818,2391,3857,4032,2682,2922,5320,2894,18284,4750,2252,2416,6702,2059,4911,7179,1931,878,3814,1132,3589,4421,967,1648,4105,2399,2548,1727,2679,5700,1037,3316
10-30-2020,1120,807,2259,839,8154,2008,957,1311,3262,1952,483,4275,24,1318,886,1392,3424,2894,977,2496,2115,3174,2651,1982,3936,1914,4111,4626,1607,3858,4517,3055,2339,5221,6409,1177,2592,4661,1314,1114,1005,1292,104667,20457,3507,296,5542,1730,2420,2311,2816,2816,2391,3899,4097,2772,2983,5319,2931,18632,4841,2233,2255,6672,2129,4850,7155,1951,828,3928,1163,3637,4479,949,1514,4053,2422,2546,1710,2549,5787,1013,3346
10-31-2020,1139,924,2319,884,8327,2069,960,1316,3318,1951,494,4154,23,1256,881,1367,3408,2950,1017,2552,2190,2981,2701,2000,3954,1854,4088,4787,1676,3923,4555,3170,2394,5288,6424,1196,2647,4719,1352,1123,1019,1299,105930,20564,3547,307,5513,1770,2325,2329,2839,2826,2390,3928,4156,2899,3061,5375,2959,19003,4937,2277,2223,6609,2217,4452,7137,1987,822,4007,1193,3689,4541,948,1375,4025,2428,2497,1634,2409,5866,1001,3396
11-01-2020,1149,1025,2429,983,8604,2161,933,1378,3351,2129,503,4122,25,1283,875,1368,3592,3046,1057,2599,2158,2937,2778,2039,4002,1901,4123,4998,1817,4021,4712,3337,2481,5393,6494,1233,2732,4811,1428,1133,1060,1304,107798,20692,3696,313,5742,1824,2405,2448,2812,2898,2508,3994,4223,3019,3180,5506,3022,19413,5085,2365,2281,6570,2297,4561,7126,2045,821,4128,1237,3791,4645,932,1222,4148,2470,2620,1716,2352,5996,1078,3520
11-02-2020,1168,1071,2522,1101,8846,2236,1016,1476,3406,2146,511,4083,25,1323,875,1417,3727,3156,1098,2626,2230,2794,2862,2071,4046,2001,4102,5160,1815,4115,4834,3551,2584,5483,6561,1292,2826,4873,1509,1150,1092,1313,109300,20841,3869,307,5921,1890,2494,2565,2755,3018,2536,4107,4292,3174,3297,5616,3062,19886,5182,2444,2412,6650,2402,4614,7118,2110,827,4237,1286,3864,4731,941,1121,4315,2493,2682,1802,2277,6103,1166,3680
11-03-2020,1163,1177,2573,1203,9043,2294,902,1484,3480,1963,525,3980,28,1365,885,1458,3467,3237,1154,2648,2294,2771,2838,2087,4055,2081,4003,5307,1904,4186,4889,3725,2670,5559,6579,1235,2860,4919,1501,1153,1113,1314,110740,20980,3935,313,6022,1938,2491,2596,2693,2940,2510,4187,4353,3295,3370,5623,3086,20287,5265,2518,2167,6605,2453,4501,7108,2116,831,4351,1324,3916,4786,901,1023,4207,2497,2564,1775,2176,6170,1166,3622
11-04-2020,1164,1244,2628,1299,9218,2350,799,1529,3504,2013,533,4024,30,1315,886,1491,3422,3284,1108,2686,2191,2731,2865,2102,4056,2185,3960,5427,1962,4252,4995,3711,2764,5635,6588,1221,2838,4985,1505,1157,1137,1335,112646,21114,3947,320,6104,1985,2524,2602,2735,2840,2471,4210,4411,3386,3467,5619,3103,20725,5330,2585,2059,6510,2534,4450,7095,2139,840,4471,1359,3960,4843,889,972,4174,2489,2590,1770,2059,6228,1098,3607
11-05-2020,1178,1325,2688,1420,9365,2404,872,1609,3477,2060,554,3865,32,1336,889,1523,3491,3317,1030,2719,2234,2798,2945,2120,4052,2321,4024,5502,2108,4365,5091,3916,2858,5736,6604,1208,2917,5031,1577,1172,1169,1357,114164,21272,4091,316,6292,2030,2609,2643,2913,2944,2425,4333,4485,3491,3587,5783,3116,21269,5400,2668,2031,6676,2635,4487,7092,2186,861,4500,1402,4011,4902,941,988,4351,2481,2439,1831,1954,6294,1167,3742
11-06-2020,1186,1418,2680,1499,9508,2459,769,1601,3525,1859,577,3623,34,1308,890,1554,3431,3244,1020,2741,2316,2784,2961,2136,4052,2517,4047,5632,2182,4403,5146,3929,2936,5823,6611,1205,2939,5086,1552,1168,1143,1380,116565,21424,3990,323,6373,2061,2677,2645,2737,2706,2382,4357,4538,3580,3667,5752,3132,21823,5458,2680,1914,6657,2732,4337,7079,2202,879,4613,1448,4059,4957,904,1005,4205,2469,2272,1729,1853,6355,1141,3759
11-07-2020,1185,1516,2643,1579,9636,2514,598,1471,3570,1946,601,3548,38,1304,890,1473,3329,3262,1009,2775,2416,2771,2946,2153,4052,2662,3915,5765,2216,4476,5199,4013,2989,5900,6624,1237,3025,5141,1570,1161,1157,1401,118644,21604,4022,322,6374,2080,2728,2653,2825,2637,2347,4350,4566,3661,3766,5764,3153,22377,5516,2728,1657,6603,2754,4272,7064,2072,889,4703,1485,4101,5014,802,1028,4115,2461,2136,1646,1761,6415,1072,3712
11-08-2020,1176,1665,2628,1728,9817,2604,659,1557,3591,2021,624,3280,37,1326,892,1354,3274,3332,1042,2814,2531,2758,3062,2184,4092,2816,3800,5977,2306,4582,5348,4197,3091,5981,6665,1282,3042,5252,1655,1166,1195,1423,121067,21818,3948,327,6563,2106,2829,2728,3026,2719,2362,4427,4650,3784,3893,5949,3206,23072,5614,2828,1804,6755,2856,4378,7050,2136,910,4802,1546,4222,5117,848,1094,4234,2478,2206,1709,1773,6546,1154,3840
11-09-2020,1185,1797,2612,1866,9961,2671,705,1694,3718,2075,655,3284,35,1392,902,1404,3286,3413,1075,2842,2649,2791,3109,2218,4125,3104,3687,6156,2439,4703,5511,4380,3202,6061,6723,1333,3115,5316,1726,1175,1240,1444,124579,22043,4119,326,6776,2124,2931,2846,3213,2819,2373,4530,4694,3902,3974,5930,3246,23744,5805,2935,1778,6921,2957,4553,7037,2202,933,4904,1607,4309,5209,875,1135,4392,2481,2406,1799,1755,6681,1268,3993
11-10-2020,1182,1906,2613,1971,10090,2733,718,1722,3834,2135,691,3250,37,1378,915,1394,3304,3474,1085,2881,2721,2817,3171,2238,4136,3377,3608,6291,2484,4708,5611,4502,3258,6143,6731,1200,3161,5375,1720,1179,1261,1470,126750,22218,4174,330,6673,2135,2926,2847,3326,2873,2379,4560,4717,3999,4062,5821,3271,24416,5954,2977,1787,6958,3012,4503,7022,2116,946,5016,1651,4379,5267,889,1154,4392,2483,2367,1710,1695,6757,1256,3752
11-11-2020,1188,1985,2558,1988,10195,2786,776,1679,3919,2159,728,3072,35,1356,922,1317,3331,3495,1107,2920,2792,2623,3044,2253,4131,3652,3626,6306,2521,4705,5656,4498,3262,6231,6732,916,3086,5428,1724,1170,1167,1497,127297,22407,4100,330,6433,2142,2969,2853,3344,2842,2375,4544,4742,4094,4133,5906,3275,25136,6068,2928,1785,6891,2974,4497,7007,2090,936,5093,1686,4447,5301,803,1157,4335,2485,2215,1527,1634,6816,1204,3633
11-12-2020,1193,2055,2513,2041,10295,2840,859,1541,3950,2095,765,2628,36,1300,932,1322,3338,3518,1107,2946,2857,2531,3041,2263,4128,3875,3572,6359,2629,4738,5747,4579,3286,6324,6722,763,3066,5465,1736,1155,1059,1523,129264,22633,3983,334,6364,2138,3043,2880,3367,2865,2350,4550,4764,4184,4230,5894,3274,25896,6158,2969,1769,6752,2955,4408,6994,2152,948,5184,1723,4516,5324,744,1160,4236,2480,2090,1523,1581,6870,1122,3097
11-13-2020,1201,2099,2485,2100,10379,2886,928,1558,3893,2042,807,2446,39,1252,943,1317,3361,3575,1099,2963,2896,2466,3088,2270,4114,4182,3478,6516,2691,4742,5787,4653,3357,6410,6711,646,3050,5488,1742,1110,1030,1548,130949,22885,3820,270,6335,2131,3132,2932,3445,2890,2394,4333,4791,4301,4336,5948,3261,26679,6232,3016,1732,6678,3008,4234,6983,2165,964,5251,1755,4582,5334,688,1184,4123,2482,1964,1342,1558,6936,1065,2932
11-14-2020,1202,2133,2482,2226,10455,2928,1010,1544,3884,1974,853,2369,41,1272,955,1307,3370,3661,1071,2983,3008,2466,3106,2273,4091,4505,3378,6629,2730,4712,5935,4705,3335,6502,6707,564,3104,5524,1734,1080,992,1571,132884,23143,3838,263,6347,2117,3179,2953,3539,2879,2446,4266,4804,4409,4429,5946,3256,27524,6304,3054,1689,6598,3029,3734,6970,2055,984,5320,1770,4644,5333,726,1221,4136,2479,1799,1292,1537,7014,1059,2747
11-15-2020,1205,2208,2487,2331,10514,3010,1119,1690,3852,1939,885,2419,43,1184,969,1358,3411,3797,1085,3001,3002,2473,3192,2272,4061,4804,3259,6863,2755,4777,6099,4956,3403,6586,6700,625,3139,5539,1785,1044,1025,1595,134814,23492,3979,271,6598,2135,3260,3039,3664,2960,2490,4279,4880,4505,4564,5982,3246,28490,6348,3096,1664,6658,3123,3726,6960,2131,994,5530,1806,4714,5341,798,1278,4292,2483,1675,1410,1534,7114,1174,2741
11-16-2020,1224,2308,2515,2410,10604,3074,1225,1839,3897,1980,930,2259,48,1127,981,1397,3488,3919,1105,2973,3129,2472,3283,2281,4048,5099,3217,7132,2877,4870,6284,5224,3520,6665,6693,670,3165,5569,1848,1020,1057,1622,136858,23834,4033,267,6864,2159,3378,3136,3778,3042,2534,4408,4954,4630,4709,6045,3243,29459,6434,3146,1671,6832,3222,3641,6945,2235,1010,5343,1871,4791,5364,856,1315,4475,2490,1821,1460,1475,7218,1222,2918
11-17-2020,1231,2341,2275,2469,10659,3133,1311,1808,4018,1943,973,1530,53,1185,988,1353,3445,3968,1116,2943,3136,2454,3284,2282,4014,5291,3166,7227,2980,4859,6378,5152,3493,6698,6682,636,3225,5560,1918,990,1021,1644,137392,24161,3894,258,6880,2145,3445,3173,3788,3069,2582,4468,4993,4730,4844,6039,3192,30422,6465,3134,1633,6571,3126,3244,6935,2037,1020,5399,1873,4816,5332,786,1303,4486,2458,1578,1400,1282,7301,1230,2526
11-18-2020,1244,2355,2190,2509,10693,3196,1396,1801,3996,1859,1011,1379,53,1040,976,1303,3311,3995,1116,2905,3190,2406,3047,2281,3966,5330,3175,7252,3085,4785,6458,5077,3453,6685,6673,516,3268,5558,1937,958,1001,1666,135987,24512,3734,253,6414,2121,3408,3197,3759,2981,2621,4305,5039,4829,4668,5912,3136,31398,6469,3106,1586,6254,3017,2796,6920,1820,1031,5356,1869,4827,5293,725,1313,4488,2425,1262,1311,995,7391,970,2075
11-19-2020,1260,2363,2157,2544,10709,3255,1463,1799,3830,1743,1048,1302,51,1049,972,1340,3165,3923,1075,2870,3221,2290,2936,2275,3915,5475,3195,6974,3136,4746,6559,4962,3400,6612,6658,263,3220,5547,1985,912,982,1684,136570,24856,3634,233,6025,2098,3428,3199,3685,2934,2668,4202,5097,4923,4645,6059,3076,32437,6467,2983,1538,6073,2936,2540,6909,1669,1047,5320,1758,4835,5252,591,1374,4475,2380,1049,1134,685,7479,831,1537
11-20-2020,1267,2342,2161,2581,10693,3306,1540,1742,3629,1624,1094,1291,53,995,959,1268,3009,3910,1062,2831,3068,2270,2761,2265,3855,5293,3197,6970,3225,4693,6636,4833,3374,6508,6650,217,3160,5535,1993,865,931,1700,137559,25203,3508,221,5937,2078,3345,3203,3574,2855,2706,4117,5158,5021,4665,6088,3008,33539,6462,2918,1506,5783,2945,2287,6898,1576,1057,5308,1696,4828,5205,575,1432,4428,2342,940,1043,616,7563,597,1547
11-21-2020,1285,2283,2142,2612,10606,3353,1580,1648,3326,1503,1135,1306,46,918,950,1308,2787,3828,1058,2786,3056,2234,2713,2246,3792,5160,3168,6989,3300,4638,6731,4670,3370,6446,6636,255,3027,5508,1985,831,899,1712,138573,25543,3362,192,5515,2037,3348,3225,3537,2718,2752,3861,5208,5111,4684,6092,2937,34670,6443,2949,1462,5423,2868,1820,6884,1417,1076,5276,1631,4824,5147,589,1472,4372,2289,864,932,694,7659,460,1482
11-22-2020,1291,2286,2197,2656,10747,3430,1691,1678,3133,1564,1184,1362,63,873,939,1288,2735,3964,1051,2751,3170,2256,2754,2267,3794,5481,3164,7193,3444,4623,6940,4628,3350,6385,6618,329,2972,5507,2013,793,933,1732,139828,25905,3420,186,5679,2025,3313,3303,3513,2831,2797,3890,5301,5227,4830,6117,2935,35946,6441,3059,1544,4973,2973,1924,6874,1489,1108,5220,1576,4923,5105,661,1515,4406,2275,1050,1031,910,7736,614,1570
11-23-2020,1324,2309,2292,2706,10908,3495,1817,1784,2976,1639,1239,1460,71,973,943,1264,2791,4067,1049,2714,3252,2303,2790,2300,3835,5690,3172,7406,3590,4718,7156,4810,3362,6329,6601,411,2941,5546,2065,767,977,1754,141559,26304,3500,173,5921,2048,3430,3404,3513,2957,2848,4011,5389,5384,4857,6208,2956,37403,6508,3089,1638,4601,3080,2052,6859,1585,1115,5189,1548,5067,5120,737,1586,4501,2290,1233,1163,1127,7832,770,1683
11-24-2020,1361,2267,2270,2728,10869,3551,1880,1704,2950,1692,1302,1576,66,1048,920,1185,2762,4074,1037,2685,3308,2271,2716,2264,3800,5868,3171,7399,3642,4721,7180,4691,3330,6279,6582,458,2879,5503,2071,738,953,1770,141720,26695,3558,166,5463,2024,3501,3455,3443,2903,2889,3848,5440,5460,4953,6185,2877,38874,6417,2957,1691,4326,3062,2146,6847,1463,1118,5167,1526,5027,5013,780,1656,4468,2214,1177,1226,1199,7920,790,1531
11-25-2020,1371,2211,2282,2736,10785,3602,1889,1543,2894,1737,1364,1731,64,873,900,1185,2743,4067,996,2643,3331,2199,2542,2223,3750,5924,3148,7465,3649,4731,7289,4535,3242,6270,6560,502,2741,5441,2070,704,921,1789,140383,27062,3494,159,5026,1992,3482,3457,3363,2799,2924,3561,5489,5556,5013,6032,2789,40441,6280,2846,1741,3939,2930,2233,6824,1280,1118,5113,1512,4928,4872,825,1723,4397,2125,1141,1263,1270,8007,810,1478
11-26-2020,1383,2147,2147,2731,10658,3648,1944,1585,2868,1765,1428,1912,44,837,882,1186,2725,4077,984,2614,3378,2168,2329,2185,3637,5840,3174,7431,3627,4705,7250,4558,3206,6335,6539,575,2614,5368,2064,676,909,1809,140156,27418,3398,152,4787,1956,3589,3445,3269,2685,2955,3345,5529,5639,5078,6095,2674,42169,6097,2873,1787,3611,2991,2313,6812,1222,1125,5071,1514,4807,4694,874,1859,4282,2020,1113,1316,1313,8088,810,1514
11-27-2020,1400,2070,2053,2703,10444,3690,1982,1459,2825,1807,1500,2104,50,766,859,1213,2685,4066,968,2582,3103,2146,2254,2139,3539,5884,3185,7331,3594,4695,7271,4441,3174,6393,6518,651,2473,5296,2051,650,905,1822,141513,27838,3291,142,4232,1917,3573,3431,3171,2561,2992,3042,5567,5732,5149,6112,2546,43895,5892,2833,1822,3678,3000,2356,6800,1117,1131,5002,1518,4641,4478,921,1939,4126,1923,1084,1363,1352,8182,841,1454
11-28-2020,1411,2001,1930,2665,10210,3726,2043,1378,2761,1859,1563,2248,54,851,856,1221,2636,4094,938,2547,3125,1882,1965,2092,3423,5899,3165,7214,3531,4682,7194,4323,3137,6428,6498,711,2315,5199,2030,614,899,1841,142124,28242,3186,136,4248,1870,3563,3408,3048,2419,3033,2613,5570,5825,5250,6132,2394,45529,5662,2902,1847,3727,3001,2378,6782,1092,1122,4955,1515,4450,4252,776,2022,3961,1827,1081,1417,1396,8256,845,1393
11-29-2020,1429,2005,1891,2652,10086,3790,2155,1514,2636,1911,1642,2466,57,681,849,1259,2614,4229,938,2509,3151,1869,1825,2051,3320,6048,3161,7165,3488,4688,7346,4250,3181,6519,6473,780,2228,5120,2025,567,921,1859,143274,28656,3221,135,4254,1837,3718,3474,2948,2345,3071,2463,5622,5995,5378,6271,2287,47333,5473,2984,1893,3780,3037,2474,6766,1185,1121,4888,1556,4339,4037,790,2075,3865,1743,1097,1530,1417,8339,939,1526
11-30-2020,1464,2095,1940,2738,10258,3839,2273,1672,2554,2008,1729,2687,57,766,937,1276,2849,4361,963,2473,3267,1843,1876,2034,3296,6317,3154,7040,3575,4681,7509,4264,3267,6526,6449,866,2260,5134,2085,520,926,1883,144638,29108,3334,110,4285,1851,3887,3536,2944,2439,3115,2540,5692,6174,5556,6282,2304,49174,5353,3076,2072,3840,3152,2605,6755,1277,1128,4837,1567,4458,3948,865,2135,3932,1751,1268,1793,1554,8432,935,1539
12-01-2020,1502,2034,1638,2718,10227,3875,2314,1693,2514,2052,1822,2919,41,846,974,1347,2931,4302,963,2437,3287,1800,1696,2000,3202,6435,3108,6909,3479,4665,7264,4194,3209,6491,6429,924,2193,5042,2068,497,914,1899,144861,29564,3310,101,4328,1807,3905,3540,2855,2355,3151,2612,5698,6254,5589,6317,2214,50896,5160,3069,2105,3904,3225,2692,6742,1089,1149,4801,1576,4363,3790,899,2206,3838,1641,1320,1922,1603,8373,921,1451
12-02-2020,1543,1848,1304,2623,10179,3903,2324,1587,2502,2024,1910,3166,47,738,976,1316,2948,4264,948,2407,3195,1807,1615,1931,3038,6460,3082,6803,3310,4657,7242,4098,3221,6539,6410,969,2046,4889,2060,487,855,1911,143402,30604,3226,102,4297,1648,3918,3537,2160,2265,3184,2684,5678,6322,5720,6360,2102,52625,4868,3090,2109,3858,3195,2770,6728,1063,1161,4759,1558,4343,3550,927,2281,3679,1490,1312,2103,1622,8321,906,1324
12-03-2020,1563,1620,1200,2468,10073,3921,2392,1626,2427,1866,2009,3419,48,523,1003,1348,2874,4193,915,2376,2992,1859,1642,1810,2829,6521,3083,6678,3295,4619,7205,3971,3180,6562,6380,996,1870,4662,2099,474,841,1920,144230,30727,3084,65,4323,1535,3893,3561,1956,2134,3161,2757,5658,6398,5853,6289,1918,53308,4488,3073,2054,3918,3228,2826,6711,1038,1166,4702,1551,4447,3226,938,2345,3458,1272,1245,2310,1582,8244,894,1317
12-04-2020,1582,1664,1026,2236,9938,3932,2459,1636,2304,1707,2095,3679,48,482,1036,1380,2892,4222,926,2338,2966,1901,1436,1632,2604,6561,3078,6512,3285,4483,7099,3844,3111,6632,6330,1018,1637,4308,2175,467,773,1985,144130,30797,2860,56,4340,1513,4079,3535,1757,1925,3073,2830,5636,6446,5962,6436,1667,54508,4079,3039,1913,3996,3263,2797,6690,939,1183,4657,1562,4630,2895,933,2387,3195,1277,1138,2545,1543,8177,892,1369
