Admin2,,,,,,,,,,,,,,,,,
Province/State,Antofagasta,Araucania,Arica y Parinacota,Atacama,Aysen,Biobio,Coquimbo,Los Lagos,Los Rios,Magallanes,Maule,Metropolitana,Nuble,OHiggins,Tarapaca,Unknown,Valparaiso
Country/Region,Chile,Chile,Chile,Chile,Chile,Chile,Chile,Chile,Chile,Chile,Chile,Chile,Chile,Chile,Chile,Chile,Chile
05-20-2020,1714,1636,417,163,8,1215,261,654,241,959,666,40831,990,448,1135,-22504,1735
05-21-2020,1761,1671,446,168,8,1254,266,680,252,969,716,44253,999,458,1242,-23992,1849
05-22-2020,1824,1692,464,175,8,1301,279,704,256,974,767,47927,1004,484,1388,-25342,1980
05-23-2020,1876,1729,475,182,8,1344,292,714,268,979,808,50944,1056,507,1466,-26546,2072
05-24-2020,1926,1763,491,182,8,1404,321,723,284,992,877,54050,1081,543,1557,-28148,2182
05-25-2020,1994,1812,506,185,10,1448,336,750,291,998,938,58401,1117,575,1623,-29302,2252
05-26-2020,2040,1838,515,188,12,1492,382,768,298,1013,998,61718,1125,641,1729,-30915,2398
05-27-2020,2112,1871,534,197,12,1555,453,778,303,1019,1051,65416,1152,677,1800,-33540,2518
05-28-2020,2220,1909,555,202,14,1667,480,801,312,1022,1105,69277,1183,691,1945,-36115,2670
05-29-2020,2290,1942,575,207,16,1767,535,809,324,1028,1165,72225,1220,731,2079,-38598,2781
05-30-2020,2400,2013,581,215,16,1877,595,847,339,1035,1241,75523,1233,740,2232,-40431,2974
05-31-2020,2479,2024,612,218,17,1968,626,850,350,1037,1282,79729,1234,767,2340,-42727,3101
06-01-2020,2553,2064,628,232,17,2059,666,850,356,1037,1324,84415,1267,795,2504,-44946,3278
06-02-2020,2649,2141,654,236,18,2082,687,894,368,1060,1381,88194,1290,843,2594,-22513,3595
06-03-2020,2716,2173,701,242,18,2215,718,913,372,1063,1595,92191,1329,931,2682,-22880,3769
06-04-2020,2824,2135,728,258,19,2288,768,913,371,1050,1711,94856,1348,946,2782,-21305,3939
06-05-2020,2882,2240,773,269,19,2366,827,955,382,1053,1810,97961,1405,994,2937,-99358,4178
06-06-2020,2986,2272,810,281,19,2477,893,972,392,1062,1945,102010,1446,1086,3064,-103817,4489
06-07-2020,3107,2327,840,306,20,2582,985,990,409,1063,2085,107189,1465,1158,3218,-108150,4769
06-08-2020,3200,2378,866,339,21,2640,1118,998,417,1073,2158,110186,1534,1233,3357,-112248,5064
06-09-2020,3357,2413,906,348,21,2683,1170,1016,438,1073,2271,113158,1566,1294,3456,-117361,5306
06-10-2020,3503,2415,920,365,21,2835,1250,1029,444,1074,2422,117631,1596,1416,3545,-121780,5515
06-11-2020,3696,2501,957,389,22,2962,1338,1050,454,1087,2541,121862,1653,1524,3650,-126444,5758
06-12-2020,3820,2544,1001,413,22,3089,1431,1071,470,1092,2672,127226,1698,1599,3775,-131358,6053
06-13-2020,3971,2609,1052,436,24,3253,1504,1095,478,1108,2824,132070,1715,1756,3952,-137296,6407
06-14-2020,4214,2639,1098,448,24,3383,1546,1128,488,1138,2974,137520,1756,1894,4087,-143704,6633
06-15-2020,4484,2692,1128,484,26,3441,1666,1155,520,1170,3068,141367,1810,1977,4200,-148792,6886
06-16-2020,4571,2739,1145,502,26,3496,1710,1165,524,1195,3166,145368,1830,2186,4307,-156232,7136
06-17-2020,5160,2779,1207,561,26,3990,1968,1235,545,1269,3362,177418,1905,2756,4720,-181931,8112
06-18-2020,5441,2827,1227,586,26,4155,2061,1249,557,1278,3567,180234,1950,2973,4801,-186441,8330
06-19-2020,5735,2859,1283,623,27,4370,2179,1284,569,1287,3780,184429,2078,3265,4924,-191491,8608
06-20-2020,6121,2881,1313,649,28,4626,2257,1320,579,1300,3926,187862,2108,3563,5064,-196609,8856
06-21-2020,6361,2930,1359,681,28,4877,2342,1368,600,1320,4177,191496,2131,3900,5178,-200569,9128
06-22-2020,6608,2970,1408,716,28,5123,2411,1420,611,1337,4322,194500,2153,4134,5275,-205397,9445
06-23-2020,6891,2988,1431,745,28,5293,2468,1449,615,1348,4471,196966,2167,4309,5362,-210570,9731
06-24-2020,7114,2997,1458,783,28,5424,2521,1465,619,1348,4621,199146,2190,4551,5420,-215093,10000
06-25-2020,7393,3024,1495,835,29,5660,2615,1486,631,1370,4796,202040,2203,4805,5492,-219327,10287
06-26-2020,7614,3065,1530,885,30,5913,2682,1521,642,1382,4974,204520,2243,5071,5627,-223431,10593
06-27-2020,7885,3088,1591,923,35,6093,2758,1553,649,1408,5141,207235,2286,5254,5683,-228055,10837
06-28-2020,8161,3131,1629,954,41,6348,2834,1588,668,1420,5274,209677,2331,5537,5802,-232210,11078
06-29-2020,1862,291,366,315,14,2022,675,310,94,135,1410,21431,382,2059,815,-138,2227
06-30-2020,1775,268,353,309,13,1887,684,297,97,143,1319,20168,344,2039,765,-98,2113
07-01-2020,1760,250,379,344,14,1819,655,290,90,139,1307,18784,304,1979,740,-108,2101
07-02-2020,1747,243,403,343,17,1697,639,298,84,124,1263,17640,278,1921,740,-109,2046
07-03-2020,1770,270,420,341,16,1677,632,322,85,121,1257,16946,292,1867,723,2065,-109
07-04-2020,1788,288,430,324,14,1598,651,339,77,109,1262,16490,300,1849,709,2085,-109
07-05-2020,1823,290,454,328,13,1563,671,385,69,100,1229,16429,312,1793,749,2086,-109
07-06-2020,1874,327,494,337,13,1570,734,388,71,110,1228,15803,338,1750,806,2061,-109
07-07-2020,1885,312,476,326,11,1477,717,373,66,93,1196,14728,331,1697,768,1987,-109
07-08-2020,1846,289,482,335,11,1365,694,413,55,74,1140,13604,365,1550,747,1908,-109
07-09-2020,1866,273,543,386,9,1320,708,424,64,77,1123,13379,411,1496,734,-71,1870
07-10-2020,1810,275,543,374,7,1321,749,437,58,82,1132,13070,425,1579,769,-70,1879
07-11-2020,1868,260,568,387,6,1293,747,462,60,91,1112,12631,467,1551,772,-106,1865
07-12-2020,1862,277,577,420,10,1327,749,440,53,90,1079,12650,488,1493,782,-67,1930
07-13-2020,1885,250,614,449,12,1331,750,439,49,95,1074,12515,484,1477,755,-73,1971
07-14-2020,1839,229,645,457,12,1278,705,470,49,103,1064,11851,470,1455,706,-66,1937
07-15-2020,1765,234,679,449,14,1231,727,472,52,102,1024,10970,456,1354,651,-71,1825
07-16-2020,1602,213,715,422,15,1280,707,510,69,103,992,10394,465,1380,632,0,1608
07-17-2020,1601,214,761,380,22,1290,655,537,85,98,1032,10537,424,1397,652,,1594
07-18-2020,1560,186,778,412,19,1321,810,508,84,89,996,10244,479,1301,631,0,1534
07-19-2020,1548,179,760,411,19,1347,864,548,87,88,1032,9878,468,1277,619,6,1502
07-20-2020,1548,179,760,411,19,1347,864,548,87,88,1032,9878,468,1277,619,6,1502
07-21-2020,1324,165,826,414,16,1311,842,522,83,81,1015,8908,414,1167,650,10,1442
07-22-2020,1324,165,826,414,16,1311,842,522,83,81,1015,8908,414,1167,650,10,1442
07-23-2020,1318,165,858,416,10,1302,833,560,84,70,1014,8271,354,1127,599,15,1494
07-24-2020,1303,201,913,440,10,1367,891,618,80,64,1016,8190,337,1096,637,35,1496
07-25-2020,1251,209,890,466,10,1441,924,650,80,62,1032,7862,307,1057,637,,1526
07-26-2020,1248,213,936,578,9,1507,984,719,79,60,1041,7731,280,1041,626,0,1531
07-27-2020,1231,238,930,548,11,1498,1005,797,76,65,1024,7805,310,1008,699,0,1537
07-28-2020,1193,246,934,551,10,1465,997,835,62,87,931,7364,294,916,901,1,1441
07-29-2020,1162,268,948,578,6,1454,999,822,54,89,941,7001,272,881,890,0,1375
07-30-2020,1104,264,931,653,6,1427,975,828,56,116,955,6783,263,865,936,12,1357
07-31-2020,1152,292,914,712,9,1455,1042,894,61,126,964,6902,253,854,901,0,1352
08-01-2020,1133,292,894,727,9,1477,1012,963,52,137,921,6716,249,813,859,0,1364
08-02-2020,1137,303,856,753,11,1503,1038,995,54,155,920,6747,257,783,826,0,1374
08-03-2020,1157,317,829,820,11,1515,1028,982,56,172,892,6789,256,782,829,0,1375
08-04-2020,1095,305,763,757,11,1449,982,1016,57,186,866,6371,229,691,788,0,1321
08-05-2020,1126,283,729,829,11,1408,939,1022,58,198,822,6221,223,686,792,0,1293
08-06-2020,1138,308,690,807,9,1419,966,1025,59,232,776,6213,216,708,733,5,1310
08-07-2020,1151,282,685,823,11,1473,961,995,54,227,807,6172,244,753,728,5,1328
08-08-2020,1183,278,675,852,10,1468,929,1001,54,259,827,6114,253,886,684,0,1406
08-09-2020,1203,278,743,809,16,1545,936,1037,56,254,830,6168,258,904,686,,1431
08-10-2020,1247,297,770,1004,17,1544,993,1045,66,291,839,6177,281,920,613,1,1458
08-11-2020,1178,267,737,1015,14,1528,928,970,74,308,810,5847,272,923,645,3,1378
08-12-2020,1124,268,760,1010,12,1471,906,943,69,310,805,5619,275,941,646,2,1383
08-13-2020,1111,273,766,977,12,1548,934,928,75,301,815,5581,278,953,648,2,1402
08-14-2020,1118,264,760,975,10,1604,930,902,76,326,830,5629,291,939,633,1,1446
08-15-2020,1055,277,781,997,10,1628,994,858,69,355,835,5433,277,902,620,0,1465
08-16-2020,1028,273,783,1001,12,1673,987,875,65,392,843,5443,273,864,604,0,1550
08-17-2020,1024,274,777,1008,12,1713,976,821,64,382,823,5459,278,831,644,1,1517
08-18-2020,944,289,731,1017,11,1642,956,770,62,395,782,5133,271,772,645,3,1446
08-19-2020,894,288,688,931,9,1573,946,723,61,408,762,4841,273,727,623,2,1425
08-20-2020,845,295,652,862,10,1639,926,751,55,447,793,4797,288,739,602,1,1413
08-21-2020,887,322,624,787,3,1714,921,739,55,499,798,4740,283,736,602,1,1438
08-22-2020,850,332,641,761,4,1721,949,729,50,529,787,4796,322,689,585,1,1440
08-23-2020,817,326,611,730,4,1861,1040,768,64,610,814,4904,341,682,597,0,1465
08-24-2020,863,310,629,759,5,1975,1094,765,65,696,830,5012,384,732,588,0,1481
08-25-2020,804,291,603,737,8,1913,1065,718,55,728,799,4843,370,708,548,0,1374
08-26-2020,786,276,573,658,11,1893,1085,680,50,733,783,4599,407,701,531,0,1341
08-27-2020,799,271,551,601,11,2034,1076,637,58,828,779,4472,440,712,492,3,1344
08-28-2020,766,279,560,589,14,2118,1082,651,62,842,782,4567,501,741,460,0,1374
08-29-2020,760,281,549,575,23,2259,1014,639,60,882,819,4583,546,760,466,,1430
08-30-2020,781,282,558,580,22,2338,983,686,63,925,867,4779,567,771,437,0,1507
08-31-2020,783,275,574,560,21,2396,1028,683,72,998,876,4900,599,790,445,1,1557
09-01-2020,761,262,558,551,19,2282,954,651,77,996,849,4759,589,788,424,1,1513
09-02-2020,734,267,503,524,18,2206,911,642,74,1039,832,4659,567,788,412,0,1536
09-03-2020,757,295,502,487,18,2248,859,614,93,1045,848,4613,567,832,397,0,1495
09-04-2020,741,327,510,416,18,2316,816,617,95,1036,917,4614,577,812,391,0,1524
09-05-2020,726,349,508,400,25,2324,791,641,103,1161,935,4621,581,833,386,,1533
09-06-2020,732,359,520,425,24,2388,798,723,116,1207,997,4840,608,845,377,,1561
09-07-2020,738,371,546,398,23,2366,806,734,124,1373,1104,4957,601,858,358,,1549
09-08-2020,716,353,531,378,19,2225,720,681,125,1311,1088,4739,563,865,349,,1467
09-09-2020,666,391,517,389,17,2130,707,650,148,1253,1099,4683,531,828,369,,1393
09-10-2020,667,413,489,379,17,2123,671,596,165,1199,1157,4579,507,823,351,,1397
09-11-2020,658,448,473,378,16,2140,671,637,180,1180,1235,4477,528,846,358,,1397
09-12-2020,641,470,446,377,17,2112,698,649,207,1290,1311,4458,556,896,343,,1382
09-13-2020,636,510,464,387,27,2141,721,650,244,1394,1383,4548,620,940,376,,1433
09-14-2020,655,530,461,404,40,2137,727,664,252,1406,1422,4616,641,916,368,,1457
09-15-2020,590,551,442,442,45,2017,708,660,255,1325,1350,4346,622,907,357,0,1382
09-16-2020,573,545,430,425,42,1930,649,617,253,1284,1342,4174,581,871,320,,1341
09-17-2020,542,531,416,412,47,1933,605,601,248,1336,1317,4072,581,844,320,0,1275
09-18-2020,507,514,388,403,50,1908,568,586,249,1301,1345,3906,574,806,317,,1226
09-19-2020,479,485,393,413,67,1874,549,689,231,1285,1327,3753,553,785,285,,1152
09-20-2020,469,469,387,400,75,1839,531,726,225,1307,1311,3807,580,784,264,,1069
09-21-2020,466,485,393,441,81,1760,505,716,248,1433,1311,3650,564,774,261,,972
09-22-2020,435,479,352,410,84,1665,421,685,228,1366,1218,3370,505,729,254,,826
09-23-2020,427,490,343,425,93,1609,355,621,227,1298,1205,3175,451,698,247,,730
09-24-2020,435,474,338,402,102,1649,331,630,239,1316,1226,3120,406,689,214,,719
09-25-2020,434,554,362,397,108,1726,325,764,241,1407,1257,3150,393,687,219,,738
09-26-2020,441,582,360,370,113,1800,314,817,262,1420,1248,3264,403,700,240,,796
09-27-2020,481,599,382,372,106,1813,343,893,303,1407,1265,3381,415,707,257,,833
09-28-2020,507,627,407,392,101,1814,361,982,332,1521,1264,3441,418,691,263,0,836
09-29-2020,484,556,403,384,174,1756,348,1032,354,1580,1185,3316,399,678,276,,857
09-30-2020,479,646,401,361,188,1707,353,988,380,1566,1140,3313,366,635,272,,867
10-01-2020,471,685,386,364,195,1732,347,1016,413,1526,1128,3353,367,637,283,,878
10-02-2020,490,739,436,349,199,1752,364,1084,440,1417,1163,3492,391,643,274,,884
10-03-2020,524,815,465,347,223,1767,375,1185,476,1516,1163,3505,392,672,322,,925
10-04-2020,516,858,502,329,234,1811,375,1236,511,1598,1191,3598,390,661,337,,984
10-05-2020,551,932,515,327,216,1763,374,1286,505,1564,1236,3588,387,684,354,,975
10-06-2020,513,937,515,336,206,1676,349,1316,497,1600,1155,3376,352,685,359,,947
10-07-2020,483,937,525,333,215,1559,331,1292,470,1545,1060,3263,336,643,350,,956
10-08-2020,503,1044,535,324,201,1524,302,1311,462,1498,1022,3141,341,653,338,,941
10-09-2020,495,1137,547,301,206,1514,282,1317,478,1477,1046,3201,333,646,327,,946
10-10-2020,501,1162,521,300,187,1555,265,1345,465,1538,994,3142,321,652,335,1,985
10-11-2020,514,1202,523,293,188,1647,258,1474,464,1488,1042,3229,331,690,360,,999
10-12-2020,545,1236,546,303,185,1687,260,1527,478,1454,1096,3298,313,511,360,37,1007
10-13-2020,509,1228,493,287,180,1685,249,1533,443,1288,1036,3147,315,691,364,,938
10-14-2020,482,1228,487,288,179,1658,229,1508,421,1207,973,3043,302,658,333,,889
10-15-2020,473,1228,486,270,177,1680,216,1470,396,1136,914,2991,284,640,302,,864
10-16-2020,460,1239,495,260,182,1809,205,1547,413,1039,904,3000,269,621,305,,817
10-17-2020,466,1187,483,266,192,1899,196,1575,436,940,950,3008,289,675,313,,829
10-18-2020,460,1297,481,262,185,2002,208,1685,447,900,993,3118,295,705,299,,846
10-19-2020,463,1303,473,276,197,2022,203,1746,469,915,1034,3273,316,742,317,,860
10-20-2020,462,1229,429,271,185,2028,199,1680,474,854,977,3191,281,721,319,,834
10-21-2020,442,1228,422,258,198,2980,188,1623,454,754,903,3084,285,708,335,,788
10-22-2020,425,1175,441,249,190,1990,181,1665,457,737,868,3108,289,689,315,,796
10-23-2020,402,1491,447,227,197,2017,169,1743,471,689,874,3111,316,665,291,,787
10-24-2020,297,955,314,145,145,1471,123,1355,389,470,643,2288,232,474,228,,546
10-25-2020,296,954,306,165,121,1419,114,1333,369,460,624,2269,223,451,229,,535
10-26-2020,289,983,311,160,105,1415,107,1307,368,474,584,2219,228,402,242,,525
10-27-2020,262,965,300,150,84,1304,87,1287,383,436,511,2034,218,354,250,,496
10-28-2020,261,975,280,146,77,1229,88,1137,374,404,450,1949,204,317,249,,453
10-29-2020,292,1023,264,138,67,1268,93,1172,345,412,648,2036,205,326,263,,459
10-30-2020,300,1044,269,147,64,1311,91,1251,402,416,601,2069,229,318,291,,459
10-31-2020,276,1025,262,146,67,1310,86,1188,464,447,598,2220,238,298,316,,467
11-01-2020,275,1052,256,133,51,1266,88,1271,488,457,601,2186,251,295,301,,481
11-02-2020,272,1022,226,117,53,1298,77,1290,510,451,591,2193,234,276,306,,398
11-03-2020,257,986,226,97,49,1266,65,1227,518,453,566,2114,256,273,276,,435
11-04-2020,233,930,214,88,60,1213,67,1125,495,438,520,2002,234,245,274,,416
11-05-2020,222,1028,223,73,61,1304,72,1159,514,455,548,2124,226,245,246,,429
11-06-2020,238,1154,248,62,70,1402,75,1320,550,486,578,2225,245,270,273,,442
11-07-2020,242,1080,245,46,68,1453,73,1368,557,485,565,2215,238,250,287,,455
11-08-2020,229,1143,255,33,58,1478,62,1305,564,492,518,2178,243,268,305,,474
11-09-2020,232,1084,260,32,55,1467,63,1276,543,490,502,2121,233,272,297,,461
11-10-2020,228,1106,235,38,47,1401,62,1292,536,475,462,2042,242,268,278,,443
11-11-2020,196,1096,220,37,45,1380,63,1198,532,419,419,1961,217,265,275,,423
11-12-2020,217,1087,225,32,48,1525,75,1275,587,387,471,2051,236,277,309,,463
11-13-2020,242,1081,223,47,50,1606,69,1390,633,386,573,2070,265,289,332,,497
11-14-2020,241,1077,204,48,48,1630,76,1365,615,421,566,2018,252,294,317,,485
11-15-2020,246,1043,200,51,48,1635,71,1435,642,417,565,2090,253,274,292,,493
11-16-2020,249,993,188,51,47,1672,70,1456,645,411,536,2044,306,289,259,,459
11-17-2020,238,963,172,57,45,1631,69,1344,661,404,520,1945,291,288,255,,444
11-18-2020,212,900,165,70,43,1568,58,1258,623,384,499,1919,275,255,238,,429
11-19-2020,216,925,164,74,49,1685,69,1283,592,376,538,2004,286,253,242,,428
11-20-2020,229,975,175,76,49,1699,84,1331,670,414,564,2111,317,250,261,,451
11-21-2020,234,950,162,66,54,1696,92,1329,624,413,527,2138,317,267,223,,438
11-22-2020,196,968,145,86,53,1652,91,1314,614,408,536,2148,345,258,214,,423
11-23-2020,187,942,151,80,49,1656,104,1299,640,434,487,2173,340,278,216,,415
11-24-2020,171,890,139,82,41,1601,117,1193,621,484,471,2109,317,272,196,,419
11-25-2020,164,838,127,80,43,1590,115,1094,583,458,463,2065,302,247,195,,411
11-26-2020,181,883,129,70,42,1675,119,1126,598,496,491,2101,326,255,231,,458
11-27-2020,198,920,132,99,44,1791,129,1166,628,522,522,2215,331,267,257,,486
11-28-2020,200,936,122,92,48,1813,143,1082,599,557,585,2350,347,265,263,,526
11-29-2020,198,949,116,89,48,1837,166,1045,599,547,475,2376,358,267,236,-2,557
11-30-2020,213,908,114,81,51,1822,168,1021,576,542,491,2374,351,256,243,,519
12-01-2020,202,907,100,78,45,1836,163,899,557,557,458,2290,334,250,243,,482
12-02-2020,197,897,102,75,39,1753,151,822,505,496,444,2222,301,252,226,,478
12-03-2020,194,909,110,73,39,1926,161,847,544,499,475,2285,332,281,230,,513
12-04-2020,210,1000,112,75,42,1999,169,918,578,491,482,2501,359,293,257,,549
12-05-2020,192,967,104,66,40,1942,201,873,537,484,468,2562,355,283,201,,552
12-06-2020,191,946,106,57,37,2019,194,852,557,496,466,2608,358,285,205,,589
12-07-2020,184,1033,105,52,37,2135,224,859,554,511,497,2579,344,303,231,,565
12-08-2020,192,998,95,60,36,2068,204,832,562,499,534,2603,331,318,224,,572
12-09-2020,184,948,96,57,43,2019,190,780,539,500,527,2630,313,309,223,,560
12-10-2020,201,922,108,57,41,2166,208,883,560,491,568,2711,350,320,232,,561
12-11-2020,225,1011,114,63,46,2178,211,900,575,521,611,2825,374,335,263,,596
12-12-2020,228,958,133,55,38,2259,183,936,545,524,652,2828,365,321,225,,600
12-13-2020,263,1028,147,54,45,2343,170,939,575,546,718,2846,365,305,246,,612
12-14-2020,295,951,151,50,43,2381,216,914,598,568,759,2914,382,309,248,,583
12-15-2020,305,930,149,50,41,2285,226,852,597,546,805,2888,352,299,286,,580
12-16-2020,293,867,146,48,43,2226,231,818,557,502,791,2871,340,290,324,,574
12-17-2020,322,858,135,54,47,2312,241,919,575,508,812,3040,358,313,373,,659
12-18-2020,371,995,178,56,44,2519,275,1004,630,518,928,3433,383,340,396,,726
12-19-2020,389,1035,168,57,54,2538,269,991,662,485,964,3426,371,362,403,0,747
12-20-2020,396,1093,177,71,59,2577,288,1088,662,490,1028,3520,388,375,430,0,794
12-21-2020,408,1624,165,82,59,2606,275,1086,625,489,1067,3380,390,403,433,,792
12-22-2020,412,1039,149,96,58,2544,281,1120,599,500,1033,3278,380,381,464,,794
12-23-2020,408,1010,143,91,61,2437,264,1114,581,462,1070,3244,366,396,465,,781
12-24-2020,428,1054,161,94,67,2525,268,1164,589,460,1204,3396,1242,398,487,,856
12-25-2020,506,1079,174,112,82,2629,284,1316,618,504,1304,3573,444,407,533,,907
12-26-2020,498,1050,184,103,89,2645,270,1391,620,491,1361,3578,478,445,548,,864
12-27-2020,468,1037,170,101,93,2481,238,1351,538,446,1352,3483,488,417,577,,845
12-28-2020,466,1015,173,93,111,2337,217,1315,473,437,1432,3488,550,416,558,,831
12-29-2020,461,987,171,86,113,2254,213,1293,551,466,1463,3495,542,406,568,,749
12-30-2020,479,946,175,73,127,2254,217,1254,542,449,1424,3595,532,422,1613,,755
12-31-2020,543,1015,189,70,138,2531,236,1380,592,450,1498,3897,559,423,603,,860
01-01-2021,632,1114,226,79,137,2669,278,1555,672,513,1653,4322,624,531,685,13,998
01-02-2021,690,1124,246,90,130,2728,263,1779,743,535,1402,4532,595,559,685,13,1103
01-03-2021,698,1040,249,103,119,2647,256,1688,710,482,1638,4355,607,531,707,14,1123
01-04-2021,745,1178,246,121,118,2498,257,1746,692,479,1734,4220,578,536,684,12,1130
01-05-2021,777,1190,247,117,99,2493,274,1698,677,502,1770,4305,568,560,916,11,1118
01-06-2021,851,1231,255,117,116,2503,270,1770,722,564,1740,4345,486,602,868,11,1135
01-07-2021,980,1262,261,138,116,2770,310,2010,798,605,1773,4612,488,703,905,8,1289
01-08-2021,1081,1390,290,174,141,2801,322,2273,923,660,1887,4885,533,735,1088,8,1417
01-09-2021,1193,1392,330,192,157,2850,329,2426,1014,632,1851,4919,518,735,1086,9,1468
01-10-2021,1270,1450,330,224,177,2938,360,2597,1108,620,1908,4970,568,755,1089,2,1600
01-11-2021,1420,1421,383,198,183,3060,423,2788,1176,599,1868,5039,588,839,1100,,1591
01-12-2021,1477,1447,408,261,164,3071,438,2884,1193,643,1828,5053,622,851,1166,,1644
01-13-2021,1532,1467,411,294,186,2950,441,3173,1203,659,1937,5176,622,827,1222,,1658
01-14-2021,1581,1560,482,305,200,3106,455,3386,1241,689,2141,5387,610,865,1373,,1771
01-15-2021,1647,1634,498,326,228,3232,501,3703,1260,717,2337,5539,646,906,1435,,1831
01-16-2021,1766,1526,530,349,230,3179,509,3604,1293,641,2205,5353,640,869,1329,,1715
01-17-2021,1860,1521,589,363,236,3118,507,3703,1294,594,2215,5294,650,883,1333,,1668
01-18-2021,1898,1497,609,357,211,3084,515,3537,1263,563,2265,5170,664,904,1281,,1568
01-19-2021,1944,1452,597,343,222,2981,529,3370,1285,518,2166,4946,697,886,1233,,1450
01-20-2021,1802,1534,568,324,218,2858,536,3326,1276,494,2129,4788,674,910,1254,,1365
01-21-2021,1732,1625,571,357,223,3037,581,3560,1329,562,2201,5127,702,948,1295,,1552
01-22-2021,2025,1690,601,373,224,3227,621,3949,1437,623,2303,5397,778,1084,1303,,1611
01-23-2021,2025,1669,602,365,215,3282,638,3956,1421,601,2252,5287,812,1041,1207,,1619
01-24-2021,1966,1701,612,345,239,3160,646,4032,1481,580,2133,5482,832,1057,1177,,1634
01-25-2021,1934,1680,610,367,238,3144,670,3941,1449,589,2135,5545,799,1050,1130,,1575
01-26-2021,1853,1684,609,366,223,2986,685,3807,1414,577,2048,5368,802,1036,1052,,1508
01-27-2021,1723,1746,618,364,217,2776,682,3517,1354,530,2015,5183,769,1048,1073,,1435
01-28-2021,1755,1706,625,378,199,2869,686,3700,1378,542,2001,5437,755,1079,1046,,1478
01-29-2021,1866,1673,662,371,189,2905,729,3962,1431,580,2223,5639,828,1167,1123,,1563
01-30-2021,1801,1633,680,378,193,2871,729,4060,1355,615,2178,5836,792,1201,1059,,1579
01-31-2021,1859,1651,703,411,202,2894,745,3859,1334,600,2158,5697,795,1172,1011,,1586
02-01-2021,1780,1662,718,468,200,2758,760,3684,1276,610,2160,5476,794,1159,933,0,1539
02-02-2021,1812,1545,690,461,156,2670,756,3361,1181,612,2169,5054,783,1151,1007,,1416
02-03-2021,1676,1475,643,450,157,2444,719,3020,1142,579,2039,4713,725,1049,968,,1311
02-04-2021,1749,1454,642,432,143,2497,746,3052,1135,557,2069,4680,768,984,966,,1385
02-05-2021,1822,1570,648,431,150,2573,837,3064,1119,590,2154,4759,764,981,998,,1437
02-06-2021,1794,1534,634,433,146,2526,834,2849,1076,540,2110,4723,726,979,924,,1340
02-07-2021,1721,1546,625,407,154,2522,850,2727,1043,528,2128,4743,711,951,868,,1360
02-08-2021,1742,1428,625,404,140,2583,892,2617,1029,524,2079,4668,711,940,848,,1354
02-09-2021,1679,1447,583,391,119,2464,893,2471,991,487,2009,4512,710,899,832,,1311
02-10-2021,1532,1340,554,365,111,2338,848,2219,943,494,1855,4418,677,847,797,,1282
02-11-2021,1599,1444,592,362,122,2467,841,2244,946,505,1945,4706,701,903,813,,1363
02-12-2021,1724,1522,634,380,124,2753,889,2368,1012,498,2090,5102,796,975,871,,1444
02-13-2021,1642,1546,602,384,143,2720,820,2227,978,461,2005,5145,842,998,850,,1387
02-14-2021,1602,1567,636,389,149,2827,846,2228,936,430,1955,5265,839,994,848,,1427
02-15-2021,1575,1575,624,418,145,2881,835,2173,973,417,1884,5221,870,959,821,,1421
02-16-2021,1460,1555,591,414,139,2790,808,2033,946,391,1737,5137,836,898,810,,1386
02-17-2021,1334,1610,559,410,116,2769,753,2003,901,392,1578,5071,773,846,797,,1438
02-18-2021,1374,1592,598,390,122,2859,789,2053,904,399,1631,5254,786,862,872,,1546
02-19-2021,1419,1649,655,386,132,2973,814,2140,970,422,1755,5521,773,922,915,,1677
02-20-2021,1394,1684,615,423,135,3024,824,2063,916,399,1715,5415,767,880,878,,1703
02-21-2021,1411,1627,634,434,117,3001,842,1942,957,420,1778,5344,733,868,861,,1686
02-22-2021,1371,1639,630,406,122,2968,849,1764,983,417,1731,5364,716,848,818,,1681
02-23-2021,1320,1554,610,453,117,2818,837,1573,965,404,1647,5183,644,771,768,,1599
02-24-2021,1234,1510,591,444,94,2727,796,1470,908,391,1521,5051,578,779,710,,1564
02-25-2021,1317,1567,618,431,95,2904,869,1546,1027,393,1639,5428,599,853,793,,1766
02-26-2021,1430,1786,632,447,105,3126,973,1644,1171,398,1743,5806,639,1003,790,,1886
02-27-2021,1446,1773,618,438,89,3200,964,1706,1257,370,1738,5933,628,1050,768,,2010
02-28-2021,1416,1862,588,434,79,3315,1020,1678,1343,353,1731,5131,591,1128,748,,2107
03-01-2021,1390,1900,566,404,74,3453,1016,1706,1335,365,1736,6300,639,1184,705,,2125
03-02-2021,1322,1955,551,466,70,3379,1036,1615,1314,335,1636,5932,621,1183,672,,2042
03-03-2021,1271,2024,500,495,71,3382,1055,1679,1387,345,1562,6087,556,1206,660,,2041
03-04-2021,1310,2071,512,466,84,3652,1081,1748,1466,372,1678,6395,630,1218,668,,2112
03-05-2021,1376,2252,537,487,97,3814,1181,1981,1601,390,1824,7216,692,1290,732,,2262
03-06-2021,1341,2117,519,26882,94,3963,1139,2045,1687,375,1904,7391,716,1314,612,,2252
03-07-2021,1330,2162,488,498,-47871,4070,1198,2090,1633,367,1986,8031,751,1384,527,,2382
03-08-2021,1271,2159,488,499,95,4172,1230,2061,1631,360,2037,8374,768,1458,452,,2375
03-09-2021,1239,2106,467,482,86,4107,1216,2020,1627,353,1930,8174,752,1457,455,,2324
03-10-2021,1115,2078,452,506,85,4047,1167,1933,1553,316,1852,8299,740,1364,654,,2246
03-11-2021,1224,2213,503,464,93,4297,1222,2103,1683,344,2052,9213,733,1415,696,,2526
03-12-2021,1337,2372,540,486,88,4751,1317,2242,1805,346,2192,9753,430,1510,778,,2777
03-13-2021,1279,2355,543,499,71,4802,1282,2223,1781,337,2151,9812,882,1507,795,,2789
03-14-2021,1239,2412,521,524,64,5008,1322,2147,1760,336,2180,10138,865,1549,837,,2866
03-15-2021,1282,2333,565,522,64,5067,1271,2052,1702,301,2118,10341,855,1539,825,,2955
03-16-2021,1270,2278,550,515,63,5139,1249,1963,1631,282,2135,10173,837,1612,782,,2803
03-17-2021,1207,1220,571,521,66,4874,1134,1833,1579,242,2027,10054,809,1565,744,,2797
03-18-2021,1301,2394,668,519,71,4985,1226,1859,1695,260,2115,11107,786,1670,841,,3158
03-19-2021,1361,2534,703,549,72,5273,1288,1930,1871,273,2263,11802,889,1773,880,,3409
03-20-2021,1391,2596,702,560,84,5357,1329,1936,1839,272,2387,11948,871,1826,859,,3540
03-21-2021,1361,2578,718,577,89,5376,1295,1976,1907,261,2444,12425,972,1885,882,,3681
03-22-2021,1382,2585,715,552,101,5353,1304,1925,1887,239,2570,12454,976,1909,876,,3719
03-23-2021,1348,2575,690,556,93,5198,1293,1829,1841,216,2718,12155,1016,1824,889,,3562
