Admin2,,,,,,,,,,,,,,,,,,,,,,,,,,
Province/State,Amazonas,Ancash,Apurimac,Arequipa,Ayacucho,Cajamarca,Callao,Cusco,Huancavelica,Huanuco,Ica,Junin,La Libertad,Lambayeque,Lima,Loreto,Madre de Dios,Moquegua,Pasco,Piura,Puno,San Martin,Tacna,Tumbes,Ucayali,Unknown
Country/Region,Peru,Peru,Peru,Peru,Peru,Peru,Peru,Peru,Peru,Peru,Peru,Peru,Peru,Peru,Peru,Peru,Peru,Peru,Peru,Peru,Peru,Peru,Peru,Peru,Peru,Peru
05-28-2020,525,3214,152,2890,633,666,9664,913,382,771,2440,1659,3644,6415,86005,3670,396,445,418,6445,316,1074,368,1150,3425,-59442
05-29-2020,525,3214,152,2890,633,666,9664,913,382,771,2440,1659,3644,6415,86005,3670,396,445,418,6445,316,1074,368,1150,3425,-62791
05-30-2020,561,3253,168,3296,705,715,11793,1012,429,838,2550,1797,3814,6409,94958,4340,479,475,449,6670,326,1206,371,1148,3538,-66447
05-31-2020,584,3953,191,3288,741,742,11846,1059,435,873,3090,1829,4469,7872,98817,4419,487,513,454,6985,385,1275,443,1273,3947,-67208
06-01-2020,587,4174,186,3584,755,780,12166,1100,448,966,3198,1877,4699,8195,101234,4836,513,507,464,7616,379,1311,393,1276,4161,-68507
06-02-2020,611,4391,195,3677,783,823,12573,1122,454,974,3278,1931,4909,8520,107210,5056,555,506,465,7617,392,1408,442,1149,4357,-69257
06-03-2020,628,4361,200,3766,819,846,12825,1154,464,1000,3590,1987,5139,8727,106376,5217,605,523,469,7352,390,1474,453,1188,4467,-72319
06-04-2020,653,4756,218,3905,855,874,12931,1170,485,1055,3647,2069,5172,8819,106661,5457,592,559,501,8962,414,1632,463,1407,4910,-76228
06-05-2020,705,4926,233,4145,857,866,13041,1178,505,1107,3743,2072,5260,9005,108066,5872,721,666,542,9642,447,1750,499,1417,4973,-79214
06-06-2020,731,4985,244,4256,878,898,13278,1195,514,1140,3906,2092,5435,9056,110788,5884,732,672,554,9927,453,1813,501,1457,5068,-82731
06-07-2020,744,5074,255,4400,902,925,13476,1225,524,1160,4040,2134,5597,9195,113876,5920,733,673,563,10148,459,1858,488,1492,5189,-86219
06-08-2020,796,5125,283,4429,907,936,13626,1255,565,1165,4083,2169,5664,9298,115687,6042,738,708,632,10313,462,1914,530,1494,5304,-89556
06-09-2020,846,5255,288,4495,950,973,13883,1269,574,1197,4232,2221,5820,9464,117734,6198,795,711,644,10483,467,2012,542,1538,5407,-92929
06-10-2020,899,5401,307,4539,987,1000,14079,1304,597,1235,4407,2269,6038,9644,120340,6410,819,719,666,10927,488,2165,558,1593,5529,-98031
06-11-2020,968,5545,312,4679,1017,1049,14412,1339,607,1265,4576,2359,6369,9884,122965,6689,888,723,687,11584,517,2264,567,1641,5794,-102429
06-12-2020,968,5545,312,4679,1017,1049,14412,1339,607,1265,4576,2359,6369,9884,122965,6689,888,723,687,11584,517,2264,567,1641,5794,-107133
06-13-2020,1005,5653,324,4786,1060,1121,14766,1362,630,1339,4773,2446,6527,10135,125916,6856,930,732,716,12163,535,2408,577,1718,5963,-111724
06-14-2020,1141,5923,340,5006,1146,1263,15355,1427,653,1466,5110,2583,6907,10613,129198,7313,1029,740,746,13176,553,2695,602,1839,6224,-115579
06-15-2020,1150,6032,342,5080,1160,1298,15491,1439,657,1497,5181,2634,7043,10726,130925,7421,1031,741,780,13415,572,2763,605,1876,6273,-119409
06-16-2020,1319,6122,344,5159,1209,1333,15638,1447,672,1562,5297,2680,7214,10902,133268,7463,1077,762,802,13578,576,2845,618,1904,6309,-125205
06-17-2020,1377,6255,392,5202,1285,1360,15726,1458,742,1579,5373,2721,7330,11019,134925,7529,1165,823,810,13762,681,2943,673,2009,6512,-128622
06-18-2020,1409,6349,400,5309,1320,1404,15952,1481,744,1621,5482,2817,7439,11195,136479,7632,1209,826,813,13998,687,3030,681,2028,6622,-131190
06-19-2020,1451,6474,401,5379,1362,1455,16165,1495,747,1680,5577,2859,7646,11375,138027,7727,1244,827,825,14235,696,3167,685,2087,6679,-131190
06-20-2020,1532,6591,430,5495,1441,1498,16317,1507,790,1730,5650,2894,7754,11475,139437,7869,1285,835,840,14440,738,3300,730,2124,6775,-143017
06-21-2020,1532,6591,430,5495,1441,1498,16317,1507,790,1730,5650,2894,7754,11475,139437,7869,1285,835,840,14440,738,3300,730,2124,6775,-141967
06-22-2020,1578,6822,483,5730,1525,1575,16595,1616,810,1847,5828,3048,8063,11711,141705,8034,1341,852,847,14893,766,3513,796,2210,7036,-145320
06-23-2020,1621,6916,484,5793,1553,1607,16748,1618,813,1868,5967,3218,8177,11839,143517,8119,1373,855,861,14986,772,3577,802,2235,7087,-148437
06-24-2020,1655,7007,489,5984,1582,1654,16809,1643,823,1910,6152,3287,8353,11991,145427,8349,1408,859,868,15148,798,3678,807,2274,7148,-151589
06-25-2020,1811,7112,499,6202,1623,1731,16877,1666,837,1948,6281,3350,8575,12170,147196,8409,1442,871,878,15376,816,3846,813,2330,7182,-151225
06-26-2020,1882,7208,510,6323,1657,1757,16996,1681,849,2037,6402,3434,8779,12373,148944,8452,1524,897,888,15517,826,4032,840,2364,7253,-159806
06-27-2020,1936,7300,514,6457,1695,1867,17151,1709,858,2072,6525,3505,8952,12528,150485,8496,1572,905,902,15724,835,4223,861,2400,7382,-164024
06-28-2020,1978,7371,536,6593,1719,1918,17260,1742,870,2158,6657,3588,9139,12738,151852,8563,1609,917,916,15892,855,4406,868,2487,7470,-167998
06-29-2020,2009,7406,536,6831,1722,2024,17325,1756,879,2241,6937,3686,9288,12831,152630,8611,1757,931,1071,15998,924,4552,879,2521,7516,-171159
06-30-2020,2086,7514,538,6871,1750,2070,17359,1777,891,2299,7112,3791,9377,12910,153700,8678,1813,936,1083,16169,931,4834,888,2575,7584,-174535
07-01-2020,2170,7652,547,6970,1803,2125,17522,1798,901,2402,7241,3856,9550,13028,154822,8726,1865,944,1098,16390,952,4925,935,2726,7669,-178245
07-02-2020,2244,7776,550,7145,1839,2218,17587,1822,915,2491,7353,3912,9718,13148,156249,8815,1916,968,1110,16567,964,5162,951,2758,7781,-182097
07-03-2020,2363,7888,558,7255,1883,2323,17635,1856,927,2556,7570,3977,9877,13247,157486,8932,2000,1005,1132,16791,984,5431,961,2914,7822,-185852
07-04-2020,2475,8007,569,7347,1906,2386,17689,1886,937,2618,7682,4060,10076,13369,159010,8993,2049,1063,1140,16934,1000,5661,997,2939,7875,-189621
07-05-2020,2629,8147,573,7498,1953,2500,17748,1911,943,2820,7787,4130,10281,13491,160407,9023,2126,1106,1160,17039,1017,5784,1024,3019,8013,-193957
07-06-2020,2772,8220,577,7659,1967,2626,17807,1961,959,2869,7971,4296,10360,13582,161675,9053,2161,1126,1165,17136,1033,5856,1028,3037,8035,-197619
07-07-2020,2858,8400,580,7740,2015,2740,17832,1996,983,2986,8157,4401,10464,13679,163303,9145,2212,1151,1192,17220,1053,5930,1055,3081,8153,-200938
07-08-2020,2993,8544,582,7801,2045,2898,17938,2036,1004,3183,8222,4536,10611,13784,164830,9244,2251,1162,1209,17332,1079,6046,1097,3091,8260,-204748
07-09-2020,3077,8653,593,8018,2098,2991,18052,2070,1027,3270,8429,4630,10756,13962,166206,9301,2286,1200,1246,17473,1093,6132,1127,3130,8314,-207802
07-10-2020,3147,8752,598,8128,2145,3095,18219,2101,1033,3400,8560,4692,10884,14034,167494,9371,2294,1231,1255,17567,1099,6257,1212,3182,8396,-210638
07-11-2020,3174,8849,605,8334,2209,3202,18305,2174,1043,3464,8611,4750,11015,14119,168794,9407,2311,1283,1272,17707,1104,6357,1246,3207,8486,-214152
07-12-2020,3240,9005,632,8511,2255,3365,18365,2240,1058,3638,8685,4930,11191,14259,170101,9440,2352,1316,1302,17899,1115,6428,1290,3289,8550,-217111
07-13-2020,3312,9137,638,8825,2275,3519,18445,2286,1085,3860,8765,5105,11340,14330,171513,9542,2371,1361,1328,18044,1134,6507,1328,3324,8695,-221008
07-14-2020,3361,9220,641,8919,2309,3619,18518,2329,1111,4016,8956,5164,11530,14347,173493,9660,2392,1386,1365,18173,1151,6550,1361,3343,8724,-223261
07-15-2020,3438,9361,645,9086,2403,3723,18572,2438,1130,4190,9030,5283,11603,14503,175368,9729,2459,1447,1372,18243,1159,6609,1433,3348,8762,-226400
07-16-2020,3504,9442,654,9222,2476,3793,18696,2506,1137,4283,9087,5335,11785,14587,177569,9722,2461,1471,1384,18330,1174,6675,1487,3355,8836,-230994
07-17-2020,3556,9543,666,9431,2561,3879,18818,2551,1150,4373,9133,5447,11889,14682,179819,9756,2473,1506,1396,18385,1237,6716,1536,3361,8874,-233982
07-18-2020,3438,9361,645,9086,2403,3723,18572,2438,1130,4190,9030,5283,11603,14503,175368,9729,2459,1447,1372,18243,1159,6609,1433,3348,8762,-226918
07-19-2020,3438,9361,645,9086,2403,3723,18572,2438,1130,4190,9030,5283,11603,14503,175368,9729,2459,1447,1372,18243,1159,6609,1433,3348,8762,-226886
07-20-2020,3896,9709,688,9763,2748,4061,19024,2709,1209,4672,9302,5590,12198,14934,183743,9858,2522,1632,1417,18589,1250,6825,1679,3405,8980,-245081
07-21-2020,4175,9916,704,10091,2890,4308,19184,2792,1284,4970,9527,5877,12438,15093,187220,10013,2616,1949,1466,18896,1399,6911,1991,3698,9100,-248746
07-22-2020,4209,9991,724,10411,2959,4419,19276,2961,1286,5077,9609,5968,12584,15190,189545,10039,2636,2047,1493,19057,1413,6986,2074,3701,9128,-252246
07-23-2020,4249,9947,732,10876,3032,4487,19197,3111,1320,5102,9673,6015,12416,14925,189911,9897,2660,2148,1505,18829,1452,7037,2173,3648,9100,-255945
07-24-2020,4408,10114,745,11054,3100,4606,19335,3220,1366,5208,9798,6151,12635,15055,192057,9973,2742,2233,1542,18974,1521,7174,2223,3729,9155,-259423
07-25-2020,4408,10114,745,11054,3100,4606,19335,3220,1366,5208,9798,6151,12635,15055,192057,9973,2742,2233,1542,18974,1521,7174,2223,3729,9155,-259423
07-26-2020,4408,10114,745,11054,3100,4606,19335,3220,1366,5208,9798,6151,12635,15055,192057,9973,2742,2233,1542,18974,1521,7174,2223,3729,9155,-267850
07-27-2020,4874,10522,790,12003,3294,4944,19667,3735,1458,5527,10139,6563,13083,15397,198015,10177,2898,2460,1663,19252,1794,7561,2377,3810,9296,-272547
07-28-2020,4975,10723,804,12148,3388,5108,19824,3848,1476,5565,10294,6715,13230,15604,200424,10268,2993,2568,1708,19438,1862,7735,2479,3849,9367,-276452
07-29-2020,5175,10852,821,12488,3537,5359,19878,3954,1514,5778,10737,6874,13395,15739,202272,10536,3073,2672,1783,19551,1967,7939,2586,3881,9506,-280044
07-30-2020,5175,10852,821,12488,3537,5359,19878,3954,1514,5778,10737,6874,13395,15739,202272,10536,3073,2672,1783,19551,1967,7939,2586,3881,9506,-283915
07-31-2020,5383,10971,842,12754,3652,5674,20019,4075,1580,5900,11400,7118,13605,15895,204666,10747,3177,2729,1810,19815,2106,8223,2700,3922,9708,-283915
08-01-2020,5383,10971,842,12754,3652,5674,20019,4075,1580,5900,11400,7118,13605,15895,204666,10747,3177,2729,1810,19815,2106,8223,2700,3922,9708,-287127
08-02-2020,5921,11609,942,14457,3975,6437,20565,4868,1810,6559,12222,7689,14401,16358,213309,11192,3417,3121,1966,20226,2407,8618,3077,4071,10019,-294187
08-03-2020,6067,11720,960,14680,4054,6578,20656,4958,1856,6683,12472,7842,14530,16443,215063,11280,3441,3183,1999,20294,2494,8695,3170,4082,10089,-298091
08-04-2020,6215,11921,988,15037,4144,6771,20886,5082,1882,6879,12697,8016,14710,16563,218289,11397,3553,3344,2104,20412,2615,8848,3250,4136,10144,-302457
08-05-2020,6345,12152,1026,15667,4271,7049,21071,5391,1964,7044,12965,8182,15001,16735,221302,11526,3594,3545,2172,20576,2768,9089,3483,4207,10271,-306430
08-06-2020,6507,12358,1094,16349,4411,7349,21287,5604,2027,7212,13208,8390,15208,16936,224428,11649,3660,3784,2290,20728,2929,9266,3678,4276,10357,-310337
08-07-2020,6706,12578,1164,17321,4522,7735,21514,5864,2107,7440,13455,8705,15469,17090,227440,11723,3744,4116,2364,20878,3113,9461,3874,4333,10510,-314332
08-08-2020,6706,12578,1164,17321,4522,7735,21514,5864,2107,7440,13455,8705,15469,17090,227440,11723,3744,4116,2364,20878,3113,9461,3874,4333,10510,-319171
08-09-2020,6949,13052,1258,18686,4845,8175,21907,6397,2316,7818,13814,9075,16017,17515,232397,11849,3899,4497,2511,21323,3516,9745,4251,4451,10689,-324020
08-10-2020,6998,13179,1286,18971,4948,8366,21987,6727,2392,7966,13917,9227,16237,17612,234527,11870,3971,4606,2573,21416,3680,9785,4368,4494,10754,-324020
08-11-2020,7219,13336,1353,19348,5028,8643,22167,6866,2450,8102,14246,9438,16445,17716,237025,12004,4067,4749,2645,21621,3767,9965,4471,4588,10920,-329404
08-12-2020,7359,13573,1445,19954,5187,9116,22462,7295,2564,8330,14522,9655,16708,17895,240525,12072,4173,4934,2739,21851,3938,10170,4637,4637,11101,-341938
08-13-2020,7359,13573,1445,19954,5187,9116,22462,7295,2564,8330,14522,9655,16708,17895,240525,12072,4173,4934,2739,21851,3938,10170,4637,4637,11101,-341938
08-14-2020,7605,13794,1575,21530,5474,9779,22778,7998,2827,8619,14802,10116,16768,18024,246385,12110,4401,5366,2858,21977,4307,10304,4999,4698,11346,-354232
08-15-2020,7605,13794,1575,21530,5474,9779,22778,7998,2827,8619,14802,10116,16768,18024,246385,12110,4401,5366,2858,21977,4307,10304,4999,4698,11346,-359781
08-16-2020,7800,14016,1639,22195,5655,10185,22954,8416,2976,8829,15114,10541,16965,18188,249838,12315,4547,5752,2915,22263,4734,10463,5211,4766,11451,-365367
08-17-2020,8030,14235,1724,22942,5809,10445,23160,8742,3112,9049,15376,10945,17237,18338,254009,12371,4628,6096,2961,22579,5414,10605,5445,4834,11579,-370717
08-18-2020,8127,14311,1751,23091,5898,10616,23291,8884,3231,9256,15516,11153,17374,18427,256455,12478,4645,6282,3001,22712,5682,10681,5656,4869,11625,-374019
08-19-2020,8367,14556,1820,23536,6063,10925,23460,9112,3363,9451,15714,11420,17583,18546,259808,12702,4692,6477,3045,22938,5820,10842,5759,4901,11763,-377453
08-20-2020,8484,14781,1909,24144,6225,11251,23677,9552,3469,9731,15959,11724,17862,18692,263587,12833,4768,6687,3111,23247,6019,10992,5968,4947,11967,-380730
08-21-2020,8627,15033,1958,24812,6319,11680,23829,9960,3706,9914,16233,12029,18076,18874,266912,12966,4851,6888,3159,23547,6226,11174,6126,5021,12105,-380730
08-22-2020,8824,15245,2039,25721,6502,11963,24060,10367,3808,10134,16424,12205,18389,19187,270004,13081,4939,7217,3224,23848,6575,11330,6354,5091,12291,-380730
08-23-2020,9094,15502,2087,26993,6649,12227,24304,10968,3929,10358,16672,12445,18601,19364,273049,13187,5030,7476,3287,24191,6786,11442,6534,5137,12471,-399357
08-24-2020,9283,15724,2226,27860,6836,12635,24476,11713,4048,10517,16870,12610,18835,19524,276062,13446,5167,7563,3340,24532,7046,11623,6962,5179,12586,-399357
08-25-2020,9434,15815,2247,28419,6899,13079,24542,12058,4122,10615,17110,12797,19055,19631,278241,13567,5253,7688,3363,24665,7189,11810,7167,5197,12662,-414577
08-26-2020,9570,16032,2327,28762,7012,13279,24812,12375,4182,10787,17407,12944,19249,19735,280867,13674,5320,7884,3404,25041,7329,11949,7424,5260,12756,-414577
08-27-2020,9778,16173,2388,29335,7154,13483,24931,12640,4265,10915,17800,13122,19422,19843,282665,13761,5404,8019,3444,25319,7490,12098,7660,5283,12862,-421877
08-28-2020,9930,16447,2478,29876,7317,13877,25163,13065,4354,11138,18194,13428,19670,20069,285538,13989,5525,8211,3516,25687,7710,12309,7933,5327,12969,-429662
08-29-2020,10183,16694,2557,30469,7537,14144,25381,13423,4416,11316,18469,13676,19871,20206,288395,14135,5648,8401,3554,25969,7932,12515,8060,5371,13168,-438017
08-30-2020,10450,16932,2640,31002,7724,14481,25645,14070,4493,11513,18891,13916,20131,20378,291899,14469,5758,8613,3618,26399,8163,12769,8232,5387,13255,-446675
08-31-2020,10613,17188,2735,31459,7873,14655,25837,14652,4556,11722,19285,14108,20443,20557,294488,14567,5853,8733,3735,26768,8372,12964,8357,5439,13419,-455457
09-01-2020,10692,17289,2777,31744,7948,14801,25913,14909,4631,11931,19558,14341,20564,20664,296330,14651,5930,8779,3771,26917,8519,13013,8492,5458,13471,-471599
09-02-2020,10773,17434,2808,31970,8076,14982,26069,15049,4717,12111,19800,14455,20728,20738,298454,14776,5984,8860,3802,27130,8582,13131,8593,5493,13546,-480177
09-03-2020,10773,17434,2808,31970,8076,14982,26069,15049,4717,12111,19800,14455,20728,20738,298454,14776,5984,8860,3802,27130,8582,13131,8593,5493,13546,-480177
09-04-2020,11017,17801,2966,32834,8345,15415,26466,15598,4853,12445,20287,14839,21080,20998,303060,15132,6164,9118,3889,27832,8904,13437,8870,5597,13793,-498523
09-05-2020,11128,17921,3043,33226,8478,15684,26611,15805,4929,12630,20525,15021,21253,21096,305655,15272,6249,9272,3948,28234,9128,13598,9060,5625,13903,-498523
09-06-2020,11286,18044,3179,33586,8659,15925,26806,16093,5078,12781,20859,15209,21430,21257,308278,15382,6287,9424,4011,28574,9318,13719,9148,5665,14017,-506422
09-07-2020,11417,18197,3285,33948,8796,16072,26999,16331,5109,12939,21179,15395,21638,21418,310480,15555,6361,9531,4060,28819,9550,13920,9356,5697,14087,-522251
09-08-2020,11436,18232,3308,33993,8813,16157,27024,16354,5124,12960,21207,15506,21709,21445,311165,15585,6375,9536,4067,28845,9588,13943,9420,5709,14098,-522251
09-09-2020,11529,18351,3346,34152,8867,16309,27139,16599,5153,13058,21390,15633,21797,21518,313273,15690,6401,9577,4087,29070,9656,14024,9510,5753,14185,-536959
09-10-2020,11739,18489,3459,34569,9052,16486,27318,16889,5255,13181,21717,15781,22078,21662,315399,15865,6476,9714,4168,29391,9834,14161,9781,5782,14294,-536959
09-11-2020,11917,18640,3643,35361,9172,16638,27593,17205,5317,13320,21973,16016,22346,21769,317985,15972,6533,9836,4223,29708,9991,14327,9946,5837,14455,-544745
09-12-2020,12036,18824,3751,35641,9383,16853,27882,17431,5424,13527,22261,16160,22606,21941,320253,16087,6624,10051,4275,30040,10127,14484,10061,5935,14543,-559321
09-13-2020,12065,18966,3802,36142,9447,16950,28116,17801,5464,13580,22383,16380,22798,22040,322992,16116,6803,10381,4305,30216,10261,14558,10197,5947,14596,-559321
09-14-2020,12214,19100,3881,36466,9558,17106,28405,18004,5531,13745,22649,16563,23203,22238,325394,16174,6984,10534,4344,30485,10501,14763,10330,6075,14662,-566796
09-15-2020,12321,19298,3932,36599,9640,17217,28476,18081,5595,13939,22786,16653,23420,22379,327132,16207,7034,10662,4349,30586,10600,14864,10451,6102,14725,-573364
09-16-2020,12411,19413,3957,36778,9711,17321,28636,18173,5669,14057,22962,16772,23546,22443,328845,16236,7046,10835,4380,30706,10680,15024,10500,6224,14768,-580753
09-17-2020,12549,19585,4012,37228,9838,17602,28759,18425,5744,14254,23221,16933,23930,22645,330748,16347,7088,11035,4472,30982,10944,15279,10585,6301,14843,-594513
09-18-2020,12680,19819,4066,37506,9977,17810,28934,18581,5808,14370,23413,17120,24288,22799,332617,16444,7155,11278,4515,31213,11152,15416,10708,6370,14913,-594513
09-19-2020,12783,19987,4121,37749,10124,17992,29043,18748,5895,14553,23732,17268,24557,23061,335158,16566,7230,11450,4557,31388,11310,15611,10818,6442,14986,-594513
09-20-2020,12968,20119,4226,37958,10286,18138,29199,18878,5968,14700,24070,17461,24874,23208,337564,16716,7285,11626,4618,31610,11652,15769,10956,6517,15130,-607837
09-21-2020,13104,20304,4299,38252,10409,18268,29485,18982,6036,14816,24388,17593,25070,23348,339772,16906,7358,11883,4675,31809,11984,15944,11084,6564,15193,-607837
09-22-2020,13104,20304,4299,38252,10409,18268,29485,18982,6036,14816,24388,17593,25070,23348,339772,16906,7358,11883,4675,31809,11984,15944,11084,6564,15193,-607837
09-23-2020,13351,20491,4321,38486,10546,18478,29695,19138,6142,15020,24623,17901,25284,23566,342857,17103,7505,12195,4768,32041,12340,16066,11129,6626,15306,-636489
09-24-2020,13499,20663,4405,38871,10643,18629,29904,19270,6213,15146,24842,18132,25536,23675,344762,17280,7579,12392,4800,32256,12726,16259,11185,6714,15444,-636489
09-25-2020,14015,21060,4508,39469,10849,18902,30121,19656,6336,15357,25266,18496,25965,24069,348904,17460,7809,12776,4868,32614,13654,16508,11473,6823,15589,-636489
09-26-2020,14015,21060,4508,39469,10849,18902,30121,19656,6336,15357,25266,18496,25965,24069,348904,17460,7809,12776,4868,32614,13654,16508,11473,6823,15589,-657836
09-27-2020,14258,21198,4548,39812,10985,19024,30251,19820,6428,15447,25462,18612,26234,24221,350903,17627,7839,12846,4901,32741,14102,16669,11544,6902,15626,-657836
09-28-2020,14392,21320,4614,40131,11082,19111,30402,19928,6516,15561,25780,18757,26442,24382,352578,17817,7930,12913,4927,32940,14381,16805,11648,6973,15710,-664490
09-29-2020,14462,21372,4652,40283,11138,19184,30450,20003,6563,15611,25902,18968,26609,24510,353856,17925,8036,12947,4964,33080,14596,16899,11673,6990,15717,-670989
09-30-2020,14556,21436,4665,40396,11179,19281,30606,20068,6586,15653,26006,19026,26687,24552,355191,18073,8076,12989,4998,33182,14638,17046,11699,7010,15773,-676925
10-01-2020,14591,21529,4692,40527,11232,19428,30671,20134,6601,15691,26108,19123,26852,24603,356488,18259,8081,13014,5009,33238,14715,17185,11763,7032,15800,-690528
10-02-2020,14707,21637,4738,40648,11279,19545,30818,20217,6663,15749,26201,19189,26993,24688,358043,18311,8096,13049,5019,33327,14778,17340,11796,7093,15838,-690528
10-03-2020,14882,21731,4753,40746,11341,19613,31157,20265,6691,15816,26266,19270,27118,24764,359330,18380,8115,13101,5027,33506,14825,17451,11827,7122,15858,-695645
10-04-2020,14882,21731,4753,40746,11341,19613,31157,20265,6691,15816,26266,19270,27118,24764,359330,18380,8115,13101,5027,33506,14825,17451,11827,7122,15858,-700868
10-05-2020,15068,21914,4826,40948,11426,19777,31774,20358,6719,15858,26418,19374,27313,24897,362424,18567,8139,13146,5082,33762,14950,17663,11906,7166,15952,-706223
10-06-2020,15097,21964,4832,40997,11498,19823,31932,20378,6724,15872,26428,19452,27366,24913,363284,18576,8144,13154,5089,33834,15058,17687,11928,7175,15960,-712888
10-07-2020,15161,22041,4852,41059,11535,19883,32059,20435,6739,15904,26569,19586,27471,24972,364543,18720,8168,13171,5105,33952,15123,17777,11954,7191,16045,-723606
10-08-2020,15236,22114,4880,41152,11577,19987,32181,20491,6759,15945,26633,19624,27577,25001,365742,18828,8195,13204,5117,34050,15154,17884,11967,7206,16149,-728216
10-09-2020,15323,22235,4916,41257,11632,20046,32365,20537,6785,15993,26725,19693,27632,25072,366949,18902,8241,13243,5139,34153,15234,17966,11997,7223,16258,-728216
10-10-2020,15396,22497,4967,41495,11818,20215,32813,20643,6817,16062,26890,19935,27921,25176,370157,19108,8370,13357,5170,34458,15489,18280,12049,7296,16486,-733000
10-11-2020,15413,22617,4985,41579,11902,20296,32923,20707,6824,16094,26942,20049,28048,25246,371490,19236,8380,13383,5228,34659,15588,18472,12119,7331,16555,-738189
10-12-2020,15425,22730,5006,41616,11957,20342,32961,20815,6829,16119,26953,20127,28160,25304,372116,19294,8393,13396,5243,34722,15667,18562,12177,7343,16557,-743969
10-13-2020,15447,22851,5039,41656,12014,20424,33080,20873,6851,16139,27010,20202,28344,25352,373096,19450,8405,13425,5266,34945,15730,18728,12256,7372,16600,-748097
10-14-2020,15447,22851,5039,41656,12014,20424,33080,20873,6851,16139,27010,20202,28344,25352,373096,19450,8405,13425,5266,34945,15730,18728,12256,7372,16600,-753959
10-15-2020,15544,23113,5140,41866,12133,20571,33319,20979,6893,16223,27177,20497,28631,25538,375397,19693,8420,13489,5301,35101,15854,18859,12355,7405,16665,-759597
10-16-2020,15544,23113,5140,41866,12133,20571,33319,20979,6893,16223,27177,20497,28631,25538,375397,19693,8420,13489,5301,35101,15854,18859,12355,7405,16665,-769077
10-17-2020,15584,23232,5199,41950,12169,20648,33421,21035,6912,16259,27239,20611,28748,25602,376385,19853,8433,13520,5345,35167,15905,18940,12435,7437,16740,-774356
10-18-2020,15628,23374,5226,42016,12212,20736,33517,21107,6943,16296,27283,20783,28883,25748,377630,19987,8465,13564,5368,35264,15961,19056,12465,7482,16853,-774356
10-19-2020,15662,23560,5248,42079,12264,20818,33658,21152,6957,16348,27345,20926,29127,25903,378793,20119,8475,13581,5390,35361,16041,19135,12504,7602,16868,-784056
10-20-2020,15697,23609,5274,42103,12321,20886,33829,21231,6968,16421,27454,21014,29195,25992,379721,20163,8481,13595,5403,35424,16069,19181,12509,7625,16891,-788494
10-21-2020,15740,23737,5324,42219,12369,20961,34005,21286,6974,16489,27534,21092,29318,26064,381211,20299,8502,13632,5410,35483,16152,19295,12537,7661,16949,-788494
10-22-2020,15889,23993,5388,42383,12469,21093,34279,21438,7003,16567,27610,21348,29568,26257,383592,20461,8518,13722,5448,35676,16246,19537,12587,7784,17036,-796719
10-23-2020,15889,23993,5388,42383,12469,21093,34279,21438,7003,16567,27610,21348,29568,26257,383592,20461,8518,13722,5448,35676,16246,19537,12587,7784,17036,-796719
10-24-2020,15992,24115,5432,42516,12548,21209,34474,21525,7010,16609,27637,21465,29709,26357,384865,20553,8536,13756,5461,35767,16310,19670,12625,7845,17097,-800480
10-25-2020,16140,24308,5482,42819,12667,21363,34778,21623,7043,16688,27755,21690,29987,26552,386795,20707,8562,13832,5492,35960,16486,19930,12674,7971,17262,-803846
10-26-2020,16140,24308,5482,42819,12667,21363,34778,21623,7043,16688,27755,21690,29987,26552,386795,20707,8562,13832,5492,35960,16486,19930,12674,7971,17262,-810995
10-27-2020,16203,24355,5509,42847,12696,21413,34842,21666,7065,16740,27798,21760,30073,26633,387650,20740,8571,13854,5497,35993,16538,19988,12673,7989,17284,-810995
10-28-2020,16235,24443,5535,42879,12723,21458,34945,21717,7069,16767,27832,21850,30143,26667,388448,20783,8577,13888,5507,36053,16581,20097,12697,8024,17322,-816688
10-29-2020,16285,24532,5567,42973,12763,21513,35032,21771,7076,16821,27894,21963,30230,26737,389364,20901,8589,13944,5524,36124,16649,20201,12737,8060,17363,-819717
10-30-2020,16349,24658,5584,43054,12823,21554,35154,21843,7090,16867,27924,22068,30326,26803,390453,20998,8605,13990,5538,36199,16721,20345,12784,8087,17415,-819717
10-31-2020,16421,24770,5638,43146,12895,21647,35294,21903,7120,16915,27987,22191,30431,26885,391194,21144,8617,14018,5553,36296,16782,20496,12820,8125,17481,-822316
11-01-2020,16486,24871,5658,43243,12940,21704,35392,21962,7168,16955,28048,22286,30567,26949,391946,21198,8651,14059,5567,36411,16819,20573,12863,8158,17553,-825197
11-02-2020,16486,24871,5658,43243,12940,21704,35392,21962,7168,16955,28048,22286,30567,26949,391946,21198,8651,14059,5567,36411,16819,20573,12863,8158,17553,-830612
11-03-2020,16486,24871,5658,43243,12940,21704,35392,21962,7168,16955,28048,22286,30567,26949,391946,21198,8651,14059,5567,36411,16819,20573,12863,8158,17553,-830612
11-04-2020,16783,25350,5742,43437,13105,21892,36089,22166,7223,17103,28293,22743,30869,27144,395363,21566,8705,14203,5610,36721,16974,21092,12962,8253,17728,-832929
11-05-2020,16936,25479,5773,43482,13174,21979,36264,22195,7238,17157,28336,22911,30950,27224,396527,21682,8745,14237,5624,36773,17027,21190,12997,8275,17817,-838265
11-06-2020,16936,25479,5773,43482,13174,21979,36264,22195,7238,17157,28336,22911,30950,27224,396527,21682,8745,14237,5624,36773,17027,21190,12997,8275,17817,-838265
11-07-2020,16960,25554,5824,43568,13219,22052,36441,22290,7248,17221,28434,22990,31026,27293,397580,21834,8772,14283,5630,36875,17101,21294,13038,8306,17887,-838783
11-08-2020,16983,25658,5861,43619,13249,22144,36598,22351,7255,17353,28515,23071,31140,27370,398488,21909,8787,14319,5650,36932,17206,21371,13081,8343,17936,-846215
11-09-2020,17021,25739,5876,43662,13283,22179,36701,22433,7273,17462,28561,23124,31209,27493,399396,21968,8804,14358,5670,36990,17261,21513,13124,8368,17986,-846215
11-10-2020,17026,25806,5890,43681,13316,22214,36743,22505,7273,17609,28561,23162,31239,27514,399772,21990,8809,14371,5685,37037,17278,21566,13141,8386,18010,-850670
11-11-2020,17057,25895,5918,43712,13342,22260,36827,22578,7289,17650,28620,23215,31313,27547,400453,22012,8820,14390,5752,37107,17305,21662,13188,8420,18107,-850670
11-12-2020,17091,25984,5936,43775,13415,22317,36924,22623,7305,17718,28680,23292,31493,27617,401327,22138,8834,14427,5823,37212,17340,21767,13242,8450,18245,-853208
11-13-2020,17132,26094,5990,43845,13465,22377,37035,22661,7317,17798,28737,23377,31587,27682,402051,22236,8846,14460,5855,37286,17415,21849,13274,8467,18334,-856023
11-14-2020,17175,26218,6015,43919,13534,22430,37160,22709,7340,17867,28762,23473,31690,27830,402887,22315,8860,14493,5883,37375,17455,21947,13321,8483,18403,-858388
11-15-2020,17193,26299,6040,43980,13652,22485,37323,22746,7355,17967,28776,23543,31761,27900,403679,22360,8883,14537,5898,37478,17505,22034,13358,8493,18477,-858388
11-16-2020,17215,26367,6060,44022,13687,22543,37420,22781,7361,18029,28791,23638,31850,28000,404446,22437,8907,14583,5918,37550,17547,22119,13385,8506,18618,-865348
11-17-2020,17215,26404,6079,44067,13715,22566,37468,22824,7366,18097,28816,23708,31939,28016,404970,22458,8914,14595,5926,37576,17569,22180,13388,8509,18632,-867306
11-18-2020,17232,26433,6098,44101,13743,22664,37583,22869,7377,18146,28873,23762,31987,28042,405608,22500,8928,14633,5939,37662,17585,22237,13412,8528,18672,-867306
11-19-2020,17232,26433,6098,44101,13743,22664,37583,22869,7377,18146,28873,23762,31987,28042,405608,22500,8928,14633,5939,37662,17585,22237,13412,8528,18672,-871534
11-20-2020,17284,26575,6144,44231,13804,22799,37748,22936,7404,18205,28947,23938,32165,28216,406996,22731,8958,14712,5979,37869,17662,22366,13476,8551,18775,-871534
11-21-2020,17426,26745,6177,44316,13884,22919,37993,23051,7426,18300,28981,24099,32346,28438,408443,22928,8987,14760,6017,38038,17745,22561,13529,8579,18844,-873970
11-22-2020,17426,26745,6177,44316,13884,22919,37993,23051,7426,18300,28981,24099,32346,28438,408443,22928,8987,14760,6017,38038,17745,22561,13529,8579,18844,-879439
11-23-2020,17446,26829,6193,44351,13931,22958,38091,23087,7447,18332,29010,24168,32423,28488,408975,22970,8991,14784,6043,38080,17791,22669,13545,8598,18875,-879439
11-24-2020,17449,26851,6203,44361,13954,22986,38132,23107,7451,18348,29061,24215,32484,28504,409325,23039,8993,14790,6052,38088,17812,22674,13546,8599,18892,-882600
11-25-2020,17486,26891,6233,44384,13995,23055,38290,23156,7457,18361,29097,24269,32551,28547,409935,23118,8998,14817,6061,38234,17827,22776,13587,8684,18945,-884747
11-26-2020,17486,26891,6233,44384,13995,23055,38290,23156,7457,18361,29097,24269,32551,28547,409935,23118,8998,14817,6061,38234,17827,22776,13587,8684,18945,-887019
11-27-2020,17556,27006,6281,44485,14071,23153,38523,23288,7485,18455,29137,24437,32738,28666,411185,23280,9030,14909,6095,38405,17935,23054,13645,8703,19040,-887019
11-28-2020,17625,27197,6346,44698,14129,23235,38760,23411,7522,18589,29205,24603,32922,28839,412400,23426,9050,14958,6112,38651,18037,23206,13718,8748,19102,-888815
11-29-2020,17709,27239,6360,44784,14164,23274,38890,23496,7526,18631,29222,24655,33012,29052,413101,23549,9067,14987,6124,38720,18090,23283,13776,8788,19108,-893061
11-30-2020,17709,27239,6360,44784,14164,23274,38890,23496,7526,18631,29222,24655,33012,29052,413101,23549,9067,14987,6124,38720,18090,23283,13776,8788,19108,-893061
12-01-2020,17727,27320,6371,44812,14176,23302,38920,23510,7532,18672,29236,24691,33064,29071,413554,23596,9070,15001,6127,38753,18113,23311,13811,8791,19108,-893061
12-02-2020,17727,27320,6371,44812,14176,23302,38920,23510,7532,18672,29236,24691,33064,29071,413554,23596,9070,15001,6127,38753,18113,23311,13811,8791,19108,-896978
12-03-2020,17810,27419,6477,44938,14236,23405,39118,23603,7552,18735,29281,24826,33209,29170,414772,23755,9098,15072,6146,38933,18177,23458,13870,8815,19124,-899213
12-04-2020,17810,27419,6477,44938,14236,23405,39118,23603,7552,18735,29281,24826,33209,29170,414772,23755,9098,15072,6146,38933,18177,23458,13870,8815,19124,-903958
12-05-2020,17868,27555,6530,45100,14314,23512,39306,23698,7565,18825,29357,24948,33420,29382,416008,23970,9120,15119,6157,39097,18239,23616,13920,8835,19204,-903958
12-06-2020,17888,27625,6575,45157,14334,23543,39420,23760,7572,18879,29384,25005,33473,29483,416732,24045,9138,15149,6177,39143,18275,23678,13945,8854,19223,-907654
12-07-2020,17896,27659,6592,45200,14369,23588,39464,23786,7577,18920,29415,25059,33549,29588,417064,24109,9148,15172,6189,39190,18308,23720,13962,8878,19236,-907654
12-08-2020,17896,27659,6592,45200,14369,23588,39464,23786,7577,18920,29415,25059,33549,29588,417064,24109,9148,15172,6189,39190,18308,23720,13962,8878,19236,-909389
12-09-2020,17918,27769,6638,45250,14391,23685,39607,23824,7605,18968,29528,25127,33633,29686,418298,24139,9175,15215,6204,39265,18344,23812,13987,8902,19250,-911113
12-10-2020,17929,27883,6689,45358,14441,23731,39725,23904,7615,19078,29571,25262,33691,29834,419144,24236,9194,15271,6216,39368,18392,23860,14022,8915,19283,-912501
12-11-2020,17929,27883,6689,45358,14441,23731,39725,23904,7615,19078,29571,25262,33691,29834,419144,24236,9194,15271,6216,39368,18392,23860,14022,8915,19283,-914600
12-12-2020,17935,27902,6721,45428,14463,23813,39828,23949,7619,19134,29613,25385,33756,29936,419748,24333,9202,15298,6227,39441,18442,23930,14049,8936,19311,-916335
12-13-2020,17935,27902,6721,45428,14463,23813,39828,23949,7619,19134,29613,25385,33756,29936,419748,24333,9202,15298,6227,39441,18442,23930,14049,8936,19311,-916335
12-14-2020,17962,28058,6764,45592,14509,23894,39997,24055,7630,19232,29654,25602,33881,30418,421212,24435,9217,15340,6246,39536,18523,24085,14096,8964,19394,-918352
12-15-2020,17972,28203,6766,45609,14523,23911,40064,24065,7644,19286,29659,25648,33943,30433,421708,24434,9218,15366,6250,39558,18544,24100,14099,8965,19408,-920306
12-16-2020,17972,28203,6766,45609,14523,23911,40064,24065,7644,19286,29659,25648,33943,30433,421708,24434,9218,15366,6250,39558,18544,24100,14099,8965,19408,-924120
12-17-2020,18006,28249,6844,45754,14575,23977,40271,24157,7654,19331,29766,25829,34070,30521,422770,24619,9242,15426,6281,39717,18603,24242,14164,8994,19537,-924120
12-18-2020,18006,28249,6844,45754,14575,23977,40271,24157,7654,19331,29766,25829,34070,30521,422770,24619,9242,15426,6281,39717,18603,24242,14164,8994,19537,-928219
12-19-2020,18006,28249,6844,45754,14575,23977,40271,24157,7654,19331,29766,25829,34070,30521,422770,24619,9242,15426,6281,39717,18603,24242,14164,8994,19537,-930410
12-20-2020,18063,28412,6987,45929,14642,24093,40590,24466,7675,19463,29899,26155,34301,30985,425082,24852,9324,15502,6315,40038,18694,24472,14218,9033,19675,-930410
12-21-2020,18073,28559,7030,46055,14664,24139,40650,24511,7679,19478,29926,26251,34330,31045,425642,24918,9343,15523,6337,40068,18715,24497,14239,9034,19708,-932295
12-22-2020,18075,28567,7048,46072,14673,24173,40703,24544,7681,19580,29922,26294,34347,31094,426023,24952,9350,15537,6342,40081,18728,24518,14240,9036,19722,-936182
12-23-2020,18088,28696,7057,46127,14696,24210,40783,24598,7686,19607,30005,26395,34390,31108,426695,25004,9361,15551,6350,40162,18757,24551,14269,9046,19743,-936182
12-24-2020,18088,28696,7057,46127,14696,24210,40783,24598,7686,19607,30005,26395,34390,31108,426695,25004,9361,15551,6350,40162,18757,24551,14269,9046,19743,-938341
12-25-2020,18105,28854,7135,46277,14744,24309,40974,24691,7702,19759,30082,26602,34473,31170,428198,25192,9388,15603,6373,40267,18796,24720,14344,9072,19835,-940040
12-26-2020,18113,28938,7184,46332,14768,24327,41054,24711,7706,19803,30100,26729,34507,31230,428805,25223,9399,15636,6389,40323,18815,24792,14355,9080,19859,-941668
12-27-2020,18113,28938,7184,46332,14768,24327,41054,24711,7706,19803,30100,26729,34507,31230,428805,25223,9399,15636,6389,40323,18815,24792,14355,9080,19859,-943637
12-28-2020,18115,29114,7209,46389,14816,24358,41162,24735,7707,19894,30127,26826,34557,31265,429810,25234,9414,15651,6406,40355,18837,24827,14385,9092,19898,-947427
12-29-2020,18128,29239,7220,46485,14829,24393,41202,24743,7711,19908,30160,26865,34569,31318,430415,25240,9417,15675,6418,40362,18846,24845,14390,9094,19911,-949391
12-30-2020,18160,29271,7251,46562,14859,24450,41247,24779,7740,19938,30203,26956,34657,31341,430974,25280,9424,15696,6425,40419,18864,24911,14421,9118,19976,-951318
12-31-2020,18255,29393,7361,46711,14927,24640,41415,24886,7756,20000,30307,27343,34863,31458,432735,25396,9448,15795,6451,40568,18976,25021,14466,9131,20155,-951318
01-01-2021,18255,29393,7361,46711,14927,24640,41415,24886,7756,20000,30307,27343,34863,31458,432735,25396,9448,15795,6451,40568,18976,25021,14466,9131,20155,-951318
01-02-2021,18255,29393,7361,46711,14927,24640,41415,24886,7756,20000,30307,27343,34863,31458,432735,25396,9448,15795,6451,40568,18976,25021,14466,9131,20155,-951318
01-03-2021,18298,29569,7501,46804,14958,24728,41536,24972,7769,20140,30327,27461,35007,31511,434025,25396,9448,15827,6513,40658,19017,25040,14520,9138,20163,-958682
01-04-2021,18298,29631,7502,46880,14982,24801,41578,24975,7768,20193,30365,27493,35118,31507,434742,25403,9448,15841,6521,40687,19028,25048,14530,9138,20168,-958682
01-05-2021,18298,29631,7502,46880,14982,24801,41578,24975,7768,20193,30365,27493,35118,31507,434742,25403,9448,15841,6521,40687,19028,25048,14530,9138,20168,-960703
01-06-2021,18316,29796,7549,46937,15003,24859,41762,25003,7776,20201,30438,27540,35227,31555,436196,25403,9450,15861,6527,40711,19031,25066,14554,9166,20166,-962566
01-07-2021,18316,29796,7549,46937,15003,24859,41762,25003,7776,20201,30438,27540,35227,31555,436196,25403,9450,15861,6527,40711,19031,25066,14554,9166,20166,-962566
01-08-2021,18324,29953,7659,47134,15043,25110,41920,25098,7782,20383,30528,27781,35390,31655,437774,25413,9450,15931,6555,41014,19066,25164,14605,9195,20204,-964354
01-09-2021,18324,29953,7659,47134,15043,25110,41920,25098,7782,20383,30528,27781,35390,31655,437774,25413,9450,15931,6555,41014,19066,25164,14605,9195,20204,-966447
01-10-2021,18324,29953,7659,47134,15043,25110,41920,25098,7782,20383,30528,27781,35390,31655,437774,25413,9450,15931,6555,41014,19066,25164,14605,9195,20204,-968335
01-11-2021,18424,30155,7935,47551,15130,25414,42144,25260,7794,20507,30679,28061,35539,31859,441460,25454,9461,16053,6642,41237,19117,25274,14716,9241,20261,-968327
01-12-2021,18435,30569,8039,47621,15166,25454,42293,25313,7797,20697,30781,28160,35571,31945,443395,25473,9461,16104,6667,41363,19135,25320,14745,9248,20263,-970916
01-13-2021,18441,30683,8078,47704,15219,25482,42392,25361,7803,20734,30873,28343,35616,31982,444991,25518,9465,16150,6694,41458,19146,25357,14805,9263,20274,-971000
01-14-2021,18441,30683,8078,47704,15219,25482,42392,25361,7803,20734,30873,28343,35616,31982,444991,25518,9465,16150,6694,41458,19146,25357,14805,9263,20274,-976202
01-15-2021,18621,31913,8324,48326,15497,25765,42948,25638,7879,21152,31366,29381,35980,32244,452099,25622,9470,16459,6852,42172,19336,25543,15041,9376,20365,-978072
01-16-2021,18621,31913,8324,48326,15497,25765,42948,25638,7879,21152,31366,29381,35980,32244,452099,25622,9470,16459,6852,42172,19336,25543,15041,9376,20365,-978072
01-17-2021,18660,32091,8472,48578,15575,25867,43113,25792,7890,21199,31493,29703,36122,32339,454003,25657,9477,16538,6926,42332,19380,25624,15134,9421,20411,-978072
01-18-2021,18660,32091,8472,48578,15575,25867,43113,25792,7890,21199,31493,29703,36122,32339,454003,25657,9477,16538,6926,42332,19380,25624,15134,9421,20411,-984726
01-19-2021,18660,32091,8472,48578,15575,25867,43113,25792,7890,21199,31493,29703,36122,32339,454003,25657,9477,16538,6926,42332,19380,25624,15134,9421,20411,-984726
01-20-2021,18751,32728,8629,49017,15723,26407,43774,26107,7905,21549,31908,30241,36267,32588,460343,25731,9491,16741,7015,42606,19485,25772,15303,9527,20562,-989367
01-21-2021,18751,32728,8629,49017,15723,26407,43774,26107,7905,21549,31908,30241,36267,32588,460343,25731,9491,16741,7015,42606,19485,25772,15303,9527,20562,-993509
01-22-2021,18851,33105,8779,49494,15873,26643,44099,26356,8004,21760,32190,30899,36458,32731,464997,25811,9509,16879,7112,42772,19614,25939,15523,9614,20621,-993509
01-23-2021,18851,33105,8779,49494,15873,26643,44099,26356,8004,21760,32190,30899,36458,32731,464997,25811,9509,16879,7112,42772,19614,25939,15523,9614,20621,-1002516
01-24-2021,18985,33515,8939,49986,16011,26922,44551,26671,8057,21974,32526,31508,36685,32869,470467,25927,9522,16989,7219,42971,19772,26173,15691,9659,20741,-1007748
01-25-2021,18985,33515,8939,49986,16011,26922,44551,26671,8057,21974,32526,31508,36685,32869,470467,25927,9522,16989,7219,42971,19772,26173,15691,9659,20741,-1012450
01-26-2021,19026,33864,9056,50358,16088,27114,44919,26797,8086,22169,32709,31939,36822,33056,475371,25951,9535,17087,7304,43145,19926,26287,15796,9705,20798,-1018512
01-27-2021,19026,33864,9056,50358,16088,27114,44919,26797,8086,22169,32709,31939,36822,33056,475371,25951,9535,17087,7304,43145,19926,26287,15796,9705,20798,-1023896
01-28-2021,19143,34284,9204,50958,16221,27397,45347,27117,8120,22342,33018,32721,37011,33262,480643,26036,9566,17221,7409,43438,20010,26454,16070,9822,20884,-1028120
01-29-2021,19143,34284,9204,50958,16221,27397,45347,27117,8120,22342,33018,32721,37011,33262,480643,26036,9566,17221,7409,43438,20010,26454,16070,9822,20884,-1027854
01-30-2021,19366,34958,9380,51708,16457,27880,46224,27765,8324,22666,33735,33772,37371,33507,489669,26263,9598,17487,7601,43856,20440,26728,16444,9949,21017,-1039619
01-31-2021,19366,34958,9380,51708,16457,27880,46224,27765,8324,22666,33735,33772,37371,33507,489669,26263,9598,17487,7601,43856,20440,26728,16444,9949,21017,-1047002
02-01-2021,19420,35178,9424,52002,16540,28042,46349,28068,8343,22712,33885,33969,37573,33597,491868,26301,9603,17547,7684,44052,20580,26798,16578,10028,21072,-1052050
02-02-2021,19420,35454,9461,52092,16575,28108,46708,28369,8363,22749,33957,34078,37612,33621,494479,26350,9605,17560,7741,44101,20601,26821,16588,10041,21081,-1057145
02-03-2021,19484,35714,9530,52376,16640,28174,47009,28606,8385,22833,34265,34352,37742,33653,498301,26492,9610,17691,7804,44273,20646,26906,16708,10085,21131,-1060740
02-04-2021,19580,36013,9619,52767,16729,28317,47415,28928,8417,22928,34581,34766,37983,33782,502704,26589,9624,17823,7859,44425,20761,27003,16883,10097,21206,-1069129
02-05-2021,19580,36013,9619,52767,16729,28317,47415,28928,8417,22928,34581,34766,37983,33782,502704,26589,9624,17823,7859,44425,20761,27003,16883,10097,21206,-1069946
02-06-2021,19710,36628,9775,53318,16890,28642,48079,29428,8506,23075,35072,35408,38295,33991,510299,26733,9653,17974,8087,44713,20996,27190,17151,10189,21310,-1086643
02-07-2021,19774,37141,9870,53694,17043,28928,48680,29826,8583,23213,35414,36059,38611,34273,518021,26851,9664,18031,8210,44965,21328,27309,17332,10206,21364,-1089040
02-08-2021,19774,37141,9870,53694,17043,28928,48680,29826,8583,23213,35414,36059,38611,34273,518021,26851,9664,18031,8210,44965,21328,27309,17332,10206,21364,-1094573
02-09-2021,19778,37314,9919,53773,17080,29007,48834,29935,8622,23294,35496,36217,38691,34357,520771,26867,9669,18129,8234,45002,21383,27348,17384,10246,21404,-1106098
02-10-2021,19827,37441,9978,54027,17151,29124,49060,30178,8653,23356,35608,36608,38773,34552,523558,26947,9680,18182,8280,45098,21467,27408,17474,10294,21428,-1111496
02-11-2021,19824,37426,9970,54005,17145,29117,49033,30167,8651,23342,35583,36587,38756,34548,523394,26936,9680,18178,8276,45094,21451,27402,17458,10289,21421,-1111005
02-12-2021,20018,37885,10177,54698,17361,29518,49842,30677,8718,23545,35981,37557,39192,34863,531296,27122,9710,18337,8379,45419,21738,27606,17763,10344,21518,-1130923
02-13-2021,20091,38136,10251,55113,17464,29654,50185,30969,8802,23632,36242,37951,39390,34918,535629,27351,9727,18405,8475,45591,21878,27671,17965,10441,21562,-1130923
02-14-2021,20205,38569,10379,55649,17645,29984,50893,31452,8890,23776,36634,38569,39808,35067,543198,27681,9759,18590,8566,45904,22150,27828,18227,10568,21604,-1137412
02-15-2021,20219,38687,10400,55705,17679,30038,50967,31552,8919,23832,36718,38666,39865,35087,545159,27718,9762,18643,8611,45926,22164,27829,18297,10570,21608,-1149367
02-16-2021,20219,38687,10400,55705,17679,30038,50967,31552,8919,23832,36718,38666,39865,35087,545159,27718,9762,18643,8611,45926,22164,27829,18297,10570,21608,-1149367
02-17-2021,20255,38822,10460,55986,17767,30156,51229,31782,8955,23882,36891,39001,40013,35136,548480,27888,9776,18733,8661,46027,22200,27908,18431,10598,21636,-1155956
02-18-2021,20288,39033,10526,56189,17853,30278,51484,32042,8997,23921,37104,39366,40201,35186,552857,27984,9787,18791,8697,46135,22297,27957,18551,10638,21667,-1156408
02-19-2021,20288,39033,10526,56189,17853,30278,51484,32042,8997,23921,37104,39366,40201,35186,552857,27984,9787,18791,8697,46135,22297,27957,18551,10638,21667,-1153667
02-20-2021,20404,39460,10668,56742,18066,30737,52255,32457,9120,24070,37522,40121,40723,35384,562467,28433,9825,18969,8826,46480,22597,28188,18818,10718,21783,-1169648
02-21-2021,20478,39608,10736,56981,18158,30912,52494,32689,9167,24136,37647,40326,40866,35455,566015,28595,9838,19044,8858,46598,22661,28256,18892,10788,21824,-1176048
02-22-2021,20532,39788,10779,57215,18282,31106,53013,32994,9219,24201,37828,40673,41063,35607,569671,28703,9861,19121,8903,46792,22771,28410,19010,10796,21874,-1183238
02-23-2021,20543,39879,10792,57254,18329,31198,53327,33090,9237,24240,37896,40739,41183,35621,571561,28763,9873,19152,8944,46830,22858,28440,19049,10799,21897,-1188995
02-24-2021,20567,40052,10823,57466,18424,31346,53552,33318,9267,24288,38069,41046,41441,35664,575274,29003,9888,19221,8983,46957,22918,28526,19107,10858,21952,-1196515
02-25-2021,20667,40277,10882,57736,18526,31623,53954,33592,9291,24338,38284,41304,41731,35718,578777,29288,9928,19294,9034,47096,22997,28608,19243,10913,22015,-1196515
02-26-2021,20735,40442,10944,57943,18634,31854,54749,33816,9320,24381,38445,41564,41995,35845,582546,29768,9953,19366,9102,47237,23079,28678,19313,11046,22064,-1210959
02-27-2021,20753,40667,11019,58210,18744,32093,55093,34097,9344,24426,38584,41790,42271,35920,586558,30288,9976,19422,9134,47355,23163,28752,19412,11079,22119,-1218700
02-28-2021,20753,40667,11019,58210,18744,32093,55093,34097,9344,24426,38584,41790,42271,35920,586558,30288,9976,19422,9134,47355,23163,28752,19412,11079,22119,-1218700
03-01-2021,20753,40667,11019,58210,18744,32093,55093,34097,9344,24426,38584,41790,42271,35920,586558,30288,9976,19422,9134,47355,23163,28752,19412,11079,22119,-1219486
03-02-2021,20961,41271,11163,58849,19141,32620,56048,34915,9435,24556,39015,42466,43130,36337,598018,31106,10060,19644,9227,47763,23366,28976,19695,11340,22301,-1236668
03-03-2021,20961,41271,11163,58849,19141,32620,56048,34915,9435,24556,39015,42466,43130,36337,598018,31106,10060,19644,9227,47763,23366,28976,19695,11340,22301,-1244029
03-04-2021,21036,41440,11215,59083,19250,32869,56322,35182,9471,24600,39165,42715,43366,36401,601452,31209,10098,19723,9272,47905,23468,29106,19779,11366,22387,-1250047
03-05-2021,21036,41440,11215,59083,19250,32869,56322,35182,9471,24600,39165,42715,43366,36401,601452,31209,10098,19723,9272,47905,23468,29106,19779,11366,22387,-1243981
03-06-2021,21190,41791,11322,59450,19483,33304,56961,35709,9534,24665,39356,43209,43821,36558,608358,31503,10159,19842,9351,48260,23638,29315,19973,11506,22545,-1262722
03-07-2021,21190,41791,11322,59450,19483,33304,56961,35709,9534,24665,39356,43209,43821,36558,608358,31503,10159,19842,9351,48260,23638,29315,19973,11506,22545,-1262885
03-08-2021,21300,42152,11422,59788,19741,33841,57707,36240,9585,24737,39562,43612,44198,36782,615010,31663,10254,19975,9457,48660,23796,29502,20106,11538,22694,-1276245
03-09-2021,21300,42152,11422,59788,19741,33841,57707,36240,9585,24737,39562,43612,44198,36782,615010,31663,10254,19975,9457,48660,23796,29502,20106,11538,22694,-1279529
03-10-2021,21353,42388,11495,60092,19863,34082,58125,36525,9644,24804,39736,43876,44421,36960,619665,31861,10315,20081,9565,48916,23886,29637,20201,11566,22803,-1288067
03-11-2021,21434,42676,11574,60289,20022,34383,58517,36832,9676,24854,39865,44134,44645,37040,623274,32019,10371,20142,9656,49157,23975,29762,20291,11619,22927,-1294623
03-12-2021,21492,42884,11656,60452,20149,34625,58878,37170,9728,24904,39998,44353,44956,37177,626759,32133,10408,20198,9694,49422,24098,29876,20367,11654,23056,-1301439
03-13-2021,21599,43125,11720,60642,20260,34830,59186,37467,9763,24954,40099,44569,45250,37259,631316,32272,10453,20244,9769,49682,24160,29972,20426,11710,23219,-1308175
03-14-2021,21622,43281,11765,60770,20385,34912,59402,37644,9799,24991,40164,44773,45462,37335,634058,32446,10497,20273,9796,49860,24234,30105,20477,11746,23325,-1313763
03-15-2021,21622,43281,11765,60770,20385,34912,59402,37644,9799,24991,40164,44773,45462,37335,634058,32446,10497,20273,9796,49860,24234,30105,20477,11746,23325,-1318404
03-16-2021,21622,43281,11765,60770,20385,34912,59402,37644,9799,24991,40164,44773,45462,37335,634058,32446,10497,20273,9796,49860,24234,30105,20477,11746,23325,-1319113
03-17-2021,21787,43967,11946,61114,20712,35513,60068,38257,9916,25106,40414,45224,46085,37559,644996,32750,10635,20392,9899,50416,24398,30422,20597,11920,23641,-1338819
03-18-2021,21888,44425,12018,61282,20845,35849,60436,38611,9946,25164,40592,45499,46443,37702,649136,32894,10676,20455,9938,50720,24484,30608,20651,12018,23795,-1347160
03-19-2021,21888,44425,12018,61282,20845,35849,60436,38611,9946,25164,40592,45499,46443,37702,649136,32894,10676,20455,9938,50720,24484,30608,20651,12018,23795,-1348883
03-20-2021,21888,44425,12018,61282,20845,35849,60436,38611,9946,25164,40592,45499,46443,37702,649136,32894,10676,20455,9938,50720,24484,30608,20651,12018,23795,-1348883
03-21-2021,22052,45447,12327,61757,21252,36621,62472,39520,10083,25318,40999,46256,47467,37973,661547,33374,10873,20620,10058,51589,24705,31118,20815,12185,24266,-1375884
03-22-2021,22080,45753,12422,61876,21338,36793,62685,39725,10121,25372,41072,46464,47701,38035,664083,33468,10922,20648,10129,51932,24738,31264,20846,12228,24433,-1381318
03-23-2021,22210,46323,12568,62121,21548,37336,63750,40307,10195,25474,41267,46766,48215,38496,671922,33636,11013,20775,10251,52416,24818,31480,20905,12350,24643,-1388554
03-24-2021,22210,46323,12568,62121,21548,37336,63750,40307,10195,25474,41267,46766,48215,38496,671922,33636,11013,20775,10251,52416,24818,31480,20905,12350,24643,-1397341
03-25-2021,22379,47189,12772,62399,21781,37914,65351,40967,10310,25595,41512,47289,48856,38852,681618,33937,11131,20852,10403,53268,24953,31772,20989,12518,25027,-1406304
03-26-2021,22379,47189,12772,62399,21781,37914,65351,40967,10310,25595,41512,47289,48856,38852,681618,33937,11131,20852,10403,53268,24953,31772,20989,12518,25027,-1411541
03-27-2021,22656,47960,13023,62852,22027,38663,66307,41795,10390,25754,41773,48011,49750,39376,691712,34253,11255,21018,10514,54125,25150,32155,21111,12694,25411,-1432450
03-28-2021,22656,47960,13023,62852,22027,38663,66307,41795,10390,25754,41773,48011,49750,39376,691712,34253,11255,21018,10514,54125,25150,32155,21111,12694,25411,-1433727
03-29-2021,22706,48351,13130,63005,22132,38974,67429,42062,10448,25847,41884,48256,50086,39532,695650,34325,11311,21118,10567,54501,25196,32317,21166,12826,25594,-1448039
03-30-2021,22723,48458,13188,63053,22185,39149,67498,42169,10471,25887,41941,48351,50187,39693,697000,34365,11358,21170,10608,54691,25225,32424,21175,12847,25670,-1451112
03-31-2021,22776,48760,13290,63244,22299,39378,68280,42442,10523,25965,42030,48616,50504,39804,699742,34454,11411,21216,10694,55021,25274,32565,21227,12891,25870,-1459934
04-01-2021,22835,49082,13417,63454,22394,39763,68958,42796,10593,26050,42171,48977,50918,40030,703572,34525,11470,21282,10747,55418,25335,32808,21265,12940,25999,-1464019
04-02-2021,22979,49907,13705,63896,22655,40417,72407,43535,10696,26242,42338,49486,51493,40287,711863,34855,11571,21405,10874,56103,25495,33175,21319,13070,26241,-1485582
04-03-2021,22979,49907,13705,63896,22655,40417,72407,43535,10696,26242,42338,49486,51493,40287,711863,34855,11571,21405,10874,56103,25495,33175,21319,13070,26241,-1486730
04-04-2021,23010,50140,13827,64022,22739,40703,73440,43764,10747,26313,42436,49722,51698,40399,713516,34917,11628,21455,10940,56329,25559,33287,21347,13072,26326,-1492428
04-05-2021,23093,50616,14022,64316,22913,41162,78413,44246,10855,26409,42566,50060,52508,40689,718577,35150,11717,21520,11021,56982,25640,33501,21400,13189,26506,-1509493
04-06-2021,23093,50616,14022,64316,22913,41162,78413,44246,10855,26409,42566,50060,52508,40689,718577,35150,11717,21520,11021,56982,25640,33501,21400,13189,26506,-1509493
04-07-2021,23158,50945,14192,64474,23028,41424,80560,44487,10914,26479,42661,50367,52919,40806,721190,35219,11757,21580,11055,57309,25675,33704,21447,13253,26579,-1518776
04-08-2021,23421,51961,14652,65033,23368,42276,81229,45255,11064,26726,42980,51280,53683,41255,729256,35411,11862,21706,11224,58208,25859,34279,21571,13398,26929,-1527112
04-09-2021,23500,52373,14874,65276,23510,42795,82375,45677,11111,26847,43143,51696,54053,41499,733624,35499,11910,21759,11289,58676,25949,34579,21648,13469,27103,-1547807
04-10-2021,23653,52763,15087,65516,23651,43183,82967,46179,11166,26954,43331,52095,54474,41773,738815,35714,11961,21833,11357,59236,26035,34868,21680,13547,27260,-1557779
04-11-2021,23653,52763,15087,65516,23651,43183,82967,46179,11166,26954,43331,52095,54474,41773,738815,35714,11961,21833,11357,59236,26035,34868,21680,13547,27260,-1558850
04-12-2021,23736,53171,15275,65684,23759,43543,83220,46540,11267,27084,43433,52392,54857,42012,742148,35774,11997,21866,11394,59689,26133,35106,21710,13606,27395,-1569943
04-13-2021,23762,53344,15335,65781,23792,43721,83569,47003,11340,27185,43536,52524,55004,42154,744622,35930,12016,21906,11465,59866,26199,35189,21736,13695,27416,-1578297
04-14-2021,23866,53660,15440,65949,23860,43972,83737,47231,11391,27271,43682,52822,55308,42577,747164,35968,12072,21925,11497,60178,26251,35365,21776,13728,27528,-1585230
04-15-2021,23989,53964,15627,66193,23986,44304,83914,47603,11492,27399,43810,53295,55646,42889,750182,36082,12112,21962,11564,60647,26345,35647,21827,13788,27658,-1592937
04-16-2021,24101,54712,15958,66534,24106,44989,84761,48187,11606,27547,44015,53761,56294,43207,755927,36188,12150,22029,11629,61269,26481,35972,21878,13835,27778,-1602034
04-17-2021,24205,55135,16192,66787,24222,45363,85021,48460,11710,27674,44207,54175,56639,43403,758789,36265,12188,22073,11693,61779,26607,36273,21930,13899,27908,-1611448
04-18-2021,24301,55595,16377,67007,24338,45772,85248,48782,11768,27795,44288,54620,56997,43933,762139,36334,12222,22136,11744,62236,26705,36559,21982,13929,28022,-1619680
04-19-2021,24382,56024,16604,67194,24460,46077,85394,49066,11861,27941,44358,54948,57358,44193,764714,36397,12244,22178,11818,62593,26816,36834,22020,13968,28085,-1633563
04-20-2021,24674,56593,16946,67477,24601,46622,85758,49701,12022,28102,44508,55443,58091,44513,771537,36454,12290,22232,11919,63219,26950,37108,22140,14044,28190,-1645100
04-21-2021,24674,56593,16946,67477,24601,46622,85758,49701,12022,28102,44508,55443,58091,44513,771537,36454,12290,22232,11919,63219,26950,37108,22140,14044,28190,-1645100
04-22-2021,24949,57256,17400,68020,24766,47426,86194,50323,12145,28290,44777,56349,58794,45161,777206,36546,12337,22315,12073,64152,27148,37560,22229,14183,28403,-1653411
04-23-2021,24949,57256,17400,68020,24766,47426,86194,50323,12145,28290,44777,56349,58794,45161,777206,36546,12337,22315,12073,64152,27148,37560,22229,14183,28403,-1660164
04-24-2021,25257,58209,17821,68564,24976,48352,86896,51160,12328,28544,45085,57319,59575,46024,784851,36726,12379,22394,12194,65279,27407,38055,22368,14343,28604,-1679099
04-25-2021,25257,58209,17821,68564,24976,48352,86896,51160,12328,28544,45085,57319,59575,46024,784851,36726,12379,22394,12194,65279,27407,38055,22368,14343,28604,-1680950
04-26-2021,25384,58626,18027,68800,25087,48718,87053,51526,12419,28652,45204,57729,59877,46259,787593,36821,12386,22439,12264,65658,27546,38291,22422,14390,28680,-1708673
04-27-2021,25474,58769,18132,68914,25121,48969,87204,51741,12484,28716,45238,57937,60820,46529,790599,36849,12402,22465,12352,65860,27617,38375,22463,14436,28707,-1714995
04-28-2021,25582,59104,18248,69206,25224,49275,87466,52027,12536,28797,45407,58361,61149,46805,792907,36894,12430,22510,12391,66280,27699,38618,22495,14463,28772,-1720711
04-29-2021,25582,59104,18248,69206,25224,49275,87466,52027,12536,28797,45407,58361,61149,46805,792907,36894,12430,22510,12391,66280,27699,38618,22495,14463,28772,-1720711
04-30-2021,25909,60174,18862,70011,25539,50351,88486,53157,12744,29028,45961,59762,62426,47589,802042,37071,12470,22651,12542,67595,28075,39151,22642,14632,29098,-1736183
05-01-2021,25909,60174,18862,70011,25539,50351,88486,53157,12744,29028,45961,59762,62426,47589,802042,37071,12470,22651,12542,67595,28075,39151,22642,14632,29098,-1741861
05-02-2021,26100,60647,19179,70454,25744,50932,88691,53814,12884,29166,46124,60487,63074,48213,806038,37125,12491,22743,12625,68130,28245,39340,22763,14709,29154,-1748170
05-03-2021,26100,60647,19179,70454,25744,50932,88691,53814,12884,29166,46124,60487,63074,48213,806038,37125,12491,22743,12625,68130,28245,39340,22763,14709,29154,-1758325
05-04-2021,26181,60909,19296,70798,25876,51206,88862,54155,12969,29253,46245,60958,63592,48449,809090,37169,12506,22815,12688,68412,28353,39484,22799,14753,29197,-1761205
05-05-2021,26181,60909,19296,70798,25876,51206,88862,54155,12969,29253,46245,60958,63592,48449,809090,37169,12506,22815,12688,68412,28353,39484,22799,14753,29197,-1766872
05-06-2021,26234,61173,19476,71079,25981,51514,88952,54520,13011,29320,46407,61383,63835,48716,810829,37262,12515,22879,12728,68653,28444,39675,22843,14796,29256,-1773490
05-07-2021,26234,61173,19476,71079,25981,51514,88952,54520,13011,29320,46407,61383,63835,48716,810829,37262,12515,22879,12728,68653,28444,39675,22843,14796,29256,-1773490
05-08-2021,26372,61800,19930,71777,26191,52105,89297,55169,13109,29459,46684,62244,65000,49325,816351,37398,12550,22962,12854,69311,28692,40032,22997,14943,29394,-1788106
05-09-2021,26477,62121,20085,72119,26283,52346,89432,55438,13160,29529,46791,62595,65283,49498,818026,37448,12574,23012,12889,69578,28863,40164,23065,14988,29466,-1793887
05-10-2021,26537,62395,20189,72452,26351,52527,89562,55648,13289,29585,46871,62923,65659,49715,819626,37490,12585,23061,12926,69843,29015,40284,23115,15028,29511,-1798844
05-11-2021,26537,62395,20189,72452,26351,52527,89562,55648,13289,29585,46871,62923,65659,49715,819626,37490,12585,23061,12926,69843,29015,40284,23115,15028,29511,-1800244
05-12-2021,26643,62701,20289,72853,26452,52867,89722,55884,13362,29688,47048,63464,66411,49896,822378,37550,12602,23138,12989,70127,29120,40503,23174,15118,29569,-1805707
05-13-2021,26643,62701,20289,72853,26452,52867,89722,55884,13362,29688,47048,63464,66411,49896,822378,37550,12602,23138,12989,70127,29120,40503,23174,15118,29569,-1805707
05-14-2021,26853,63266,20574,73848,26668,53568,90083,56823,13449,29844,47430,64313,67551,50332,827250,37723,12653,23281,13096,70780,29423,40903,23325,15258,29706,-1818965
05-15-2021,26853,63266,20574,73848,26668,53568,90083,56823,13449,29844,47430,64313,67551,50332,827250,37723,12653,23281,13096,70780,29423,40903,23325,15258,29706,-1818965
05-16-2021,27035,63744,20929,74736,26818,54021,90306,57400,13558,30002,47691,65032,68114,50680,830779,37833,12695,23340,13174,71341,29697,41163,23459,15373,29765,-1830225
05-17-2021,27035,63744,20929,74736,26818,54021,90306,57400,13558,30002,47691,65032,68114,50680,830779,37833,12695,23340,13174,71341,29697,41163,23459,15373,29765,-1830225
05-18-2021,27111,64105,21178,75299,26961,54419,90447,57937,13758,30098,47904,65424,69221,50824,833220,37888,12714,23427,13269,71648,29906,41277,23541,15486,29801,-1838647
05-19-2021,27250,64297,21297,75609,27043,54557,90561,58155,13786,30147,48014,65822,69461,50987,834441,37940,12734,23462,13306,71866,29990,41424,23604,15545,29832,-1842530
05-20-2021,27328,64565,21405,76108,27184,54835,90658,58459,13834,30211,48132,66240,69676,51199,836136,38026,12761,23514,13365,72106,30119,41575,23682,15578,29885,-1847981
05-21-2021,27413,64792,21548,76583,27287,55096,90789,58809,13864,30313,48250,66719,70607,51392,838040,38079,12772,23568,13411,72473,30264,41684,23789,15610,29955,-1852686
05-22-2021,27516,64975,21653,77047,27393,55365,90841,59070,13908,30426,48358,67089,70835,51577,839418,38125,12782,23626,13445,72761,30439,41822,23875,15642,30009,-1858998
05-23-2021,27577,65191,21769,77576,27499,55601,90977,59343,13955,30516,48514,67420,71024,51736,841066,38183,12794,23673,13471,72978,30584,41922,23950,15682,30043,-1865346
05-24-2021,27660,65396,21863,77971,27559,55771,91045,59594,13979,30611,48638,67723,71257,51852,842305,38238,12808,23716,13513,73215,30703,41999,24042,15704,30074,-1869538
05-25-2021,27660,65396,21863,77971,27559,55771,91045,59594,13979,30611,48638,67723,71257,51852,842305,38238,12808,23716,13513,73215,30703,41999,24042,15704,30074,-1874872
05-26-2021,27768,65689,21987,78526,27650,56024,91295,59944,14031,30690,48779,68208,72036,52017,844138,38318,12833,23781,13570,73523,30870,42126,24117,15755,30110,-1882307
05-27-2021,27845,65883,22101,79114,27749,56273,91419,60242,14057,30785,48887,68553,72288,52132,845466,38367,12849,23842,13600,73740,30987,42309,24199,15800,30124,-1888167
05-28-2021,27934,66055,22182,79631,27829,56443,91515,60451,14085,30876,48971,68898,72544,52284,846927,38456,12859,23906,13630,73964,31124,42438,24268,15818,30150,-1892794
05-29-2021,27996,66252,22237,80244,27916,56682,91594,60686,14118,30993,49127,69242,73006,52417,848624,38547,12871,23951,13656,74246,31224,42517,24336,15925,30170,-1897522
05-30-2021,27996,66252,22237,80244,27916,56682,91594,60686,14118,30993,49127,69242,73006,52417,848624,38547,12871,23951,13656,74246,31224,42517,24336,15925,30170,-1897522
05-31-2021,28070,66611,22432,81384,28062,57051,91709,61155,14181,31152,49313,69716,73370,52647,850613,38649,12883,24043,13714,74576,31422,42674,24498,15966,30236,-1905433
06-01-2021,28070,66611,22432,81384,28062,57051,91709,61155,14181,31152,49313,69716,73370,52647,850613,38649,12883,24043,13714,74576,31422,42674,24498,15966,30236,-2023716
06-02-2021,28070,66611,22432,81384,28062,57051,91709,61155,14181,31152,49313,69716,73370,52647,850613,38649,12883,24043,13714,74576,31422,42674,24498,15966,30236,-2024393
06-03-2021,27695,63887,21877,77951,27254,55197,85790,58977,13669,30010,45061,66947,68749,47895,798672,36175,12507,23456,13304,67284,29346,41447,23802,15215,28323,-1918756
06-04-2021,27695,63887,21877,77951,27254,55197,85790,58977,13669,30010,45061,66947,68749,47895,798672,36175,12507,23456,13304,67284,29346,41447,23802,15215,28323,-1919401
06-05-2021,27695,63887,21877,77951,27254,55197,85790,58977,13669,30010,45061,66947,68749,47895,798672,36175,12507,23456,13304,67284,29346,41447,23802,15215,28323,-1917945
06-06-2021,27695,63887,21877,77951,27254,55197,85790,58977,13669,30010,45061,66947,68749,47895,798672,36175,12507,23456,13304,67284,29346,41447,23802,15215,28323,-1917945
06-07-2021,27855,64477,22133,80280,27527,55752,86143,59748,13802,30240,45476,68051,70326,48222,803514,36313,12588,23675,13437,68140,29702,41714,24218,15362,28364,-1936147
06-08-2021,27855,64477,22133,80280,27527,55752,86143,59748,13802,30240,45476,68051,70326,48222,803514,36313,12588,23675,13437,68140,29702,41714,24218,15362,28364,-1939540
06-09-2021,27883,64572,22166,80985,27577,55914,86238,59959,13823,30285,45604,68286,70474,48276,804715,36351,12633,23712,13474,68240,29744,41798,24296,15375,28396,-1944122
06-10-2021,27947,64680,22199,81526,27627,56086,86303,60129,13846,30340,45672,68487,70608,48318,805460,36397,12634,23778,13497,68346,29815,41873,24368,15386,28402,-1948341
06-11-2021,28001,64786,22251,82055,27695,56238,86395,60296,13863,30403,45776,68718,70778,48379,806530,36428,12667,23834,13510,68675,29887,41960,24469,15393,28423,-1952804
06-12-2021,28036,64879,22297,82458,27735,56334,86475,60471,13883,30456,45859,68943,70883,48391,807157,36454,12674,23889,13525,68776,29959,42018,24529,15430,28445,-1955350
06-13-2021,28036,64879,22297,82458,27735,56334,86475,60471,13883,30456,45859,68943,70883,48391,807157,36454,12674,23889,13525,68776,29959,42018,24529,15430,28445,-1957163
06-14-2021,28118,65046,22410,83433,27828,56586,86545,60735,13912,30574,45995,69297,71129,48463,808395,36535,12682,23968,13547,68939,30124,42121,24620,15452,28463,-1962124
06-15-2021,28118,65046,22410,83433,27828,56586,86545,60735,13912,30574,45995,69297,71129,48463,808395,36535,12682,23968,13547,68939,30124,42121,24620,15452,28463,-1965424
06-16-2021,28118,65046,22410,83433,27828,56586,86545,60735,13912,30574,45995,69297,71129,48463,808395,36535,12682,23968,13547,68939,30124,42121,24620,15452,28463,-1965424
06-17-2021,28377,65437,22657,85862,28057,57075,86930,61367,13993,30706,46318,70062,71616,48722,813877,36739,12710,24417,13625,69390,30426,42419,24927,15699,28551,-1975840
06-18-2021,28377,65437,22657,85862,28057,57075,86930,61367,13993,30706,46318,70062,71616,48722,813877,36739,12710,24417,13625,69390,30426,42419,24927,15699,28551,-1976089
06-19-2021,28377,65437,22657,85862,28057,57075,86930,61367,13993,30706,46318,70062,71616,48722,813877,36739,12710,24417,13625,69390,30426,42419,24927,15699,28551,-1976089
06-20-2021,28377,65437,22657,85862,28057,57075,86930,61367,13993,30706,46318,70062,71616,48722,813877,36739,12710,24417,13625,69390,30426,42419,24927,15699,28551,-1976348
06-21-2021,28377,65437,22657,85862,28057,57075,86930,61367,13993,30706,46318,70062,71616,48722,813877,36739,12710,24417,13625,69390,30426,42419,24927,15699,28551,-1978375
06-22-2021,28377,65437,22657,85862,28057,57075,86930,61367,13993,30706,46318,70062,71616,48722,813877,36739,12710,24417,13625,69390,30426,42419,24927,15699,28551,-1978375
06-23-2021,28527,65858,22915,88326,28300,57507,87136,61977,14060,30855,46565,70883,72278,48931,817376,36960,12741,24686,13688,69850,30868,42714,25243,15822,28634,-1991807
06-24-2021,28527,65858,22915,88326,28300,57507,87136,61977,14060,30855,46565,70883,72278,48931,817376,36960,12741,24686,13688,69850,30868,42714,25243,15822,28634,-1991654
06-25-2021,28527,65858,22915,88326,28300,57507,87136,61977,14060,30855,46565,70883,72278,48931,817376,36960,12741,24686,13688,69850,30868,42714,25243,15822,28634,-1992242
06-26-2021,28527,65858,22915,88326,28300,57507,87136,61977,14060,30855,46565,70883,72278,48931,817376,36960,12741,24686,13688,69850,30868,42714,25243,15822,28634,-1992242
06-27-2021,28527,65858,22915,88326,28300,57507,87136,61977,14060,30855,46565,70883,72278,48931,817376,36960,12741,24686,13688,69850,30868,42714,25243,15822,28634,-1993087
06-28-2021,28527,65858,22915,88326,28300,57507,87136,61977,14060,30855,46565,70883,72278,48931,817376,36960,12741,24686,13688,69850,30868,42714,25243,15822,28634,-1993685
06-29-2021,28527,65858,22915,88326,28300,57507,87136,61977,14060,30855,46565,70883,72278,48931,817376,36960,12741,24686,13688,69850,30868,42714,25243,15822,28634,-1993685
06-30-2021,28527,65858,22915,88326,28300,57507,87136,61977,14060,30855,46565,70883,72278,48931,817376,36960,12741,24686,13688,69850,30868,42714,25243,15822,28634,-1995363
07-01-2021,28527,65858,22915,88326,28300,57507,87136,61977,14060,30855,46565,70883,72278,48931,817376,36960,12741,24686,13688,69850,30868,42714,25243,15822,28634,-1995497
07-02-2021,28527,65858,22915,88326,28300,57507,87136,61977,14060,30855,46565,70883,72278,48931,817376,36960,12741,24686,13688,69850,30868,42714,25243,15822,28634,-1995497
07-03-2021,28527,65858,22915,88326,28300,57507,87136,61977,14060,30855,46565,70883,72278,48931,817376,36960,12741,24686,13688,69850,30868,42714,25243,15822,28634,-1995497
07-04-2021,28527,65858,22915,88326,28300,57507,87136,61977,14060,30855,46565,70883,72278,48931,817376,36960,12741,24686,13688,69850,30868,42714,25243,15822,28634,-1996939
07-05-2021,28906,66811,23430,93752,28802,58515,87674,63606,14212,31225,47278,72587,73678,49441,824797,37845,12795,25384,13849,71252,31848,43384,26040,16072,28700,-2026473
07-06-2021,28906,66811,23430,93752,28802,58515,87674,63606,14212,31225,47278,72587,73678,49441,824797,37845,12795,25384,13849,71252,31848,43384,26040,16072,28700,-2026671
07-07-2021,28906,66811,23430,93752,28802,58515,87674,63606,14212,31225,47278,72587,73678,49441,824797,37845,12795,25384,13849,71252,31848,43384,26040,16072,28700,-2026602
07-08-2021,28906,66811,23430,93752,28802,58515,87674,63606,14212,31225,47278,72587,73678,49441,824797,37845,12795,25384,13849,71252,31848,43384,26040,16072,28700,-2026623
07-09-2021,28906,66811,23430,93752,28802,58515,87674,63606,14212,31225,47278,72587,73678,49441,824797,37845,12795,25384,13849,71252,31848,43384,26040,16072,28700,-2026623
07-10-2021,28906,66811,23430,93752,28802,58515,87674,63606,14212,31225,47278,72587,73678,49441,824797,37845,12795,25384,13849,71252,31848,43384,26040,16072,28700,-2026162
07-11-2021,28906,66811,23430,93752,28802,58515,87674,63606,14212,31225,47278,72587,73678,49441,824797,37845,12795,25384,13849,71252,31848,43384,26040,16072,28700,-2028168
07-12-2021,29137,67311,23660,96485,29172,58944,87970,64303,14301,31450,47612,73392,74339,49747,828923,38480,12827,25826,13926,71878,32316,43741,26455,16162,28712,-2045506
07-13-2021,29137,67311,23660,96485,29172,58944,87970,64303,14301,31450,47612,73392,74339,49747,828923,38480,12827,25826,13926,71878,32316,43741,26455,16162,28712,-2045506
07-14-2021,29215,67401,23736,97041,29258,59073,88034,64481,14321,31505,47691,73583,74535,49868,830107,38719,12837,25944,13954,72069,32423,43873,26555,16171,28737,-2047805
07-15-2021,29215,67401,23736,97041,29258,59073,88034,64481,14321,31505,47691,73583,74535,49868,830107,38719,12837,25944,13954,72069,32423,43873,26555,16171,28737,-2050260
07-16-2021,29232,67471,23753,97286,29304,59141,88082,64598,14330,31557,47756,73699,74621,49892,830768,38872,12846,26023,13974,72147,32487,43922,26606,16191,28740,-2052815
07-17-2021,29232,67471,23753,97286,29304,59141,88082,64598,14330,31557,47756,73699,74621,49892,830768,38872,12846,26023,13974,72147,32487,43922,26606,16191,28740,-2053172
07-18-2021,29281,67596,23804,97699,29409,59293,88140,64801,14367,31644,47814,73906,74935,49972,831722,39073,12860,26179,13998,72279,32628,44020,26701,16207,28750,-2056952
07-19-2021,29296,67672,23820,97894,29459,59354,88192,64923,14375,31667,47847,73970,75005,50025,832138,39128,12870,26223,14010,72350,32682,44081,26731,16212,28755,-2059732
07-20-2021,29296,67672,23820,97894,29459,59354,88192,64923,14375,31667,47847,73970,75005,50025,832138,39128,12870,26223,14010,72350,32682,44081,26731,16212,28755,-2059732
07-21-2021,29296,67672,23820,97894,29459,59354,88192,64923,14375,31667,47847,73970,75005,50025,832138,39128,12870,26223,14010,72350,32682,44081,26731,16212,28755,-2059732
07-22-2021,29305,67684,23824,97947,29476,59371,88206,64958,14374,31681,47847,73999,75024,50026,832307,39149,12868,26233,14029,72355,32714,44089,26759,16219,28758,-2060255
07-23-2021,29305,67684,23824,97947,29476,59371,88206,64958,14374,31681,47847,73999,75024,50026,832307,39149,12868,26233,14029,72355,32714,44089,26759,16219,28758,-2802269
07-24-2021,29305,67684,23824,97947,29476,59371,88206,64958,14374,31681,47847,73999,75024,50026,832307,39149,12868,26233,14029,72355,32714,44089,26759,16219,28758,10877758
07-25-2021,29432,68006,23923,98923,29692,59651,88396,65328,14454,31880,47970,74428,75297,50138,834569,39529,12887,26536,14082,72648,32971,44341,26972,16262,28794,10127837
07-26-2021,29455,68046,23934,99052,29718,59709,88419,65424,14465,31911,48001,74498,75350,50156,834998,39620,12890,26588,14089,72686,33033,44375,26992,16293,28802,-2060255
07-27-2021,29455,68046,23934,99052,29718,59709,88419,65424,14465,31911,48001,74498,75350,50156,834998,39620,12890,26588,14089,72686,33033,44375,26992,16293,28802,-2060255
07-28-2021,29493,68132,23982,99437,29782,59820,88500,65601,14493,31987,48082,74657,75472,50246,835933,39722,12901,26736,14141,72769,33142,44477,27056,16363,28811,-2060255
07-29-2021,29493,68132,23982,99437,29782,59820,88500,65601,14493,31987,48082,74657,75472,50246,835933,39722,12901,26736,14141,72769,33142,44477,27056,16363,28811,-2074715
07-30-2021,29494,68144,23992,99511,29799,59861,88525,65628,14502,32019,48093,74711,75512,50256,836078,39733,12899,26762,14146,72792,33174,44496,27079,16364,28811,-2075361
07-31-2021,29494,68144,23992,99511,29799,59861,88525,65628,14502,32019,48093,74711,75512,50256,836078,39733,12899,26762,14146,72792,33174,44496,27079,16364,28811,-2075657
08-01-2021,29494,68144,23992,99511,29799,59861,88525,65628,14502,32019,48093,74711,75512,50256,836078,39733,12899,26762,14146,72792,33174,44496,27079,16364,28811,-2076042
08-02-2021,29494,68144,23992,99511,29799,59861,88525,65628,14502,32019,48093,74711,75512,50256,836078,39733,12899,26762,14146,72792,33174,44496,27079,16364,28811,-2076209
08-03-2021,29543,68245,24030,100896,29901,59969,88618,65863,14528,32083,48253,74934,75624,50622,837571,40072,12921,26904,14168,72902,33311,44576,27170,16388,28835,-2081620
08-04-2021,29556,68302,24046,101195,29932,60005,88655,66003,14536,32102,48367,75007,75666,51004,838174,40126,12926,26938,14182,72940,33343,44611,27197,16396,28845,-2083745
08-05-2021,,,,,,,,,,,,,,,,,,,,,,,,,,
08-06-2021,,,,,,,,,,,,,,,,,,,,,,,,,,
08-07-2021,,,,,,,,,,,,,,,,,,,,,,,,,,
08-08-2021,,,,,,,,,,,,,,,,,,,,,,,,,,
08-09-2021,,,,,,,,,,,,,,,,,,,,,,,,,,
08-10-2021,,,,,,,,,,,,,,,,,,,,,,,,,,
08-11-2021,,,,,,,,,,,,,,,,,,,,,,,,,,
08-12-2021,,,,,,,,,,,,,,,,,,,,,,,,,,
08-13-2021,,,,,,,,,,,,,,,,,,,,,,,,,,
08-14-2021,,,,,,,,,,,,,,,,,,,,,,,,,,
08-15-2021,,,,,,,,,,,,,,,,,,,,,,,,,,
08-16-2021,,,,,,,,,,,,,,,,,,,,,,,,,,
08-17-2021,,,,,,,,,,,,,,,,,,,,,,,,,,
08-18-2021,,,,,,,,,,,,,,,,,,,,,,,,,,
08-19-2021,,,,,,,,,,,,,,,,,,,,,,,,,,
08-20-2021,,,,,,,,,,,,,,,,,,,,,,,,,,
08-21-2021,,,,,,,,,,,,,,,,,,,,,,,,,,
08-22-2021,,,,,,,,,,,,,,,,,,,,,,,,,,
08-23-2021,,,,,,,,,,,,,,,,,,,,,,,,,,
08-24-2021,,,,,,,,,,,,,,,,,,,,,,,,,,
08-25-2021,,,,,,,,,,,,,,,,,,,,,,,,,,
08-26-2021,,,,,,,,,,,,,,,,,,,,,,,,,,
08-27-2021,,,,,,,,,,,,,,,,,,,,,,,,,,
08-28-2021,,,,,,,,,,,,,,,,,,,,,,,,,,
08-29-2021,,,,,,,,,,,,,,,,,,,,,,,,,,
08-30-2021,,,,,,,,,,,,,,,,,,,,,,,,,,
08-31-2021,,,,,,,,,,,,,,,,,,,,,,,,,,
09-01-2021,,,,,,,,,,,,,,,,,,,,,,,,,,
09-02-2021,,,,,,,,,,,,,,,,,,,,,,,,,,
09-03-2021,,,,,,,,,,,,,,,,,,,,,,,,,,
09-04-2021,,,,,,,,,,,,,,,,,,,,,,,,,,
09-05-2021,,,,,,,,,,,,,,,,,,,,,,,,,,
09-06-2021,,,,,,,,,,,,,,,,,,,,,,,,,,
09-07-2021,,,,,,,,,,,,,,,,,,,,,,,,,,
09-08-2021,,,,,,,,,,,,,,,,,,,,,,,,,,
09-09-2021,,,,,,,,,,,,,,,,,,,,,,,,,,
09-10-2021,,,,,,,,,,,,,,,,,,,,,,,,,,
09-11-2021,,,,,,,,,,,,,,,,,,,,,,,,,,
09-12-2021,,,,,,,,,,,,,,,,,,,,,,,,,,
09-13-2021,,,,,,,,,,,,,,,,,,,,,,,,,,
09-14-2021,,,,,,,,,,,,,,,,,,,,,,,,,,
09-15-2021,,,,,,,,,,,,,,,,,,,,,,,,,,
09-16-2021,,,,,,,,,,,,,,,,,,,,,,,,,,
09-17-2021,,,,,,,,,,,,,,,,,,,,,,,,,,
09-18-2021,,,,,,,,,,,,,,,,,,,,,,,,,,
09-19-2021,,,,,,,,,,,,,,,,,,,,,,,,,,
09-20-2021,,,,,,,,,,,,,,,,,,,,,,,,,,
09-21-2021,,,,,,,,,,,,,,,,,,,,,,,,,,
09-22-2021,,,,,,,,,,,,,,,,,,,,,,,,,,
09-23-2021,,,,,,,,,,,,,,,,,,,,,,,,,,
09-24-2021,,,,,,,,,,,,,,,,,,,,,,,,,,
09-25-2021,,,,,,,,,,,,,,,,,,,,,,,,,,
09-26-2021,,,,,,,,,,,,,,,,,,,,,,,,,,
09-27-2021,,,,,,,,,,,,,,,,,,,,,,,,,,
09-28-2021,,,,,,,,,,,,,,,,,,,,,,,,,,
09-29-2021,,,,,,,,,,,,,,,,,,,,,,,,,,
09-30-2021,,,,,,,,,,,,,,,,,,,,,,,,,,
10-01-2021,,,,,,,,,,,,,,,,,,,,,,,,,,
10-02-2021,,,,,,,,,,,,,,,,,,,,,,,,,,
10-03-2021,,,,,,,,,,,,,,,,,,,,,,,,,,
10-04-2021,,,,,,,,,,,,,,,,,,,,,,,,,,
10-05-2021,,,,,,,,,,,,,,,,,,,,,,,,,,
10-06-2021,,,,,,,,,,,,,,,,,,,,,,,,,,
10-07-2021,,,,,,,,,,,,,,,,,,,,,,,,,,
10-08-2021,,,,,,,,,,,,,,,,,,,,,,,,,,
10-09-2021,,,,,,,,,,,,,,,,,,,,,,,,,,
10-10-2021,,,,,,,,,,,,,,,,,,,,,,,,,,
10-11-2021,,,,,,,,,,,,,,,,,,,,,,,,,,
10-12-2021,,,,,,,,,,,,,,,,,,,,,,,,,,
10-13-2021,,,,,,,,,,,,,,,,,,,,,,,,,,
10-14-2021,,,,,,,,,,,,,,,,,,,,,,,,,,
10-15-2021,,,,,,,,,,,,,,,,,,,,,,,,,,
10-16-2021,,,,,,,,,,,,,,,,,,,,,,,,,,
10-17-2021,,,,,,,,,,,,,,,,,,,,,,,,,,
10-18-2021,,,,,,,,,,,,,,,,,,,,,,,,,,
10-19-2021,,,,,,,,,,,,,,,,,,,,,,,,,,
10-20-2021,,,,,,,,,,,,,,,,,,,,,,,,,,
10-21-2021,,,,,,,,,,,,,,,,,,,,,,,,,,
10-22-2021,,,,,,,,,,,,,,,,,,,,,,,,,,
10-23-2021,,,,,,,,,,,,,,,,,,,,,,,,,,
10-24-2021,,,,,,,,,,,,,,,,,,,,,,,,,,
10-25-2021,,,,,,,,,,,,,,,,,,,,,,,,,,
10-26-2021,,,,,,,,,,,,,,,,,,,,,,,,,,
10-27-2021,,,,,,,,,,,,,,,,,,,,,,,,,,
10-28-2021,,,,,,,,,,,,,,,,,,,,,,,,,,
10-29-2021,,,,,,,,,,,,,,,,,,,,,,,,,,
10-30-2021,,,,,,,,,,,,,,,,,,,,,,,,,,
10-31-2021,,,,,,,,,,,,,,,,,,,,,,,,,,
11-01-2021,,,,,,,,,,,,,,,,,,,,,,,,,,
11-02-2021,,,,,,,,,,,,,,,,,,,,,,,,,,
11-03-2021,,,,,,,,,,,,,,,,,,,,,,,,,,
11-04-2021,,,,,,,,,,,,,,,,,,,,,,,,,,
11-05-2021,,,,,,,,,,,,,,,,,,,,,,,,,,
11-06-2021,,,,,,,,,,,,,,,,,,,,,,,,,,
11-07-2021,,,,,,,,,,,,,,,,,,,,,,,,,,
11-08-2021,,,,,,,,,,,,,,,,,,,,,,,,,,
11-09-2021,,,,,,,,,,,,,,,,,,,,,,,,,,
11-10-2021,,,,,,,,,,,,,,,,,,,,,,,,,,
11-11-2021,,,,,,,,,,,,,,,,,,,,,,,,,,
11-12-2021,,,,,,,,,,,,,,,,,,,,,,,,,,
11-13-2021,,,,,,,,,,,,,,,,,,,,,,,,,,
11-14-2021,,,,,,,,,,,,,,,,,,,,,,,,,,
11-15-2021,,,,,,,,,,,,,,,,,,,,,,,,,,
11-16-2021,,,,,,,,,,,,,,,,,,,,,,,,,,
11-17-2021,,,,,,,,,,,,,,,,,,,,,,,,,,
11-18-2021,,,,,,,,,,,,,,,,,,,,,,,,,,
11-19-2021,,,,,,,,,,,,,,,,,,,,,,,,,,
11-20-2021,,,,,,,,,,,,,,,,,,,,,,,,,,
11-21-2021,,,,,,,,,,,,,,,,,,,,,,,,,,
11-22-2021,,,,,,,,,,,,,,,,,,,,,,,,,,
11-23-2021,,,,,,,,,,,,,,,,,,,,,,,,,,
11-24-2021,,,,,,,,,,,,,,,,,,,,,,,,,,
11-25-2021,,,,,,,,,,,,,,,,,,,,,,,,,,
11-26-2021,,,,,,,,,,,,,,,,,,,,,,,,,,
11-27-2021,,,,,,,,,,,,,,,,,,,,,,,,,,
11-28-2021,,,,,,,,,,,,,,,,,,,,,,,,,,
11-29-2021,,,,,,,,,,,,,,,,,,,,,,,,,,
11-30-2021,,,,,,,,,,,,,,,,,,,,,,,,,,
12-01-2021,,,,,,,,,,,,,,,,,,,,,,,,,,
12-02-2021,,,,,,,,,,,,,,,,,,,,,,,,,,
12-03-2021,,,,,,,,,,,,,,,,,,,,,,,,,,
12-04-2021,,,,,,,,,,,,,,,,,,,,,,,,,,
12-05-2021,,,,,,,,,,,,,,,,,,,,,,,,,,
12-06-2021,,,,,,,,,,,,,,,,,,,,,,,,,,
12-07-2021,,,,,,,,,,,,,,,,,,,,,,,,,,
12-08-2021,,,,,,,,,,,,,,,,,,,,,,,,,,
12-09-2021,,,,,,,,,,,,,,,,,,,,,,,,,,
12-10-2021,,,,,,,,,,,,,,,,,,,,,,,,,,
12-11-2021,,,,,,,,,,,,,,,,,,,,,,,,,,
12-12-2021,,,,,,,,,,,,,,,,,,,,,,,,,,
12-13-2021,,,,,,,,,,,,,,,,,,,,,,,,,,
12-14-2021,,,,,,,,,,,,,,,,,,,,,,,,,,
12-15-2021,,,,,,,,,,,,,,,,,,,,,,,,,,
12-16-2021,,,,,,,,,,,,,,,,,,,,,,,,,,
12-17-2021,,,,,,,,,,,,,,,,,,,,,,,,,,
12-18-2021,,,,,,,,,,,,,,,,,,,,,,,,,,
12-19-2021,,,,,,,,,,,,,,,,,,,,,,,,,,
12-20-2021,,,,,,,,,,,,,,,,,,,,,,,,,,
12-21-2021,,,,,,,,,,,,,,,,,,,,,,,,,,
12-22-2021,,,,,,,,,,,,,,,,,,,,,,,,,,
12-23-2021,,,,,,,,,,,,,,,,,,,,,,,,,,
12-24-2021,,,,,,,,,,,,,,,,,,,,,,,,,,
12-25-2021,,,,,,,,,,,,,,,,,,,,,,,,,,
12-26-2021,,,,,,,,,,,,,,,,,,,,,,,,,,
12-27-2021,,,,,,,,,,,,,,,,,,,,,,,,,,
12-28-2021,,,,,,,,,,,,,,,,,,,,,,,,,,
12-29-2021,,,,,,,,,,,,,,,,,,,,,,,,,,
12-30-2021,,,,,,,,,,,,,,,,,,,,,,,,,,
