Admin2,,,,,,,,,,,,,,,,,,,,,,,,,,,,
Province/State,Acre,Alagoas,Amapa,Amazonas,Bahia,Ceara,Distrito Federal,Espirito Santo,Goias,Maranhao,Mato Grosso,Mato Grosso do Sul,Minas Gerais,Para,Paraiba,Parana,Pernambuco,Piaui,Rio Grande do Norte,Rio Grande do Sul,Rio de Janeiro,Rondonia,Roraima,Santa Catarina,Sao Paulo,Sergipe,Tocantins,Unknown
Country/Region,Brazil,Brazil,Brazil,Brazil,Brazil,Brazil,Brazil,Brazil,Brazil,Brazil,Brazil,Brazil,Brazil,Brazil,Brazil,Brazil,Brazil,Brazil,Brazil,Brazil,Brazil,Brazil,Brazil,Brazil,Brazil,Brazil,Brazil,Brazil
05-20-2020,2741,4186,4407,22143,10835,28660,5084,7751,1900,14480,1022,676,5109,16502,5608,2479,20726,2550,3626,4812,27135,2409,2003,5405,64496,4208,1767,-116683
05-21-2020,3025,4654,5037,23747,11565,29252,5458,8515,2029,15395,1138,729,5405,17904,5993,2669,21986,2761,3882,5307,28677,2558,2074,5512,68181,4658,1929,-125960
05-22-2020,3263,5022,5498,25369,12158,32322,5858,9123,2211,16519,1183,788,5794,19532,6634,2793,23703,2981,4070,5746,29932,2668,2223,6358,71098,4840,2156,-135430
05-23-2020,3780,5329,5929,27058,12587,32814,6156,9501,2282,18045,1315,841,6121,20696,7250,2949,24642,3159,4415,6160,30628,2994,2293,6504,74513,5045,2379,-142587
05-24-2020,4068,5898,6190,28109,13439,33271,6534,9561,2348,20437,1422,907,6442,21977,7551,3059,25559,3283,4497,6290,33919,3080,2355,6591,75998,5221,2539,-149911
05-25-2020,4404,6345,6416,28501,13727,33692,6816,9900,2416,22002,1459,1006,6732,23705,7737,3175,26118,3440,4550,6362,35193,3147,2428,6766,77405,5345,2638,-153833
05-26-2020,4676,6704,6794,30097,14071,34418,7086,10402,2567,23461,1585,1083,7282,26131,8633,3353,26526,3601,5252,6582,35663,3360,2481,6895,79594,5619,2794,-158593
05-27-2020,5138,7212,7436,31617,14539,34604,7628,10973,2735,25292,1793,1168,7771,28488,9911,3550,27451,3832,5388,6839,37793,3725,2580,7246,82771,5785,2958,-166647
05-28-2020,5478,7670,7954,34182,15393,35088,8158,11665,2975,27092,1900,1244,8431,30995,10814,3815,28147,4105,5376,8021,40030,4110,2857,7869,88885,6021,3209,-177604
05-29-2020,5706,8212,8262,36898,16308,35536,8568,12343,3200,29571,2047,1338,8975,33659,11684,4063,29586,4357,6195,8021,42874,4357,2990,8396,94281,6320,3541,-189476
05-30-2020,5930,8799,9098,38513,16988,43550,9312,12854,3463,31688,2304,1399,9367,34396,12515,4292,30687,4588,7097,9024,47143,4592,3189,8642,99610,6656,3910,-200892
05-31-2020,6071,9845,9380,39326,17725,45479,9610,13086,3578,33684,2368,1469,10193,35038,12802,4505,31643,4770,7746,9108,48044,4786,3358,8894,102083,6841,4103,-206555
06-01-2020,6165,10376,9662,39703,18197,47316,10339,13455,3779,34321,2475,1548,10392,35121,13325,4645,32025,4951,7641,9100,49068,5013,3576,9352,103629,7067,4269,-211080
06-02-2020,6300,11077,10274,41093,20694,49652,11079,14487,4226,35628,2639,1626,10650,38167,14480,4964,32575,5326,7892,9674,51046,5305,3730,9512,110301,7383,4404,-223638
06-03-2020,6508,11901,10860,42209,21689,52451,11829,15423,4415,37146,2772,1782,11704,41581,15604,5289,33451,5636,8782,10140,53230,5533,4019,9882,115207,7809,4616,-238617
06-04-2020,6840,12566,11297,44290,22673,55982,12727,16157,4780,39567,3112,1905,12711,44633,17141,5605,34373,5862,8904,10745,54605,6265,4356,10376,120640,8014,4794,-254963
06-05-2020,7094,13380,12067,45467,25600,57705,14006,17329,5206,42218,3393,1976,13651,47422,18128,6121,35306,6500,9053,11307,56593,6649,4692,10687,125723,8379,5093,-266940
06-06-2020,7324,14236,12504,46553,26550,59610,15642,18144,5497,44338,3566,2111,14571,49564,19320,6373,36091,6881,9039,11754,57894,7472,5099,11119,131491,8764,5409,-277149
06-07-2020,7776,15105,12773,47019,27371,60289,16409,18787,5640,46423,3769,2232,15327,50593,19826,6660,36937,7239,9028,11849,61049,7875,5387,11394,133928,9073,5545,-283952
06-08-2020,3804,5460,6868,7954,15399,15124,7449,8596,5951,24852,2530,1112,8646,8016,16104,4230,13938,6768,8633,3372,9273,5250,4086,4463,86110,4968,3065,
06-09-2020,3898,6263,6942,9333,16060,15416,8072,9168,6341,25664,2607,1206,8340,8601,17247,4317,13834,7040,8744,2091,9499,5601,4319,4185,91321,5299,2952,
06-10-2020,4173,6296,7617,7900,17482,16385,8774,9683,6971,25391,2759,1213,9276,8517,18802,4669,12835,7435,9985,2397,9302,6079,4586,4207,97159,5776,3151,
06-11-2020,4071,6342,7768,8081,18268,16588,9144,9990,7468,24802,3140,1367,9710,8444,20129,5290,13567,7883,10745,2568,8407,6681,4654,4564,103080,6198,2995,
06-12-2020,4266,6236,8118,8235,18650,17011,9289,10350,7652,24637,3276,1421,9838,8472,20326,5367,14384,8349,10994,2455,8677,7228,4766,4055,108237,6497,3073,
06-13-2020,4235,6403,8692,8323,19440,16644,9183,10686,7732,23862,3290,1506,9513,8469,20354,5877,12984,8809,11263,2256,8869,7259,4891,3885,112999,7818,3116,
06-14-2020,4275,7194,8825,8390,19810,15535,9373,11163,7733,24173,3535,1583,9750,7980,20691,6213,12636,9097,11644,2078,8083,7214,4921,3735,118213,8247,3060,
06-15-2020,4282,7025,9024,8437,20625,16031,9487,11243,9956,23627,3583,1611,9694,9159,21122,6269,12727,9274,11668,2465,8155,7454,4920,4331,121398,9932,3104,
06-16-2020,4349,6724,9646,8575,21248,16318,9860,12569,11018,24195,3761,1780,9696,11088,21957,6978,11701,9779,12634,2809,10313,8015,4949,4760,129858,10420,2943,
06-17-2020,4492,6991,9751,8795,21818,17257,10161,12018,11984,23779,4457,2018,10115,5898,23044,7405,12451,10427,12634,2938,9266,8375,5141,2166,130701,10541,3198,
06-18-2020,4811,6861,10279,8953,21963,17625,11273,13200,13040,22711,4465,2035,10658,5310,23073,7962,13583,10944,13241,3126,8498,8472,5405,2718,131487,10725,3396,
06-19-2020,4755,6904,10494,9881,20589,18476,11694,12785,13746,23025,5278,2336,10314,9298,26391,8347,14632,11398,13353,3328,14376,8699,5626,2489,150131,11169,2814,
06-20-2020,4601,6396,10153,8053,20881,17068,10052,12009,13732,20799,4771,2173,9427,6248,24394,8338,12075,-921,13349,2784,8655,8681,4619,2007,149869,10911,2739,
06-21-2020,4992,7453,11960,9355,22300,18021,11572,13451,15316,21402,5791,2571,10534,8961,25805,10031,14382,587,16600,3173,10437,8945,5083,2959,157302,11733,3129,
06-22-2020,4964,7130,14709,9662,22340,17543,11769,13732,16225,21153,6096,2556,11190,6549,26256,10330,14745,13113,17234,3258,10323,9304,5151,2857,160044,11981,3249,
06-23-2020,5219,7139,15879,9616,22338,18792,11699,14712,17239,22448,6717,2836,11882,9098,26905,10941,12687,827,17332,3563,13400,9962,7299,4157,167112,12460,3039,
06-24-2020,5426,7107,15988,9861,22869,19192,12060,14705,18259,19567,6840,3211,12317,7628,27397,11844,12887,18,18932,3948,10398,10228,7713,4265,176175,12250,3247,
06-25-2020,5699,7341,16109,10343,23497,19242,11869,15027,19163,19263,7258,4966,12497,7896,27869,12502,13652,-36,19772,4114,10757,10818,7231,4717,185533,12948,3572,
06-26-2020,6031,7509,15928,10067,23588,19599,13117,15485,20454,18955,7811,3380,17938,7583,29006,13150,13039,255,19938,4439,11060,11616,8268,5704,195247,13750,3697,
06-27-2020,6292,7732,14691,10147,23554,20131,13127,14727,21191,18802,8238,3463,16945,8969,29590,14286,13892,425,20440,4578,10230,11616,8427,6559,202023,15135,3672,
06-28-2020,6435,7918,14763,10235,23675,19122,14287,16412,21549,18161,9084,3529,17404,8705,29888,15185,13400,895,20615,4454,10373,11643,9690,5358,208104,15686,3933,
06-29-2020,6515,8573,14911,10467,23721,18479,15555,16725,22570,17857,9085,3374,17770,7618,29894,15603,13738,232,9874,25823,4452,11826,9808,6038,211452,16049,4061,
06-30-2020,6618,7408,14502,10384,23695,16615,14661,17665,23907,17310,9152,3502,17604,7426,31050,16998,13682,-720,26349,4663,9108,11508,9938,5508,217322,14626,3648,
07-01-2020,5695,7511,14339,10619,23659,18512,14523,18376,25038,18019,9444,3926,18665,10033,31814,17746,13468,-344,27928,4917,10052,10744,10419,5530,117060,10336,3900,
07-02-2020,6020,7052,12428,10785,24068,19155,12749,18180,25718,20750,10510,4034,19179,7732,32143,18985,14226,893,28890,5021,11463,10138,12809,5349,123977,11009,4019,
07-03-2020,6075,7110,11980,10907,25326,19772,12674,17951,25744,18520,10461,3955,20559,8053,32732,20441,15369,-230,29346,5008,9916,10165,13535,7021,132157,12544,4201,
07-04-2020,6446,7940,12212,12284,28448,20757,12566,19062,27883,19331,11659,4060,21296,10154,34253,22810,16416,919,30153,6231,11276,10866,13975,8684,133683,14100,4544,
07-05-2020,6581,7537,11875,11096,26292,21120,13191,17750,27905,18840,11951,3454,21460,9750,33831,23667,15418,906,30528,4870,12906,10757,14071,9712,128662,10470,4543,
07-06-2020,6051,6929,11705,11497,26332,18526,12310,17591,28642,18386,11696,3228,21396,7541,33598,24952,14062,-69,30832,4749,9627,10328,14094,5301,130442,10943,4566,
07-07-2020,6082,6596,10996,9959,26531,19147,12846,17720,30607,18875,11953,3478,21061,7255,35222,24640,14500,38,31625,4923,11651,10316,14217,6808,121275,11840,4675,
07-08-2020,6159,6800,10690,10859,26709,19661,12634,18017,31931,19688,12121,3638,21949,7736,35174,24968,14400,-374,32281,5308,10128,10091,14403,8263,125572,11856,4690,
07-09-2020,6450,7652,10652,11309,26893,20097,12306,19260,23512,22039,13504,3906,22302,7762,36419,26641,15477,-610,32811,5324,11978,10422,15223,6345,129630,12756,5088,
07-10-2020,6426,6370,10807,10392,26877,19817,12039,18406,24108,18756,13750,4107,23437,7751,36408,25160,15135,-303,34005,5254,10012,10105,12636,8031,137137,11096,5349,
07-11-2020,6533,6396,10841,10471,28616,20731,11415,18802,24542,19051,14947,4487,23213,8658,37055,26407,16331,409,34332,5440,9208,10183,13262,7783,137411,12189,5580,
07-12-2020,6566,6589,10846,10516,29550,19693,12548,19125,24915,18674,15704,4358,24506,8188,37208,28118,16025,507,35123,5463,8208,10345,13638,8776,133175,13744,5630,
07-13-2020,6632,6171,10271,10644,30221,19021,12969,19253,24833,19514,16047,4292,24697,7286,37338,27948,16154,86,35138,5331,9381,10539,14036,7662,126020,13770,5629,
07-14-2020,6845,5762,10294,11858,25294,18951,14309,19385,25517,21116,16514,4566,23844,7495,38652,28834,16766,851,35651,5626,8843,11001,14376,8489,128099,14695,5633,
07-15-2020,7028,5657,10812,11906,23647,18792,14478,19736,26003,22082,17485,5047,24257,9740,40088,30541,18093,875,35923,5750,8341,10361,15084,10380,127595,15646,5937,
07-16-2020,6745,7335,11192,12002,22584,19310,14441,19766,26788,14459,14886,5335,24706,7947,40310,31594,16285,391,36219,6529,8373,10715,15776,12166,130311,15687,6080,
07-17-2020,6816,5193,10783,11173,20996,19785,12897,19871,27136,15484,15744,5363,25233,7775,40511,31610,17584,-610,36336,6609,8110,10448,16340,13876,132270,16267,6357,
07-18-2020,7048,5197,10734,11396,17741,19292,12440,19263,27203,16357,15443,5222,24666,8481,41104,33826,18611,153,38438,5761,8110,10448,16489,14842,136612,17428,6375,
07-19-2020,6977,5676,10852,11755,19625,19715,13679,19721,27164,13257,16595,5613,26745,8973,41506,34883,17100,864,38748,6004,11209,10448,16583,10070,139549,19585,6933,
07-20-2020,7139,4736,11082,12234,12369,18061,14195,19341,26762,13209,17529,5110,25759,6743,41726,36133,17464,883,38931,5079,10546,11108,16800,11151,114255,19804,6077,
07-21-2020,7373,4660,11081,12272,11704,17086,13348,19021,28111,13934,17950,5531,25272,7156,42258,35559,17737,880,39205,5738,8142,11773,17095,10676,112152,20829,6285,
07-22-2020,7651,5374,11325,12144,18053,19147,15062,20083,30659,14067,18123,6624,25097,9098,44363,37877,16409,893,27326,8923,11494,14035,17978,13730,119267,21402,6564,
07-23-2020,7825,5598,11183,13136,19068,21577,15553,19175,33245,14182,20068,7397,28852,9274,44961,37565,16910,845,28184,8664,12011,15154,18846,12592,131466,22623,7126,
07-24-2020,8055,5850,11178,14335,18809,22177,16361,18635,6741,12961,18960,7509,28257,9363,44331,38010,18445,860,25825,9473,12329,12319,19707,12841,139836,24321,7426,
07-25-2020,8316,5687,10967,12667,14520,20427,13731,16614,4422,9488,16914,5824,25242,8543,44420,34244,18458,149,22353,7997,9654,11853,20139,10336,138116,24125,7499,
07-26-2020,7578,5983,11005,12448,13788,19470,14183,16770,4524,9329,16812,6310,26931,8082,43868,35853,16937,268,22520,7647,9071,12086,20483,10399,134267,24453,8109,
07-27-2020,7609,6148,10881,12742,12938,18505,15355,15561,4323,8770,17028,5656,26922,6985,44067,36602,17068,-156,22693,7129,9406,10292,20555,9596,128544,24453,8444,
07-28-2020,7951,6175,11212,13251,13532,19172,15990,14131,5309,10157,18691,6288,27300,8360,45531,35808,17569,792,23759,7343,9665,10983,21013,13193,128544,25831,8353,
07-29-2020,5132,6229,11016,13335,13877,19980,15744,13844,5802,9045,18972,7242,26991,7782,45808,32446,17123,790,24415,7786,9951,11049,21641,11163,147307,26130,8729,
07-30-2020,5328,6360,11019,12670,14273,19848,17819,13597,5222,10595,19743,6235,26955,8052,45687,34967,18446,800,25015,8082,10327,10163,22078,15025,157009,27582,9135,
07-31-2020,5370,6401,11117,12126,14673,20577,16026,13630,5570,9080,17897,6070,27289,7925,45012,35744,17481,-197,25738,7161,10605,7520,22524,12370,167697,26342,9408,
08-01-2020,5671,6782,11241,12953,13936,22627,16024,13118,6107,9981,18792,6860,27526,9271,45657,35629,19182,759,26777,8099,10335,8023,23223,15167,165711,27339,9542,
08-02-2020,5312,7168,11203,12552,13306,21197,18108,13145,5833,9717,18541,7109,28128,8833,45480,37274,18664,719,27061,7409,9831,8409,23651,14280,165509,27633,10625,
08-03-2020,5646,6579,11274,12511,12067,20695,17108,12696,5372,8705,18284,7734,28287,8483,45434,35919,16344,-496,27235,6917,9610,7149,23688,13631,158170,26829,10806,
08-04-2020,5623,6162,11280,12367,12464,20466,16818,11975,4482,8743,18145,5855,27895,6941,45305,37694,16728,-529,22717,6838,4220,6330,23679,11062,168174,25875,11309,
08-05-2020,5946,5902,11238,12713,23163,20683,17067,11513,5519,7613,19523,5853,31527,7301,45055,36196,16421,-448,23634,7395,4858,6202,24717,11301,173238,26776,10550,
08-06-2020,6171,5585,11277,12782,13917,20624,19022,11308,6295,9202,19291,6623,27723,7703,45828,35687,17425,714,24229,7754,4811,6902,25344,14474,183621,27622,11243,
08-07-2020,6014,5437,11363,13575,14727,20634,18836,11166,7157,9528,22172,7487,28360,9621,44181,36374,18626,723,24829,6769,4883,6966,25886,14269,191945,17731,11312,
08-08-2020,6015,5567,11363,12916,14559,20671,16253,11441,7173,7941,19827,8195,28126,9022,44228,36374,17091,307,24937,8147,5082,6571,26276,14660,199062,16988,11606,
08-09-2020,6094,5561,11420,12989,13789,20657,15902,11580,6712,7963,20154,5640,29049,8794,44166,37366,15528,500,25075,7591,5398,6615,26728,15820,187680,16460,12159,
08-10-2020,6125,5030,11459,13211,13138,18648,18893,11561,5499,8375,21904,5160,29000,7981,44188,41471,15274,673,25200,7577,4579,6976,26790,10827,176408,16716,12225,
08-11-2020,6260,4856,11695,13087,14212,19795,16071,11184,5871,7013,20352,5254,27936,7689,44029,37421,13243,-630,4772,27675,7392,7822,27342,10675,176344,17178,12728,
08-12-2020,6117,4753,11422,13168,14441,19416,16682,11025,5925,6278,20348,5622,27745,8167,43715,37205,12074,-516,26310,7746,5421,6768,27899,10983,175700,16503,13439,
08-13-2020,6361,14690,11633,14032,15420,21251,18648,11042,6760,7193,22058,6053,28135,9906,43117,37169,13506,-255,26793,8311,6064,7371,28364,13555,190373,17431,13332,
08-14-2020,6552,15282,11393,14224,19389,23279,18831,12173,9172,8312,23629,6907,31551,11882,43962,39310,-72690,663,27183,10846,7775,7975,28987,16660,201751,12699,14319,
08-15-2020,6435,4755,11306,13867,15886,22199,18701,11061,7258,8991,20181,6699,28326,8834,41201,38773,13994,660,21412,8926,4965,7274,29436,11378,197229,13163,14076,
08-16-2020,6467,4780,11393,14518,14632,21159,20136,11454,6510,7811,20668,6542,29187,9002,40980,40080,14349,1086,21467,8083,4970,7458,29662,12227,185296,13450,13961,
08-17-2020,6403,4377,11226,13857,13459,20666,18268,11737,5571,7889,19150,6644,29374,9403,40677,38544,14552,-253,21631,7368,4730,7359,29734,9808,173659,11840,14281,
08-18-2020,6723,4351,11124,13615,14342,20295,19648,11369,6072,8240,18898,7253,29349,7724,39722,38464,11476,-581,22019,7483,5251,8041,28984,10081,169226,12292,14759,
08-19-2020,4014,4283,11092,14313,14493,20771,16862,11535,6756,8109,18210,6963,29476,8071,38240,38522,11717,-685,22355,7825,5567,8828,29301,9831,169059,12372,15741,
08-20-2020,4126,4093,11293,13772,14979,20663,18818,11401,7382,8130,17998,7298,29128,7927,36546,39025,12836,1,22819,6769,6201,7316,29788,9956,172143,8709,16236,
08-21-2020,4138,4301,11564,14224,16054,21175,18346,12255,6879,9360,19364,6069,28621,10310,37367,41331,13876,686,22851,6991,7193,7678,29990,11198,177025,9048,15520,
08-22-2020,4466,4104,11161,14427,15111,22214,18066,11049,6747,8800,18709,6498,29379,10405,36957,41199,11996,679,20194,7043,6466,8148,30323,11023,173655,9445,15882,
08-23-2020,4271,4080,11249,13952,12637,21915,17821,10715,7851,8326,17374,6562,30694,9416,36150,42294,11420,399,20378,6989,6925,7722,30525,8971,168864,9654,16101,
08-24-2020,4277,3671,11167,14114,13719,21192,17852,10153,6064,8808,18627,6504,30976,9704,36299,42140,11628,655,20442,6403,5406,7918,30565,9988,157810,9122,16092,
08-25-2020,4401,3614,11025,14075,11852,18849,19762,9686,6326,8065,16844,7202,31349,8286,34914,39559,11869,-475,20935,6674,5615,8071,30836,8182,157291,9310,16747,
08-26-2020,4584,3556,11240,14896,11899,16598,17551,10386,6159,8433,16471,6997,31484,8490,32770,38941,11825,652,21193,7585,5809,8663,31151,8149,154404,9592,17566,
08-27-2020,4734,3490,11539,14829,11522,17169,16673,9190,7010,8285,16797,7358,30926,8676,30599,38767,12874,651,21640,7956,6143,9340,31126,8072,157327,9684,17519,
08-28-2020,4926,3260,11311,14976,11787,17377,14328,8845,6534,8252,16741,6685,30929,8835,28073,38306,12117,-247,21951,8431,6143,9735,31432,10103,167794,10117,17775,
08-29-2020,4548,3560,11296,15331,12829,17892,14157,8356,6634,8444,16963,7014,31537,8915,27713,40269,11223,283,21498,9434,6088,7788,31655,12636,161860,7491,18292,
08-30-2020,4584,3706,11255,15527,11251,16881,13817,8123,6126,8490,16723,7076,31778,9075,27756,41888,11661,486,21634,9490,5560,7967,31826,7767,148223,7623,17575,
08-31-2020,4590,3864,11180,15753,10633,16618,15108,7857,5536,8883,17706,7009,31471,8302,27807,43152,12087,616,21725,8880,5339,8422,31874,38655,129887,7721,17625,
09-01-2020,4604,2850,11282,14572,10094,16375,16512,7676,5661,7569,15860,7380,31529,8556,27114,44765,9090,-425,21959,8935,5738,9030,32057,11125,128253,7262,17672,
09-02-2020,4714,2728,11563,15309,9548,17581,17627,7600,5917,9346,16046,7927,31273,8544,26951,40414,10485,635,22390,9973,5598,8417,32384,10783,128801,7466,16756,
09-03-2020,4818,2731,11223,14734,9881,17537,12724,7610,4701,9476,15539,8277,29561,10063,26961,40538,9084,-404,22810,10656,5884,8620,32475,8689,138485,7713,17203,
09-04-2020,4931,2688,11380,14820,12238,26723,12502,7683,6025,8259,15915,8602,30059,8626,26081,40889,9084,-277,23241,10858,5894,9347,32804,8835,142351,5538,16925,
09-05-2020,5089,2833,11607,15359,9153,18101,13888,7674,6822,9040,15934,8753,29990,9012,26120,42725,10795,180,23641,10724,5460,9852,29867,10576,141555,5781,17267,
09-06-2020,5124,3082,11694,14901,8875,17453,12154,7695,6145,9237,15937,8508,30505,9777,26249,44137,9498,292,23748,9923,5489,10048,29807,11238,134345,5882,16973,
09-07-2020,4677,2468,11454,14936,8479,16717,13333,7638,5582,8689,15984,8414,30778,9007,26117,44890,9709,290,23131,9103,5698,7665,29923,7866,126502,5572,17011,
09-08-2020,4696,2218,11588,15248,7841,16235,14223,7286,4230,7375,15868,8161,30485,8310,26175,46256,9859,-383,23199,7846,4455,7981,29966,7426,122823,5686,17135,
09-09-2020,4869,2207,11584,15083,7830,16230,15142,6816,4358,8441,15320,8508,28966,8304,27027,44213,10015,-462,23454,8077,4140,8604,30162,8222,117332,5825,17451,
09-10-2020,1874,1544,11387,15178,7695,16303,11959,6898,5461,6447,15269,5742,29272,8253,25815,42165,11027,-178,23832,9191,3980,9018,30342,8003,120625,6077,18044,
09-11-2020,1915,1431,11364,15276,7674,16613,12853,6839,5238,6490,15518,7122,29664,8507,24894,42777,10477,-320,23363,9202,5605,7216,30567,7720,126329,4429,17847,
09-12-2020,2008,1414,11487,15787,7545,17038,12020,7104,5768,6963,15672,6787,28950,9726,24615,45002,10322,210,23525,9067,5188,7531,30812,9065,125020,4543,18102,
09-13-2020,2023,1609,11551,15976,8348,17411,13195,7290,6295,7059,15895,7183,30947,10410,24859,46238,10559,512,23778,9690,6898,7647,30942,9732,126548,4607,18422,
09-14-2020,2033,1124,11438,15630,7346,16366,10880,7142,3966,7464,17034,6476,28978,7903,24951,45297,10395,648,23836,8758,5156,7902,31009,10613,108896,4813,17412,
09-15-2020,1993,1193,11598,16364,7281,16772,10501,6922,5171,6588,15509,6754,28068,8428,24663,43023,10401,-222,24114,9237,6587,8400,31301,9179,105062,4964,17788,
09-16-2020,2007,1304,11192,17052,6983,17269,8170,6980,4406,7546,15714,5470,27870,8718,25332,42679,11081,-174,24396,9374,4948,8751,31389,10596,108006,5100,17354,
09-17-2020,2257,1282,11295,16878,7021,17143,9169,6961,5593,6481,16949,5639,27834,8797,24647,42806,11303,527,24781,9835,4513,7937,31623,8574,115180,4660,16832,
09-18-2020,2165,1303,11033,17717,7348,17620,10229,6769,6221,5750,18408,6647,28174,8636,24482,43497,12196,1294,25106,10166,5350,8269,31915,9788,120190,4760,16818,
09-19-2020,2115,1278,11021,17743,7638,18072,9421,6767,5980,5880,16560,5991,27890,9026,24588,45028,10526,544,24691,10616,5369,8468,32311,8095,117298,4864,17035,
09-20-2020,2132,1179,11116,17924,7593,17558,9076,7050,5872,5713,16350,5004,27484,8788,24645,46420,10478,538,24909,10174,5236,8631,32365,7745,108969,4960,16379,
09-21-2020,2087,1040,11197,16121,7454,17094,8462,7090,5093,5792,15596,5095,27038,8328,24597,45138,10457,-182,24941,9944,8570,7275,46181,7146,99354,4078,16166,
09-22-2020,2125,1097,11384,16885,7680,17129,9222,6829,4232,6747,16934,5576,26752,8124,23572,43944,11129,-127,25180,10318,5151,7782,46390,8491,107162,4192,16553,
09-23-2020,2033,696,11384,16885,5817,16313,9222,5887,1401,6747,16934,5362,24035,8124,23621,42235,11129,-127,25180,7843,3922,7782,8446,8491,92563,4192,16396,
09-24-2020,2232,1179,11762,17665,7307,17578,8943,6627,6965,6165,16707,6542,26917,9626,23885,44970,12289,-75,25769,9395,5367,8471,9101,6555,102518,4591,15889,
09-25-2020,2385,1177,11184,18573,7170,17050,8898,6562,6043,6152,17859,6844,27680,8430,23688,46356,10585,511,26039,9281,5049,7201,9357,7593,108999,3852,16068,
09-26-2020,2318,1358,11228,19515,7272,17969,8352,7002,6687,6698,15845,7001,27950,8460,23649,45105,11230,166,26204,9412,4399,7387,9564,6783,112105,4037,15582,
09-27-2020,2332,1156,11259,19757,7001,17801,9252,6665,5955,5582,16104,6831,28295,8841,23633,46223,11288,341,26326,8891,4973,7669,9794,6721,105561,4199,15407,
09-28-2020,2343,1017,11307,20045,6756,17409,8604,6614,4863,5992,15390,6441,27922,8203,23467,45267,11352,32,26464,8455,4607,7843,9851,7185,98875,4282,15448,
09-29-2020,2332,1079,11251,17810,6665,17208,9395,6811,5927,5208,15140,5564,27865,8337,23007,43989,10513,-338,26229,8848,5041,7055,10064,6400,96710,4036,15303,
09-30-2020,2522,1199,11447,19051,7575,17944,7682,6919,5648,5916,15349,5115,27135,8349,22399,43769,11330,-276,26640,9022,4646,7287,3666,7606,94938,4191,15140,
10-01-2020,1043,1122,11331,19962,7254,17864,7564,7285,5774,6537,15385,5126,27572,9634,22249,44213,12003,-162,26920,9799,4731,7627,3892,8728,99468,4382,15450,
10-02-2020,1043,1122,11331,19962,7254,17864,7564,7285,5774,6537,15385,5126,27572,9634,22249,44213,12003,-162,26920,9799,4731,7627,3892,8728,99468,4382,15450,
10-03-2020,1110,1128,11398,17956,6741,17984,7014,7089,6181,5545,15163,5342,27483,9305,21818,45164,11515,256,26702,10037,5285,6422,4502,7244,102158,3888,15308,
10-04-2020,1120,1292,11423,18194,6593,17441,6999,7159,5129,5706,15663,5573,29081,9185,21835,45910,11568,230,26871,9247,4901,6469,4572,7824,94474,4077,15047,
10-05-2020,1041,1323,11494,18376,6136,14688,7532,7112,4267,4820,16452,4533,30335,8652,21798,44448,11598,482,26938,8930,5089,6625,4572,8639,87758,4256,14784,
10-06-2020,1158,972,11604,19366,6430,26687,7045,7141,4668,5340,15119,4776,27121,8471,21493,44585,12345,-188,27188,8901,7063,6847,4654,7315,86307,4297,14602,
10-07-2020,1171,1053,11458,20278,6595,26437,7613,7170,5460,6041,15023,5027,26949,8603,22232,46125,11625,-74,28037,9134,5245,7013,4834,8517,85082,4459,14187,
10-08-2020,1186,1030,11547,21140,6880,26022,6452,7078,5656,6620,16071,4989,26555,8789,21521,43387,12214,-64,27895,9265,5490,5744,2705,7716,87104,3849,14554,
10-09-2020,1364,970,11585,21999,6811,27075,5602,6816,5148,7217,16821,4917,26530,8845,21411,44767,12882,502,27994,9702,5496,5898,2953,9249,92706,4132,14003,
10-10-2020,1378,1101,11673,22791,8541,28356,6350,7153,6294,7563,17125,5376,29511,9283,21829,46280,13455,1321,28169,11676,6761,6227,3262,10211,99177,4382,14340,
10-11-2020,1200,1131,11756,23206,7775,27739,6804,7448,5520,7770,15557,4613,28529,9287,21882,47275,13598,796,28432,10329,5439,6350,3459,10801,92205,4771,14426,
10-12-2020,1212,1179,11793,23206,8421,27806,7166,8261,5689,7888,15733,4770,29557,9305,21930,49090,13673,1015,28611,10748,5618,6386,3481,11595,92866,4843,14484,
10-13-2020,1421,1246,11961,23598,9085,28221,7957,9114,6796,8159,16437,4998,30201,9342,22056,49787,13747,1321,28680,11115,5789,6531,3523,11981,93516,5097,14558,
10-14-2020,1449,1368,12112,24238,11519,28825,8763,9939,9006,8632,17327,5468,31521,10177,22760,50683,14468,1957,29227,13007,6837,6793,3664,13475,99320,5284,14904,
10-15-2020,1553,1473,12256,25065,13065,30094,9480,10452,10980,9122,17999,5903,33855,10855,23413,51636,15275,2813,29876,14865,7799,7007,4168,14965,105724,5585,15255,
10-16-2020,1743,1554,12437,25467,14577,30663,10243,11554,12580,9520,18829,6440,36808,11556,23982,52928,15916,3632,32073,16563,10858,7213,4538,16476,111171,5771,15601,
10-17-2020,1838,1636,12514,26849,16355,31757,10958,12374,13263,9838,19206,6896,39313,12293,24358,53723,16308,4305,32258,18662,10926,7297,4830,18304,116443,5960,15830,
10-18-2020,1838,1636,12514,26849,16355,31757,10958,12374,13263,9838,19206,6896,39313,12293,24358,53723,16308,4305,32258,18662,10926,7297,4830,18304,116443,5960,15830,
10-19-2020,1910,1789,12624,27496,17836,33091,12341,13851,15869,10480,19903,7364,41915,12583,24475,55627,16505,4844,33956,19944,12715,7597,5037,19753,117805,6871,15977,
10-20-2020,2007,1900,12743,28421,19577,33790,12883,14658,16544,10945,20671,7802,43344,13446,24962,56778,17154,5349,34111,21554,13857,7714,5265,21295,122517,7126,16311,
10-21-2020,2067,1997,12953,30081,20777,33808,13686,15728,17944,11397,21505,8213,45668,14431,25321,57915,17764,6011,34730,23293,15067,7913,5479,22340,126691,7645,16552,
10-22-2020,2167,2094,13179,30822,22204,35750,14263,16304,19575,11850,22249,8557,48258,15535,25629,59179,18115,6769,34773,24556,16072,8187,5707,24538,130258,7952,16795,
10-23-2020,2259,2236,13323,31758,24040,36640,14815,17541,21666,12357,23066,8953,50222,16577,26114,60297,18830,7469,34903,26702,17754,8421,6070,26606,136834,8214,17125,
10-24-2020,2355,2361,13428,32530,25507,36865,15331,18039,23094,12650,23580,9422,51994,17891,26538,61630,19543,8234,35101,29807,19724,8727,6414,28459,142330,8448,17337,
10-25-2020,2441,2409,13481,32866,26176,37735,15929,18679,23608,12818,23703,9719,53754,18669,26654,62347,19690,8501,35277,29807,20249,8836,6663,29563,145034,8592,17401,
10-26-2020,2452,2481,13546,33196,27398,38017,16697,19551,24585,12993,24306,9880,54453,19302,26781,63044,19777,8671,35305,31370,23605,8969,6752,30941,145891,8655,17446,
10-27-2020,1731,767,7285,19787,7156,29778,7058,7731,5465,4043,5319,3451,22059,9653,20435,45956,9946,462,34355,10360,4903,5651,3208,12872,70017,6208,11306,
10-28-2020,1855,847,6939,19716,7405,30220,6427,7773,3854,3482,5270,3762,22276,9227,20970,45414,9900,-188,33950,10670,5037,5657,3494,11920,68766,6009,11385,
10-29-2020,1947,804,7289,20017,7535,30409,7116,8048,4320,3628,5185,3875,22103,10180,21164,45869,10128,455,34225,11478,5214,5640,3758,13848,71200,6127,11271,
10-30-2020,1985,807,7230,19960,7315,30505,6151,8010,4209,2607,5081,3912,21766,9669,21655,45757,10523,-58,32958,9421,5203,5564,3186,13878,75444,6027,10981,
10-31-2020,1966,796,7323,19466,6640,30937,5878,8484,3990,2459,5017,3933,21554,9826,21383,46135,9391,460,33053,11637,4979,5361,3468,13028,77098,5631,10667,
11-01-2020,2073,736,7328,19261,6472,30618,5492,8442,3790,2497,4903,3528,21670,9547,21376,46722,9250,246,33188,11377,4811,5504,3591,12671,72087,5466,10647,
11-02-2020,2076,677,7427,19271,6092,30400,5130,8277,3699,2524,4778,3522,21762,9377,21393,46925,9304,308,33363,10777,4491,5564,3672,12038,66182,5239,10247,
11-03-2020,1207,649,7503,19340,5318,30124,5108,8405,3165,2638,4593,3532,21191,8804,21396,47123,9390,-102,33428,9616,4079,5545,3808,12338,61304,5141,10213,
11-04-2020,1461,738,7503,20164,4928,30309,4963,9515,3529,2991,4643,3794,20128,8979,21964,47267,9852,477,33742,10379,3163,5787,3224,15128,60665,5268,10196,
11-05-2020,1461,738,7503,20164,4928,30309,4963,9515,3529,2991,4643,3794,20128,8979,21964,47267,9852,477,33742,10379,3163,5787,3224,15128,60665,5268,10196,
11-06-2020,1466,737,7503,19107,6175,30960,4545,8504,3157,3064,4668,3785,19361,9276,21662,47511,10758,466,32998,10883,3809,5954,4117,13216,62334,5058,9936,
11-07-2020,1657,781,7503,20416,6067,31023,4334,8278,3424,3022,4628,3855,19235,9613,21934,47806,10446,237,33152,11100,3447,5719,3434,14103,62334,5115,9988,
11-08-2020,1789,713,7681,19537,5845,30731,4393,9206,3285,3013,4574,3810,19569,9528,21872,48576,10073,49,33348,10687,4399,5988,3558,15063,62334,4945,9980,
11-09-2020,1839,692,7988,19337,5780,30484,4434,8327,2801,2930,4638,3392,19476,8955,21889,49715,9957,-104,33367,10390,4165,5950,3564,12053,62334,4985,9840,
11-10-2020,1942,721,8230,19441,6110,30887,4344,8754,2911,2825,4681,3405,19550,9376,21912,48157,9380,-154,33642,10511,4542,5849,3642,14237,62334,5050,9954,
11-11-2020,2087,779,8063,19441,6404,30958,4300,8740,3392,3181,5275,3588,19773,9550,22130,50857,10230,459,33731,11434,4619,6147,3007,16923,61617,5118,9552,
11-12-2020,2388,855,7798,19015,6564,32498,4259,8896,3734,2846,4696,3626,19562,9630,22572,50690,9757,-87,33883,12614,4657,5906,3363,14275,64672,5259,8916,
11-13-2020,2529,901,8122,19655,7051,32473,4368,7202,3303,2364,4649,4046,19895,10149,22694,50690,9889,-54,33479,13540,4330,6064,3573,15909,70802,5293,8187,
11-14-2020,2858,1050,8540,20214,8380,33303,5063,7785,3482,2535,4614,4289,19805,10174,23210,61100,10722,423,33601,16601,7847,6443,3832,19913,75095,5356,7614,
11-15-2020,3023,1162,8681,20378,9641,34396,5339,8951,3704,2617,4841,4620,21374,10418,23287,61887,11017,654,33845,17785,8148,6644,3951,22048,76298,5419,7715,
11-16-2020,3068,907,8729,19777,7106,34492,4630,8189,3165,2416,4660,4518,20226,9751,23610,56728,10337,224,33850,13392,4837,6575,3065,17450,60517,5327,7406,
11-17-2020,3045,962,8849,20660,6791,34527,5246,8779,3128,2639,4675,5236,20644,9580,24061,56238,10995,413,34351,14769,5594,6754,2760,19164,64287,5451,7162,
11-18-2020,3295,1040,8999,19957,7415,34823,5059,8531,2692,2669,4617,5832,20683,9808,24490,57699,10499,-90,34572,16081,5993,6554,3061,20205,68369,5219,6937,
11-19-2020,3492,1034,9137,20067,8110,35256,5104,7992,3441,2813,4858,6251,20910,9844,24803,59231,10422,-115,34515,16330,6245,6639,3213,21536,74143,5446,6923,
11-20-2020,3712,1047,9249,20145,8255,35493,5262,8375,3347,2731,4897,6454,22146,9988,25277,60405,10438,-80,34777,17171,6680,6770,2456,23530,82553,2906,6671,
11-21-2020,3899,1158,9398,20623,10016,36009,5799,8945,3614,2899,5138,6775,22451,10734,25919,63980,11363,425,35689,17977,7009,7104,2647,29394,87563,3148,6932,
11-22-2020,4090,988,9710,20746,8226,36155,5254,8767,3438,2722,4706,7512,23805,10299,25699,65184,10992,237,36511,16895,6909,7386,2741,29259,86289,3306,6419,
11-23-2020,4044,888,10047,20493,8386,36582,5709,9056,3176,2792,4797,7634,22675,10050,25804,64792,10848,-34,36677,15780,5387,7374,2918,24215,87317,3276,6256,
11-24-2020,4159,909,10162,20320,8169,36085,5662,9004,3176,2871,4969,8171,21417,9947,25932,64917,11171,-277,36879,15985,5664,7443,2622,24052,89729,3506,6304,
11-25-2020,4288,1049,10427,20409,8815,37743,5973,9400,3318,2955,5173,8807,22974,10080,26327,67555,11323,5,37968,17097,6272,7511,2896,25092,98483,3566,6321,
11-26-2020,4403,1081,10692,20492,8738,38922,6007,9763,3730,3052,5250,8858,23650,10191,26900,69954,11392,-210,38670,16969,6432,7560,3084,26890,102834,4123,6446,
11-27-2020,4600,1225,10847,20599,8986,39676,6392,9354,3730,3235,5345,8982,23893,10092,27076,71240,11459,-73,41233,16418,6129,7560,3237,26330,107025,3776,6574,
11-28-2020,4763,1443,11381,21250,13170,40624,6881,9508,5557,3436,5567,10863,27116,10896,27440,74412,13523,438,41952,24188,11450,8519,3293,35819,111386,4280,7120,
11-29-2020,4923,1687,11502,21432,16065,41274,7503,11835,5672,3441,5659,11612,29326,11388,27538,75919,13961,1479,43060,26022,11984,8807,3711,38846,113737,4767,7321,
11-30-2020,5102,1809,11676,21632,11029,40472,7942,12757,3654,3536,6186,10496,26491,11560,27576,78264,14519,1770,43699,27265,12993,9284,3799,44152,114898,4913,7482,
12-01-2020,5112,1453,11589,21260,11220,40671,7102,10266,2937,3712,2415,11152,26895,10039,27181,76840,12614,-268,44144,18621,7618,8258,2435,32278,93743,4682,6696,
12-02-2020,4111,1598,11939,20685,11771,40633,7139,11050,3683,3674,2636,11676,27776,10258,23592,77009,13027,-203,45156,19221,8234,8450,2756,33034,92282,4950,6704,
12-03-2020,4149,1629,12215,20797,11734,41299,6981,10658,3886,3774,2699,12044,27935,10703,24320,79522,12985,-263,45323,21013,8967,8272,3012,32614,100309,5744,6954,
12-04-2020,4371,1706,12469,20898,12653,41088,7842,10579,3938,3928,2804,12372,29266,10739,25032,79789,13034,-249,45562,22271,8951,8283,3154,32236,106772,5562,7209,
12-05-2020,4330,1884,12696,20996,11394,41014,7508,11786,4337,3968,2810,12748,30446,10940,25424,80098,13373,457,46035,22503,8662,8390,2633,32014,107012,5089,7164,
12-06-2020,4374,2213,12819,21322,15444,41014,7856,13297,4109,4030,3008,13238,33404,11438,26083,81325,14130,895,46406,24720,7912,8888,2853,34569,109641,7682,7272,
12-07-2020,4477,1748,13031,21516,11108,40560,6978,12543,4108,4160,3604,11665,31690,11936,26672,83997,14854,1358,46991,20219,6920,9363,2963,38042,104357,7200,7008,
12-08-2020,4480,1787,12706,21205,10723,43320,7259,12973,3580,4170,3132,12951,31479,10844,27239,83096,14082,-191,47257,19986,7291,9023,3032,29071,96453,7092,7308,
12-09-2020,4591,2059,13019,21639,14447,46196,8080,15354,4523,4533,4064,14247,35475,11639,27965,88096,15201,428,48261,24775,10462,9462,2539,34648,106058,7940,7638,
12-10-2020,4643,2008,13080,22007,12010,46408,7199,12439,3920,4373,3443,13877,31484,11126,28701,85700,15288,-75,49618,19878,7764,9032,2912,29058,106783,8579,7560,
12-11-2020,4867,2060,13532,22099,12536,47410,7594,12319,4617,4496,3665,14136,32789,11115,29571,88429,16284,-118,50733,20185,8105,8998,3287,27888,114537,8605,7764,
12-12-2020,5078,2286,13807,22430,15428,47637,8275,13712,4617,4647,4077,15661,37717,11848,30155,92748,17620,435,51235,23677,11506,9151,3532,32889,122969,9510,8070,
12-13-2020,5023,2002,13816,22215,11578,48866,7570,12557,4617,4539,3341,13879,34347,11398,29941,91555,16831,281,52299,20085,7579,9508,3000,27451,109959,9932,8032,
12-14-2020,5236,2314,14099,22656,11357,49345,7724,11110,4089,4744,4001,13476,34374,11835,30046,93185,17178,455,52673,19721,6988,9769,3047,32045,107749,10529,7516,
12-15-2020,5178,1996,13244,22936,11302,48385,7415,12451,3857,4669,3567,13582,34453,11443,30690,97108,17595,-59,53213,18037,6170,10337,2653,24817,107841,10326,7546,
12-16-2020,5403,2305,13939,23914,11859,51140,7068,16228,5038,5124,3893,14976,34220,12490,31235,117107,19651,463,44162,18628,6697,10812,2709,31881,107841,11096,7802,
12-17-2020,5511,2268,13130,22685,12719,51402,7105,13258,3784,4865,4108,14832,34800,11615,31670,116522,17835,-134,44428,19818,6752,9778,3110,27161,127745,9716,7577,
12-18-2020,5685,2575,13130,23828,12198,52309,8009,15198,4435,5203,4960,14761,35810,12543,32707,120975,19578,464,44968,20511,10206,10317,3302,32267,130983,9813,7638,
12-19-2020,6099,2328,13360,22901,12318,51475,7131,13980,4280,5099,4361,14394,36532,11844,32285,101150,21289,106,45686,20522,6438,10165,2215,30715,142296,11038,7854,
12-20-2020,6219,2629,13466,23194,13945,52548,7533,15463,4288,5104,4067,15441,39885,11665,32480,102769,19275,442,46960,19854,9579,10389,2285,30349,133510,11945,8035,
12-21-2020,6353,2113,13275,23013,10707,51168,7033,13887,4730,5138,4253,13851,38166,11338,32657,103283,19630,440,47756,19479,6025,10692,2387,23453,120131,8092,7968,
12-22-2020,6416,2213,13560,24213,9684,51546,6837,13879,3794,5225,4509,14360,38287,11490,32831,109256,21560,-144,48515,19331,6437,11928,2542,23530,130586,8677,8159,
12-23-2020,6494,2638,13780,25053,9443,51814,7350,13335,3803,5437,4664,15990,44709,11633,33749,112481,23447,429,49952,16867,9233,12660,2765,27277,140788,9325,8464,
12-24-2020,6730,3022,13968,26034,12010,52886,7895,13335,4583,5583,5227,17362,50558,12499,34350,122202,24868,970,50854,27242,13378,13181,2962,30224,149957,10541,8825,
12-25-2020,6814,3273,14055,26425,13191,52886,8220,15860,4755,5656,5465,18630,54501,12915,34571,123754,25956,1183,51904,29313,13908,13461,3050,31671,153516,11359,9063,
12-26-2020,6640,2418,13521,23496,6941,52352,5891,14984,3722,5380,4520,14294,40457,11226,34312,111446,21834,175,42887,18076,5395,11327,2948,21425,126539,9845,8771,
12-27-2020,6690,2372,13952,23908,6322,52385,5789,14907,3489,5457,4421,15369,41667,11166,34566,112136,22426,414,43446,16290,4928,11511,2975,20663,119591,10616,8455,
12-28-2020,6595,2284,14116,23890,5710,52043,6361,14001,2936,5476,4587,13219,40006,10681,35066,113646,21760,-95,43472,15065,4553,11945,3006,20697,111381,9736,8369,
12-29-2020,6815,2461,14265,25164,5751,53214,6294,14480,3597,5741,4966,14017,38850,11109,35392,117605,23194,-261,44383,15274,5086,12612,2185,20797,115067,10420,8281,
12-30-2020,6936,2681,14556,24134,5827,54021,6135,14812,3798,5634,5230,14976,38373,10979,35381,101753,22717,426,45526,15447,5059,12436,2331,16843,126634,10373,8215,
12-31-2020,7155,2619,14606,25550,6073,55758,6029,15221,3963,5554,5208,15152,39570,11237,35782,103398,22662,-103,46696,16396,11794,12790,2503,20310,127594,10197,8466,
01-01-2021,7223,2885,14765,26101,7327,56153,5862,16242,3906,5569,5066,14587,40605,11120,36352,105136,23477,368,46966,18589,12466,13055,2518,22157,131430,11228,8642,
01-02-2021,7450,2328,14737,24723,5090,56356,6654,15923,3696,5574,4815,13706,41268,10584,36414,105182,23709,133,47302,13925,4832,12694,2666,21461,126525,11457,8220,
01-03-2021,7551,2238,14864,24758,4751,55949,5616,17330,3511,5610,4835,12995,41808,10195,36774,106491,23919,406,47685,13765,4062,13160,2683,22262,129957,12218,8163,
01-04-2021,7618,2245,14897,25294,4302,55501,5729,16282,3459,5648,4588,12253,41978,9555,36838,107520,23237,375,47781,12892,7010,12692,2755,15008,111939,11556,8194,
01-05-2021,7441,2537,14816,26860,4648,55612,5749,16777,3546,5635,5109,12496,41661,10758,36941,107436,24710,414,48584,13602,5334,13153,1978,15992,114898,12691,8445,
01-06-2021,3852,2799,14919,28966,5340,56983,6291,14575,3972,5828,4872,13332,44358,9978,37333,110430,24724,-143,49383,14098,5792,13861,2129,20042,129143,10508,8205,
01-07-2021,3945,2650,15318,27565,5860,57257,6254,15185,3709,5718,5694,13138,43966,10426,37483,142469,23170,-235,49978,14658,10237,14072,2271,18163,130801,11502,8400,
01-08-2021,4279,2991,15532,26128,6267,58183,6401,14840,4651,5765,6148,12672,46267,10518,37857,142470,24394,-407,31303,15485,6208,14128,2406,19425,140909,12155,8456,
01-09-2021,3762,2737,15786,30203,6828,58630,6331,15566,4529,5825,6353,12427,48454,11130,38061,117358,24608,114,32487,16206,6949,14800,2585,22994,141702,13106,8426,
01-10-2021,3979,2788,16012,31136,6875,59538,6984,16921,4230,5848,6353,12494,49541,11622,38345,115158,25740,371,32978,15650,6341,15361,2677,24740,136992,14467,8213,
01-11-2021,3550,2805,15596,28896,6568,58818,6481,15964,2887,5937,6009,12551,50857,11099,38802,116108,24656,-137,33215,15298,5799,15239,2730,22108,130651,14146,8162,
01-12-2021,3635,3296,15993,30800,6804,58927,7474,17946,4307,6194,8176,12815,52079,12462,39009,127391,26100,377,34013,18872,9183,16495,1685,25624,143070,14576,8699,
01-13-2021,3986,3428,15839,28933,7755,61034,7430,14610,4398,6213,7374,13392,53810,11949,39116,121228,26586,408,34215,16310,6785,16227,1878,23239,154709,13662,8978,
01-14-2021,4266,3189,15766,31441,8127,61591,7256,13469,5084,6291,7913,12902,55750,11845,39361,124254,26983,-260,32107,16947,7305,16795,2138,24095,164653,14274,8918,
01-15-2021,4351,3181,15469,34479,10775,63127,7955,13054,5514,6602,8152,12600,57969,12260,39776,126084,28667,-214,33053,17806,7657,16794,2262,21365,178093,11117,9223,
01-16-2021,4816,3568,15856,31228,12589,64066,8156,13961,5211,6333,9174,12557,60008,13074,40117,125873,26595,448,34731,18337,7911,17629,2533,24640,179390,11472,9667,
01-17-2021,4961,3116,15985,32437,12056,64445,7930,14472,4842,6267,8155,12615,62145,13655,40892,127417,25556,254,35528,17702,8822,17710,2356,22907,185050,12140,9828,
01-18-2021,4968,2859,16166,30583,10993,64965,7278,14349,3881,6274,8295,12778,62350,12094,40478,128016,25448,-123,35754,16566,7547,18425,2219,22241,165975,10786,9846,
01-19-2021,5399,2964,16580,29468,10433,66707,6823,14183,4307,6318,8674,12949,61471,11881,40275,127830,25507,-312,36140,16865,5,19453,2381,18212,178034,11425,10321,
01-20-2021,5619,3334,16839,34329,15393,67572,7437,15272,6209,6648,10188,13962,68686,13443,41533,131543,27238,466,37457,20738,3831,20537,2600,21250,192111,12195,10908,
01-21-2021,5912,3703,16660,36372,14952,67534,7482,12880,4676,7108,8967,15008,64099,11240,42631,134613,29188,-147,38326,18225,6735,19255,2729,20530,199332,11009,11110,
01-22-2021,6168,3089,16768,33931,10385,68666,6855,12942,4424,6490,8927,13820,62818,11775,39142,130356,27323,-242,35183,17295,6083,19906,2548,17096,208083,10295,11641,
01-23-2021,6296,3012,16945,33768,11223,68974,7803,13909,5410,6816,9885,12270,63676,12453,40263,133420,28950,192,36047,16159,11252,19359,2933,19686,222448,10448,10284,
01-24-2021,6314,2795,17032,34825,11472,69741,6531,13825,4998,6896,8280,11738,64386,12376,41059,130776,27180,94,36935,15085,6060,20313,3119,20860,212797,10932,9745,
01-25-2021,6420,2567,17176,35961,12866,70751,7665,13467,3534,7032,7809,10706,65013,12038,42229,132534,27762,52,37287,15941,5214,21292,2946,23228,187136,10252,9882,
01-26-2021,6653,2632,17413,39294,10468,71738,6544,12990,4708,7327,7634,9477,63911,11222,43343,139286,29864,470,37881,14036,9187,22510,3126,25967,199813,10590,10104,
01-27-2021,6858,2850,17310,34352,11099,72503,6276,12772,2954,7208,7675,9698,63218,11524,44482,133846,29295,1185,38694,13994,5282,20855,3389,18600,215522,11134,9964,
01-28-2021,7198,3274,17673,36091,11366,73489,7439,12170,5054,7591,9142,10466,62524,13784,45515,138110,30761,1771,39146,17350,8773,21800,3700,21128,229987,11958,10367,
01-29-2021,7672,2514,18041,38087,12243,72756,8512,11752,5514,8047,8172,9381,62962,12313,46429,137660,28384,-293,39932,13747,5517,23001,4110,18897,210815,12847,10232,
01-30-2021,7328,2560,17639,32550,12723,73795,6164,11763,5759,7187,8091,9308,62597,13101,37710,137826,28681,82,38164,13577,5602,18868,3530,15949,211180,12275,10350,
01-31-2021,7445,2419,17796,33851,14833,76901,6693,12131,5246,7251,7759,8030,62514,13589,38672,138927,29286,233,38712,12742,4977,19559,3736,17133,200249,12888,10282,
02-01-2021,7792,2281,18154,35025,12172,78339,5623,13197,6024,7401,8727,7374,62661,13750,39674,141561,29715,493,38830,12216,4810,20493,3885,18845,188893,13650,10284,
02-02-2021,4321,2320,18381,35109,12309,77641,6023,11645,4624,7778,7686,7507,61620,11523,40141,139790,28942,483,39365,11695,4851,20056,3684,15239,202825,13011,10466,
02-03-2021,4816,2508,18638,37644,12738,79624,6670,11305,6838,8293,7761,8269,61014,11604,41181,142207,30557,-219,39765,11870,4890,20991,4008,15866,187390,13202,10546,
02-04-2021,4860,2330,18528,35744,13033,79631,5051,11580,5730,7559,7863,7855,61414,13246,41580,137738,29596,472,40559,11864,4784,17636,4254,18736,195602,13358,10698,
02-05-2021,5036,2403,18734,37883,13283,82114,5366,11573,6773,7793,9283,7727,61044,13459,41567,138526,31061,467,40559,12291,4807,18783,4576,16954,204894,13319,10708,
02-06-2021,5036,2403,18734,37883,13283,79862,5366,11184,5083,7793,7060,7727,56629,11206,41567,138526,31061,-325,40559,12291,4807,18783,3509,14926,189159,13319,10708,
02-07-2021,5456,3052,19105,41645,13394,81008,5427,13381,6728,8219,7453,7345,60927,12696,44186,143463,33334,729,42860,11442,7607,20033,3923,19190,190698,13928,7895,
02-08-2021,5456,3052,19105,41645,13394,81008,4344,11197,6728,8219,6321,7345,58767,12696,42099,143463,33334,252,42860,9729,7607,20033,3923,19190,190698,13928,7895,
02-09-2021,5929,2593,19357,35075,13535,81885,4811,11582,5295,8386,7384,7100,59283,12456,43656,145212,29228,106,37532,10959,3676,19163,3789,19176,185218,8449,8003,
02-10-2021,6337,2688,19584,37652,13937,81885,5381,11674,5935,8888,7139,7426,59741,13878,43042,147640,30728,506,38481,13406,4315,19991,4028,22247,184447,9270,7789,
02-11-2021,6825,3146,19911,36076,17143,85169,5393,11577,7835,9468,8288,8228,58889,13949,44156,151057,32351,-171,39418,16664,6164,20683,4324,20858,195291,9763,8203,
02-12-2021,6316,3175,19958,38387,17754,84348,5894,11308,7043,8873,8619,8047,64253,12729,44690,145638,30193,61,39975,15594,6729,17822,3535,21630,199280,6702,7749,
02-13-2021,6409,2813,19954,35928,14993,84348,5672,11809,6978,9380,8453,7011,58175,13343,44964,144913,31975,513,36587,15328,4014,18069,3749,21498,208897,7041,7963,
02-14-2021,6512,2755,20108,34904,15392,84635,5657,11832,6835,8621,7282,6920,58694,13070,45484,146047,29271,506,36974,14966,3784,17833,4008,21536,211009,7570,8015,
02-15-2021,6930,2621,20217,35709,15103,86656,5706,12293,6500,8824,8215,6919,58424,13535,46466,146942,30059,739,45306,14445,4465,18590,2279,22061,169844,8213,7989,
02-16-2021,7010,2684,20488,37409,18886,87533,5764,11516,7091,9037,6967,7812,57649,13589,46920,154865,31607,520,45514,16322,3086,19311,2426,22916,180942,7605,8308,
02-17-2021,7304,2742,20645,36107,15596,89393,5499,11730,6032,9329,7397,7625,54356,12102,47530,149241,30749,562,45778,14143,2741,18331,2797,23966,165688,7807,8065,
02-18-2021,7534,3358,20900,36516,16287,89393,5458,12725,6717,9737,8897,7723,53756,13223,48843,152191,28830,552,46143,15494,4975,19249,3094,26292,172091,8083,8353,
02-19-2021,7728,2981,21118,38393,20362,86833,5701,12713,7391,9699,9009,8586,52916,13390,49698,152115,28929,555,47404,17866,5001,20212,3518,27980,180842,8507,8846,
02-20-2021,7861,2682,20836,34744,17287,88465,5122,11364,6571,9735,7802,8212,56561,12806,50565,150984,28895,338,38314,17748,3379,18515,4106,26508,177404,7429,8433,
02-21-2021,7807,2996,20977,35444,16703,90706,5955,12453,6289,9808,7288,7451,56796,12494,51557,153415,29829,613,39149,17424,3164,19023,4268,29015,168918,7853,8583,
02-22-2021,7985,3297,21336,36545,16553,91728,5522,11453,7415,10063,7194,7860,57027,11531,52475,155500,30504,608,39219,17603,3940,19855,4480,31844,171425,8194,8656,
02-23-2021,8520,2614,21364,35158,17580,93716,5555,11330,5565,9336,7506,7664,56519,12027,52704,157968,29227,-25,39724,19832,2746,15433,4206,29489,157391,7249,9045,
02-24-2021,8809,3003,21622,36697,21910,96283,6900,12793,8976,9976,8067,8751,56489,13691,54008,158754,30769,638,40661,24997,6483,16634,4568,34297,157554,7396,9443,
02-25-2021,9062,3317,21710,36597,19047,98308,7286,12900,7627,10397,9693,8417,58447,13652,55359,164291,31013,625,41927,24939,3645,16210,5010,31859,165195,7946,9788,
02-26-2021,9532,3973,21926,38113,19838,98834,7561,11402,7836,10658,8459,8626,59448,12697,56270,162761,31649,-98,43453,28470,3879,17145,4087,33464,174349,8344,10551,
02-27-2021,9718,3559,21890,35626,20582,100132,7784,11775,8685,9972,8579,8810,60225,13349,57403,164993,30004,292,38435,31211,4275,15297,4574,35192,172290,6187,10724,
02-28-2021,9913,3440,22047,35964,23625,101599,8856,12845,8919,10026,9028,8866,60631,14062,58770,167595,30598,684,39979,30175,4109,16052,4847,36940,176586,7059,10786,
03-01-2021,10259,3387,22267,36588,19851,100854,10971,11964,6800,10329,7983,8057,60842,13967,59884,170782,31216,163,40490,29701,4007,16773,4924,38755,154730,6939,11187,
03-02-2021,10281,3571,22287,35760,19197,102640,9908,11569,7906,10094,8461,8807,60725,12966,54000,173406,30717,-268,41019,30593,4269,15028,3924,34586,153293,7093,11482,
03-03-2021,10543,3804,22591,35822,20119,104054,10631,11752,8310,10219,10413,9388,59841,13517,54987,173938,32292,-49,42253,33876,4723,15159,4316,41701,157205,7704,11935,
03-04-2021,6587,3727,20585,35811,21486,106224,11297,12004,9469,10402,10914,9264,60825,14081,56348,176415,32488,-168,43098,37494,5029,15527,4775,37834,167254,6329,11793,
03-05-2021,7107,3779,20838,38109,22233,107612,12370,11768,11192,10960,9783,9557,62710,14428,57192,179749,31474,-398,44718,40207,5271,16838,4464,38156,179956,6868,11966,
03-06-2021,7669,4296,19825,39481,21916,109730,14045,12562,12311,11266,10166,10732,64247,15633,58304,188199,33104,812,41357,42576,5726,16479,4750,43711,180277,6840,12473,
03-07-2021,7879,4397,19155,36632,20943,109799,14314,12701,10519,11081,10681,10319,64048,14660,59499,230995,32154,808,41446,39043,6630,15684,4851,40688,175026,8039,12478,
03-08-2021,8088,3677,17502,36269,19357,111844,15997,12525,9330,10938,9889,10283,64597,14049,59905,194027,32250,11,43679,37073,4402,15438,4874,33564,168503,8229,12675,
03-09-2021,8148,3794,17966,37826,19032,112244,16408,12178,10168,11450,10447,10235,64037,13972,56468,197379,33552,-143,44823,42709,4958,16547,4850,31887,173456,7806,13296,
03-10-2021,8266,4048,18291,39128,19895,113137,15777,12334,11162,12038,10951,11198,64404,14447,57464,205480,32743,922,46218,40662,5562,18208,4891,31670,188528,8389,13842,
03-11-2021,8503,4075,16493,37693,20391,114305,17614,12831,11389,12842,11654,10782,65035,15220,58586,200645,34389,935,47650,40229,5809,19783,5865,37071,188139,8626,14618,
03-12-2021,8806,3986,16869,38889,21051,117452,17033,12307,13467,11908,11886,10981,66471,15648,59631,201578,33013,981,48864,41535,6349,16895,4962,43599,201309,7639,14142,
03-13-2021,9267,4161,16723,37831,20994,121612,17796,13189,13071,12727,13288,11346,68065,15714,61287,204041,34605,408,49142,41848,6809,16357,5286,43188,216219,7781,14881,
03-14-2021,9550,4148,16877,38404,20474,122886,19476,13638,12091,13120,12342,11226,70676,16335,61963,205998,31040,847,49288,39462,6353,17028,5481,45509,223914,8312,15216,
03-15-2021,9863,3940,17187,38911,18194,122974,16901,13480,10940,13514,11860,11074,70960,14169,62691,207250,31933,1080,43333,35766,6296,18473,5570,39364,193713,9351,15938,
03-16-2021,10062,4473,17548,38178,17374,126429,16688,14172,11244,12475,12786,11643,71356,14398,63144,207798,33727,112,44339,37926,5837,18416,4647,40589,199801,8986,16106,
03-17-2021,10401,4810,18246,38953,17693,127520,16246,14575,13083,14023,14128,12397,73565,14529,64294,209444,35933,1152,45283,35227,7132,19985,4996,35453,206601,10430,16589,
03-18-2021,10902,4755,19016,39879,17922,130713,16778,14826,12928,13113,14312,12574,79164,15167,65083,211886,34927,1164,45283,35360,7791,17234,5289,35809,219732,11217,17001,
03-19-2021,11240,4866,19303,39132,18154,133211,18238,15125,11993,13910,15429,12069,82130,15940,64328,214630,37087,2414,45913,35935,8129,18579,5633,40622,235334,8848,17020,
03-20-2021,11629,4887,19735,40125,17953,135021,18516,16315,12621,14928,15825,12237,84643,17202,65372,215298,39170,1213,46097,35285,7481,19474,5948,44721,252746,9609,17533,
03-21-2021,11795,5928,20230,40476,19552,137653,19569,17047,13154,15295,15308,13253,87997,16769,66159,217391,40163,1169,46670,37745,10130,20579,6148,47756,237710,10916,18172,
03-22-2021,11861,4585,20467,38016,15772,144231,18043,17511,9821,14190,14839,12323,80247,15331,65483,217804,37343,1067,42534,30262,7697,19252,4736,37615,230249,11448,17779,
03-23-2021,12059,4757,21040,38898,15402,139236,18204,17491,9010,14745,14684,12918,77671,15935,65548,220634,39120,1257,44126,30261,8087,20647,4944,38503,250170,12543,18292,
03-24-2021,12356,4925,21411,40057,16142,136768,15740,18184,11411,15892,15446,13982,80555,16313,66440,226023,37648,219,45673,29585,8590,22119,4556,32581,244751,13318,18510,
03-25-2021,12779,4917,21450,41189,15993,139361,15923,18568,11067,17063,16451,13830,82614,16745,65749,230751,40388,-157,46664,28644,8576,23244,4855,39880,262599,10210,18855,
03-26-2021,13045,4809,22085,38160,16661,139361,16236,18548,12476,14777,16555,14128,92325,16903,65033,229929,39366,1317,44622,25230,8990,19102,5089,31152,274412,10849,19350,
03-27-2021,13406,4738,22515,39250,16084,139314,17829,20244,13053,15382,16257,14348,93766,18151,66110,234781,40128,129,44601,26677,8862,20060,5360,34545,276478,11675,17687,
03-28-2021,13568,4558,22663,39711,15973,138717,15598,21789,12530,14943,15780,14463,95836,17758,67270,234258,40868,668,44590,24742,8879,20834,4176,28963,270539,12094,16433,
03-29-2021,13725,4270,23202,40199,14792,141341,17129,23436,11787,15094,17858,14432,94715,18317,68189,236593,41220,1349,46483,22465,8316,21663,4224,31536,275467,13255,16500,
03-30-2021,13805,4405,23486,41666,14570,140844,17487,22997,11487,16485,15825,15138,94761,20499,68580,236570,40959,1335,48035,22051,8555,22507,4224,36300,281405,14040,17078,
03-31-2021,14350,5008,24108,38632,18645,143488,16961,23152,11866,15428,16148,16322,93900,16931,70060,239433,43333,-268,48978,24446,11381,18520,4066,26385,274719,12441,17428,
04-01-2021,14674,4546,24467,39781,16158,143275,18158,24288,12754,16709,16255,16421,95050,18003,68609,236031,41763,1321,49752,21516,9358,19533,4389,30105,300204,13399,17828,
04-02-2021,14793,4400,24740,40594,15939,143118,19292,24707,12028,17288,15376,16195,97271,19481,69632,240358,43496,1326,50630,20879,10544,20509,4639,28878,316148,14149,17834,
04-03-2021,15000,5369,25015,41327,17864,145500,16726,24397,11278,17469,14788,17045,97045,17298,70375,242327,44427,1275,51678,21930,14068,21131,4806,30056,294278,15031,18391,
04-04-2021,15088,5775,25309,41764,14287,148801,17761,25186,12173,17615,14186,18025,99269,17817,71416,243322,45034,293,52239,15611,15311,21435,4880,31429,301204,16051,18635,
04-05-2021,15060,3981,24999,39531,14206,148801,15124,22813,10031,17814,16104,14934,99634,18462,72432,237974,45699,1234,52331,13943,7330,22061,4901,32692,288034,17003,18163,
04-06-2021,15142,4094,25458,40455,13860,152484,15945,25247,10138,18541,18461,15588,101612,20928,72577,241947,42535,1247,53293,14456,6789,23334,5102,36536,292092,17490,18734,
04-07-2021,15445,4811,26032,40101,13941,152071,17001,23982,10344,17128,13980,16288,95147,17795,74079,237213,45438,1271,54175,14783,11665,17559,5280,24026,278301,13353,19061,
04-08-2021,9577,4141,26044,41036,13937,159680,12431,20978,12124,17523,14130,15524,92030,15507,72092,236463,43829,1278,55807,14225,8526,19022,4271,24168,298006,14157,19592,
04-09-2021,10062,4088,26310,42184,14464,161141,14106,21065,10258,18114,16562,15045,89591,18170,73145,235722,45758,1333,57638,14586,8479,20123,4534,27443,317699,14833,19822,
04-10-2021,10435,4678,26552,42902,17579,165681,15276,22132,12035,18799,14974,16194,101332,18660,74586,239142,48054,1345,58716,18910,11793,20831,4842,28729,323620,15906,20320,
04-11-2021,10581,5327,25886,39861,15118,162817,12237,22900,10206,18046,12854,14200,87782,16941,72290,234085,44666,1322,59797,13206,7876,15133,5008,19676,291096,11656,19361,
04-12-2021,10759,5452,26143,40336,14594,167941,13153,22613,11216,19437,14640,13670,87830,17336,73718,234702,45370,1392,60141,11893,7063,16001,5075,24280,296225,12476,17506,
04-13-2021,10518,3921,26435,41308,15230,170114,13263,24141,9458,20199,12205,14123,86561,16264,74375,240947,47833,1334,60872,13251,7619,17275,5310,27474,274867,13509,18042,
04-14-2021,11037,4108,26402,40330,15691,170114,13091,20860,12181,18232,14289,15396,85669,18390,75551,243121,46710,1360,53783,14519,7883,15945,5714,23315,292562,12850,18640,
04-15-2021,11159,3900,26659,41205,16139,170114,12605,23136,11304,18576,16532,13686,85146,20951,76888,246741,48515,1325,54790,14667,8205,17055,6099,26524,292540,13496,18429,
04-16-2021,11530,3748,26601,40446,15627,176514,12520,19705,13778,19871,18630,13047,84789,19045,77356,236837,46343,1327,55356,14592,8404,18474,6443,24643,301186,14472,18591,
04-17-2021,11807,4782,26759,41137,16371,178301,13667,19860,11166,20922,11856,14067,93350,17823,78707,239847,48232,1370,56148,19316,9617,18851,6748,26959,293143,15360,19357,
04-18-2021,11189,4185,26459,39855,16425,181966,11048,21914,10620,18228,11380,12554,83798,17607,79230,237752,44376,1332,56937,13891,8064,19592,5616,21077,276368,15995,18740,
04-19-2021,11368,4493,26707,40272,15576,179884,12235,19846,10605,19558,13142,13222,83197,17893,80100,240378,45360,1340,57672,14550,8872,20264,5654,19810,253884,17271,19032,
04-20-2021,11397,3919,26947,40971,15760,178609,10799,19095,9153,20796,10918,13123,81851,16420,80587,238011,48134,1313,57863,13248,12704,13627,3498,22998,256182,12960,18399,
04-21-2021,11632,4770,27055,41619,19267,182043,11639,19795,11015,21674,10698,14182,93288,18923,81666,241777,50551,232,58654,19241,16440,14543,3796,25599,272328,13664,19019,
04-22-2021,11635,3864,26314,42135,15504,188243,10005,19296,10107,18700,10077,12696,79339,16285,82217,239841,45521,142,59103,12331,18102,11908,4092,19442,266350,14029,16223,
04-23-2021,11792,3755,26458,42944,15726,184207,10984,18371,10323,19714,10060,11525,77663,16732,83057,240459,47453,1293,59921,13214,8624,12575,4289,22401,279515,14881,16454,
04-24-2021,12008,4606,26583,40635,18941,191154,10907,18663,11588,19982,11308,12471,77239,18632,84050,244160,49496,1308,60944,18750,11232,13129,4547,22867,294911,15656,16945,
04-25-2021,12148,5058,26652,40995,22087,193625,11810,19610,10197,20188,11930,13313,76223,18153,85033,245611,51160,1297,62074,19239,12191,13400,4743,23953,301254,16340,17147,
04-26-2021,12364,5328,26852,41410,15152,187960,9592,20720,7368,20544,8339,13932,76187,17530,85947,244127,52391,1263,63204,20176,6743,13894,4828,17823,261766,17175,17372,
04-27-2021,12395,3916,26595,42091,15627,190745,9060,18384,8696,20123,8557,10942,74900,15551,78257,242755,49860,4,63726,12073,7569,10192,4166,18372,257815,12369,16682,
04-28-2021,12530,4569,26783,40856,15483,194158,9174,18408,11192,21340,10553,11087,75646,18247,79454,243845,52474,1227,64733,13205,8288,10824,4417,21221,274014,13624,16089,
04-29-2021,12759,5348,26945,41524,15915,190686,10060,20427,12161,22542,8910,10387,75851,18632,80445,245265,47638,1189,65773,13244,8610,11535,4656,24448,244624,10958,16879,
04-30-2021,13023,4849,27559,40919,15724,190686,8841,17745,12503,20830,9046,11304,75723,17499,81533,249771,47009,1171,66866,21120,9054,12253,4984,19381,254865,11585,17436,
05-01-2021,13231,5643,27770,41440,16253,199961,9782,18124,13430,21433,8759,12111,76236,17855,81954,253799,49097,1174,68113,14931,11682,8028,5239,21965,268450,12814,16372,
05-02-2021,12954,4336,26560,41847,15803,200212,8670,17890,11435,21500,8350,13013,79583,18366,82884,255747,49775,1187,69133,13765,8454,8160,5395,20887,237336,13885,16594,
05-03-2021,13121,4565,26815,40859,18505,201048,9471,18936,12945,20377,7558,8034,75955,17998,83642,250537,48017,144,69435,12610,7946,8643,3820,22511,222418,13862,15992,
05-04-2021,13233,5078,27063,41514,15809,213130,10191,18612,10328,21321,7923,8998,74772,16885,84731,252104,50277,-7,69964,13217,12729,9355,3555,25473,237033,14707,16744,
05-05-2021,13395,5949,27312,40637,15823,215090,8061,16084,10010,22428,8052,8847,73932,16658,84603,257034,52366,-590,70965,14362,19864,7104,3786,21528,216387,15924,15513,
05-06-2021,13669,4869,27553,41166,16073,215309,9014,17554,10243,23520,8191,8895,82329,17278,85768,256350,55388,-211,71829,15045,28716,8035,4110,24882,223463,16926,15061,
05-07-2021,5341,3996,26071,40777,16821,216294,8548,15746,11059,21277,8030,9398,74920,17744,80686,262282,48478,1119,73084,15922,10479,7763,4482,20136,233882,13316,15609,
05-08-2021,5507,4604,26279,41264,16548,217432,9429,16126,10382,21948,9111,10371,75875,19346,81746,267643,51344,274,74380,16074,16120,8124,3792,22646,246322,14174,15655,
05-09-2021,5578,3959,26487,41471,16094,224681,10328,15989,9942,22028,7700,10023,75005,18104,82625,263785,52210,1129,75216,14703,10121,8230,3983,23597,251957,14859,15246,
05-10-2021,5696,4249,25548,41773,15091,222808,8077,15164,9179,22362,7495,10032,75273,16916,83425,265571,54006,1117,75548,13574,9171,8722,4012,25283,255085,15667,14855,
05-11-2021,5727,4799,25739,42456,15430,224521,7619,15363,9301,23473,7485,11300,73445,16557,84325,268366,48037,1124,79103,14619,9874,9488,4212,18998,211006,16831,15504,
05-12-2021,5933,5467,25926,43034,16254,225541,8478,15783,9575,24707,8102,10803,82836,16272,85707,270195,50383,1154,81753,16005,10591,10197,4502,22121,225982,17504,14139,
05-13-2021,5543,4010,26088,41713,20273,228865,9383,16349,11796,23193,9716,11948,91529,18946,85811,275116,53499,1148,83849,19762,16295,6164,4115,25283,219568,15941,14979,
05-14-2021,5764,4530,26349,42276,17622,233030,10047,16520,14365,24134,10757,13249,75133,21479,87148,284309,56431,2228,91078,17358,22882,6435,4415,28488,234924,17081,15585,
05-15-2021,5921,5248,26506,42767,17707,234964,10907,17703,16233,24575,11673,14612,82421,24017,88216,290223,59260,3263,92863,17816,27846,6867,4721,30827,249908,17771,16162,
05-16-2021,5980,5924,26695,42970,20198,221607,11782,18425,11456,24697,8801,15895,86337,20358,89277,295233,60903,4040,94088,18429,28619,7072,4721,31963,236395,18704,16403,
05-17-2021,6136,6585,25356,43258,16239,218951,8890,17142,12870,25029,9962,13337,78303,21012,89348,285662,52053,1130,94593,14693,30533,7543,4178,21304,223531,19776,16709,
05-18-2021,6160,7115,25557,43897,16404,210834,8937,19050,10961,25977,12281,14809,76117,17452,90206,292034,55014,-520,95412,15367,11699,8322,3918,24888,208915,20752,14414,
05-19-2021,5972,4302,25696,41403,17637,213883,9894,18161,13236,23701,8852,13924,76872,19330,91009,290846,52515,1112,96562,17159,12640,6710,4359,20283,211368,15535,13637,
05-20-2021,6080,5249,25838,42013,18558,210370,8780,17653,16721,24724,10888,15646,78850,19630,91867,295107,55638,1081,97907,18473,13599,7540,4658,23430,228719,16429,14463,
05-21-2021,6518,5623,25958,42603,19116,212961,9658,19436,19097,25802,12555,17556,80328,19827,92989,302145,59541,1072,99178,19727,17872,8097,5047,27045,239912,17325,13852,
05-22-2021,6630,6191,26079,43115,19228,215705,10380,20704,11614,26506,13816,19462,90085,19994,94372,300514,63063,1058,100523,24563,19806,8433,5438,29749,256168,18620,14972,
05-23-2021,6693,7069,26452,43447,22038,218940,11099,21547,12231,26645,14443,21093,94403,20147,95603,301669,65112,1871,100795,25465,20586,8699,5660,31069,263561,20073,15337,
05-24-2021,6778,7191,26697,43800,23347,218853,11981,20023,10984,26996,15712,22237,84116,19202,96939,303330,66452,1046,103631,26203,24524,9432,4762,32573,236454,21341,15650,
05-25-2021,6917,7661,26893,44325,28182,219922,12789,19981,10628,28124,10164,24001,90415,19561,98918,308545,69913,1845,105102,31535,28444,10151,4941,36162,226022,22424,16622,
05-26-2021,7113,8436,24022,44917,33517,221340,13555,21919,13556,29195,12297,25693,82359,21393,101144,314289,72648,3193,106110,36471,16943,10724,4782,39601,242027,23508,17340,
05-27-2021,6666,4793,22547,42459,18349,222103,8132,17883,11934,26375,12516,19723,85555,20059,95735,305326,62365,1041,107717,21237,14523,6383,5012,22337,236590,17486,14832,
05-28-2021,6832,5144,22789,42807,16748,223610,9094,19774,11778,27382,14495,19248,86576,21416,95216,304930,63039,1010,108901,18407,13022,7052,5130,27061,234990,19077,14656,
05-29-2021,6888,5996,23025,43632,23288,226408,10088,20802,12753,27996,16075,22188,95256,22800,97617,310125,68530,2481,110343,26217,16029,7665,5399,28607,248073,20732,15306,
05-30-2021,7157,6277,23197,43872,23288,229956,9085,18745,13226,28192,16653,24087,93200,20120,98767,312499,70633,1034,110987,19238,18112,7863,5600,29797,243181,22303,15613,
05-31-2021,7200,6782,23376,44209,15699,227519,9959,18047,10191,28585,17431,25682,89087,20166,99756,307050,71665,1026,111661,17507,12902,8208,4457,31472,249224,23668,14225,
06-01-2021,6999,4114,22290,44818,15234,230805,10773,19934,13376,26568,19948,22197,87146,21535,100101,308567,66943,1892,112887,18346,13090,9269,4275,22124,221705,25016,14379,
06-02-2021,7164,4842,22450,42794,20028,227370,8936,21854,12654,27779,13693,23470,89676,20304,102472,312702,70421,984,114049,23342,18092,8287,4615,24892,229341,22086,14384,
06-03-2021,7344,5425,22691,43372,24558,233388,9403,23067,15184,28657,15398,25881,100281,22046,105102,317683,73986,2280,115296,29162,22055,8737,4933,27752,248560,22961,15188,
06-04-2021,3082,4266,22315,43802,14318,228993,10497,19032,14423,27775,16644,22684,92123,22355,103346,311793,74578,969,115991,20004,12489,7626,4320,24177,245385,23792,14793,
06-05-2021,3195,4868,21894,42757,13923,231769,7886,18318,12941,28319,12598,24796,91736,19280,105310,315781,68317,944,117346,20280,12453,7993,4762,27247,242577,18084,15451,
06-06-2021,3257,4344,22014,43103,13633,231568,8436,18743,11217,27526,12175,22930,93617,19061,106323,311220,68913,999,118301,18598,11663,6748,4960,23266,235748,19325,15252,
06-07-2021,3299,5003,22146,43380,13007,231067,9287,18678,10815,27902,13702,21910,94089,19205,107711,314438,70097,1003,118426,19284,12041,6924,5103,24860,240684,20558,15388,
06-08-2021,3353,4107,22296,43907,12270,231122,10013,18212,10989,28998,15903,21707,93693,21238,104838,319844,71862,981,119022,17807,10353,6924,3903,26375,247939,21506,15428,
06-09-2021,3273,4871,21945,43148,13662,232589,9221,20018,11760,30293,13967,22037,92382,23719,105895,316725,76238,977,120131,21119,11097,8651,3922,25320,217938,22317,16046,
06-10-2021,3463,5720,22022,43927,18479,229959,9822,15254,10832,31720,12455,23010,92765,19553,109760,321179,78818,-651,121109,26327,14892,9390,3984,29115,224153,23642,17075,
06-11-2021,3835,6352,22200,44633,13851,226636,10619,15154,10912,32754,12759,25216,94273,19881,112156,326789,82446,-183,122320,22791,18997,10421,5357,33106,235629,24539,17981,
06-12-2021,3894,7301,22290,45230,19312,229997,11859,16026,13428,33521,13723,26909,93982,21393,114230,331202,85244,901,124441,28032,21034,11024,5808,35850,256307,25648,18840,
06-13-2021,3576,5002,22396,42823,13630,231336,9603,15713,11662,29201,12295,19613,94741,20290,114177,316637,70630,580,125723,21003,10301,7843,4735,23258,265345,16329,16754,
06-14-2021,3732,5222,22042,43197,12974,238223,10392,15354,9818,29299,11736,18884,94721,19209,116722,318549,71715,816,127206,19503,10374,8613,4811,25185,270562,17207,16921,
06-15-2021,3797,4670,22435,43910,13541,236106,8614,14781,10409,30627,11971,20219,92557,19643,113847,322645,75265,-158,129420,14173,10862,9536,5036,29495,246831,16518,15820,
06-16-2021,3617,5735,22613,44393,14153,240690,8421,16515,14236,32064,12255,21941,93043,19596,116135,328965,77854,785,129790,21170,10867,10509,4990,26162,255074,17300,16466,
06-17-2021,3652,4874,20666,43604,15035,237085,9200,16469,11337,30847,14134,18176,92172,21456,117489,319270,74651,3,130214,20934,15615,8458,5332,29111,259091,11582,15555,
06-18-2021,3849,5706,20791,44276,15908,237371,9957,18017,14349,32161,15986,17189,92464,22879,119997,329602,77699,737,132830,23859,17555,9403,5714,32451,286083,12820,16121,
06-19-2021,3973,6627,20954,44770,16224,239530,8656,18828,16646,30489,12100,18381,100860,21308,122604,340798,69260,1727,133297,23439,11862,9671,6060,23162,305844,13612,16805,
06-20-2021,4009,7815,21044,44989,20718,240876,9538,19509,16899,30575,12449,19591,105832,21477,124749,351239,70186,2208,133441,24090,12098,10008,6266,24594,315226,14063,17151,
06-21-2021,4076,8524,21199,45376,16407,241850,10314,20300,17669,31132,13725,20176,90854,21525,126833,364863,70964,2556,134474,24887,9682,10927,5276,25489,272917,15067,17419,
06-22-2021,4093,9358,21400,46081,21353,244023,10988,14194,12938,32296,11011,21344,98193,23377,128997,378419,73241,724,135020,19289,13675,11574,5289,23932,295171,15705,16155,
06-23-2021,4017,5294,20154,43810,16598,238682,9168,15632,16053,32134,12536,15512,86213,21831,124533,355383,70090,1751,171377,19473,14237,8217,5343,23823,291265,15198,16177,
06-24-2021,4101,6131,20373,44452,16931,237320,9821,17020,10981,32269,11001,16664,86695,23173,126898,365311,71425,2363,172972,19090,17581,9004,6375,27127,308435,15814,16785,
06-25-2021,4106,5061,20473,45098,15482,239012,10663,14484,14040,33681,12546,14980,85381,24398,129571,353502,72117,3274,176722,19907,10576,9585,6659,30313,328657,16868,16751,
06-26-2021,4216,5899,20614,45566,18449,240375,11437,15314,16284,34718,13181,16511,84430,25230,131550,359137,73488,3925,177563,24210,12111,9844,6983,24357,317356,17464,17339,
06-27-2021,4296,6657,20701,45810,20138,240016,12348,15862,12264,34940,10150,17398,88264,21014,133632,363826,74310,4435,178846,24885,12566,10049,7267,25943,325187,17933,17561,
06-28-2021,4329,7620,20841,46213,13104,240185,13001,16532,13172,35347,9502,17895,83160,21082,134724,359429,74881,4602,179424,16277,9267,10576,7391,27532,294897,18238,14709,
06-29-2021,4357,8310,20975,46748,12156,244360,13593,17675,11584,36382,9364,13649,82236,22588,136482,358163,77001,5074,179897,15994,9778,10618,5181,30548,313280,18571,14971,
06-30-2021,4387,8806,21170,47076,11344,244855,14399,15536,12428,37201,10713,13809,79983,24360,138195,363751,77931,5332,182748,14650,9134,10815,5442,32102,320298,18952,14400,
07-01-2021,1641,4592,18742,43850,11777,242704,7962,14210,10633,33090,8633,12817,78305,21945,125552,360242,67147,-261,185906,14609,9197,7540,5950,19947,293073,11410,13743,
07-02-2021,1701,5318,18916,44415,12151,243604,7443,15084,11748,34269,9972,12167,77032,21206,127062,363472,69500,616,186692,15392,11695,7831,6231,22879,303310,11977,14013,
07-03-2021,1771,5943,19034,44900,12210,243604,8151,15765,11265,34811,8107,12797,82189,21977,128617,367554,72030,1464,187253,15032,14093,8840,5145,25491,319428,12446,14421,
07-04-2021,1791,3691,18636,43982,12016,243937,7248,13704,11507,32706,8299,13430,85282,22004,126255,356271,65546,324,187655,13448,8817,8890,5367,18653,325723,13080,14646,
07-05-2021,1872,3955,18766,44277,11307,243933,7849,14459,9015,33134,7302,10027,75220,20148,126678,358534,66170,560,188125,13823,7980,11327,5436,19916,265069,13419,13537,
07-06-2021,1740,4709,18900,44996,11208,243733,8002,15718,9400,34328,8997,10670,73766,21125,127132,356361,68272,994,189746,11762,8348,11267,4949,17515,256495,13728,14126,
07-07-2021,1862,5334,19087,45533,13993,243741,8690,16884,11369,35284,10503,7182,72216,22256,128634,355488,70005,1763,190455,11919,10570,10409,5289,19823,270838,14239,13609,
07-08-2021,2038,5856,19316,46228,11125,243375,7402,17954,14018,36225,11859,7981,78426,23454,129779,359297,71486,2205,191110,11865,12622,10735,5667,22765,264811,14721,14102,
07-09-2021,2139,6468,19459,46940,12089,245661,8056,19109,16582,37195,7558,8800,69328,24411,130913,362968,73631,3086,192004,12170,15483,11098,5890,25347,279041,15346,14738,
07-10-2021,1863,3403,17605,44373,12104,245072,6853,13226,11753,33820,7388,7475,68998,20783,124277,351522,61997,136,192765,12288,9611,6234,5143,18685,250217,11352,13834,
07-11-2021,1876,3167,17697,44426,12122,245589,6503,13057,11291,33833,7138,6775,68422,20479,124978,351801,61929,357,193317,11090,9051,6233,5313,18183,255360,11642,13780,
07-12-2021,1889,3353,17843,44671,11522,245893,7213,13953,10196,33878,7016,6584,68412,20498,121664,352180,62291,303,193414,10184,9781,6439,5445,19178,258417,11908,13817,
07-13-2021,1897,3600,16786,45238,13959,246831,6475,12356,13547,34878,7322,6972,65856,19725,121715,354989,64546,484,193674,11256,8416,6977,5509,21601,268323,12019,14177,
07-14-2021,1948,4243,16914,45783,10834,248142,7125,13227,16429,35931,8892,8098,64594,20765,123005,358318,66651,1207,194181,16185,8775,7555,5843,24339,207955,12381,14586,
07-15-2021,1996,4397,17028,46391,10415,249865,6952,14269,18943,35137,8310,8824,72314,21893,124303,361676,67806,1936,194551,11819,14984,7769,5843,26699,219614,12881,15113,
07-16-2021,1939,3102,16872,45233,10054,248222,6621,13068,12830,34543,8699,7910,63533,20413,119760,352118,61794,426,195264,11379,9947,6846,5499,17974,219376,7744,13895,
07-17-2021,1959,3622,17046,45740,12911,249141,7126,14019,12205,35229,9608,8664,69494,21036,120720,355357,63117,867,195544,15627,13466,6968,5884,19873,219376,7887,14367,
07-18-2021,1974,4006,17228,45965,10657,248651,7612,12016,11587,35352,8737,9201,65413,20278,121563,356514,63734,292,195539,10209,14397,7037,6141,20559,212197,8100,14587,
07-19-2021,2021,4157,17365,46229,10180,248805,8074,12826,11232,35657,9966,8128,62186,20318,121790,358680,64056,408,195947,10398,9271,7136,6197,21295,215244,8273,13921,
07-20-2021,2034,2443,17478,46732,10780,248705,6902,13813,10266,35990,11814,8357,61317,21245,122138,348563,60807,504,196257,7894,8610,7584,4308,22930,203693,8794,14234,
07-21-2021,2037,2905,17596,47379,9292,248705,6809,14755,13979,36389,13466,8599,60243,21697,122691,351499,62565,1078,196851,9669,11887,7858,4654,25551,202768,9170,13763,
07-22-2021,2122,2616,17724,47971,9408,249184,7309,11193,17493,36822,14703,8633,60363,22259,118453,341353,63763,1611,197661,8463,10290,8014,5017,27486,193243,9463,13746,
07-23-2021,2130,2851,17854,48377,9301,251529,8165,11804,20648,37237,16236,9266,67401,22793,119344,343572,64837,1977,197975,72437,10752,8279,5317,29847,204911,9914,14258,
07-24-2021,2056,2072,15903,45062,10914,252091,6468,12520,13778,34530,9742,8442,59072,20365,118212,318195,57808,298,199944,12316,12328,4451,4249,14821,210480,4399,13945,
07-25-2021,2072,2542,15972,45317,10148,251164,7171,11683,14069,34554,10041,8916,61904,20464,118815,319270,58736,363,200103,11776,11247,4580,4512,15563,176967,4599,14153,
07-26-2021,2106,2592,16054,45538,10886,252133,7797,12228,15220,34947,11104,9171,63066,20477,119021,324250,59132,501,200116,12530,8876,4895,4563,16561,179401,4878,14416,
07-27-2021,2118,2907,16131,45974,12169,253129,8368,12864,17803,35509,12746,9735,57446,21127,119201,326238,59927,754,200325,14991,12522,5582,4712,18862,190811,4992,14814,
07-28-2021,2171,3254,16208,46456,13550,254052,8989,13656,22065,36502,9451,10772,63359,21757,119988,329459,60885,1310,201214,18095,16146,5769,4995,20882,179890,5170,15330,
07-29-2021,2191,3421,16319,47017,6632,254680,9659,14066,13684,37439,10854,11254,68861,22487,120998,331722,61889,1731,201465,21165,17380,6022,5298,15370,190868,5400,15772,
07-30-2021,2246,3746,16398,47538,7890,255403,10386,14853,16455,38059,12358,11823,74534,23111,121984,333931,62813,2200,201638,22715,22319,6275,5549,16932,200705,5560,16164,
07-31-2021,2258,4047,16459,47871,9253,256210,11138,15236,18180,38384,13016,12468,80728,23485,122437,336211,63739,2552,201923,27111,24983,6351,5725,18339,209801,5796,16556,
08-01-2021,2263,4144,16525,48043,9871,256466,11827,15518,18406,38416,13254,12951,87340,23521,122925,338432,64358,2709,202030,28070,25435,6505,5839,18977,213631,6124,16716,
08-02-2021,2300,4194,16577,48269,10483,256539,12518,15887,19287,38613,14244,13224,89584,23539,123048,340526,64868,2800,202052,28751,26515,6641,5876,19839,215550,6258,17068,
08-03-2021,2302,4397,16618,48650,10993,257253,12825,16386,22961,39239,15877,13834,89741,23997,123077,343463,65605,3055,202240,30548,29853,6998,5969,21303,225087,6503,17383,
08-04-2021,2346,4796,16723,49228,12871,257253,13442,17064,26085,39933,17221,14345,94871,24722,123942,346618,66301,3387,202403,32121,34094,7281,6125,22988,235171,6616,17751,
08-05-2021,,,,,,,,,,,,,,,,,,,,,,,,,,,,
08-06-2021,,,,,,,,,,,,,,,,,,,,,,,,,,,,
08-07-2021,,,,,,,,,,,,,,,,,,,,,,,,,,,,
08-08-2021,,,,,,,,,,,,,,,,,,,,,,,,,,,,
08-09-2021,,,,,,,,,,,,,,,,,,,,,,,,,,,,
08-10-2021,,,,,,,,,,,,,,,,,,,,,,,,,,,,
08-11-2021,,,,,,,,,,,,,,,,,,,,,,,,,,,,
08-12-2021,,,,,,,,,,,,,,,,,,,,,,,,,,,,
08-13-2021,,,,,,,,,,,,,,,,,,,,,,,,,,,,
08-14-2021,,,,,,,,,,,,,,,,,,,,,,,,,,,,
08-15-2021,,,,,,,,,,,,,,,,,,,,,,,,,,,,
08-16-2021,,,,,,,,,,,,,,,,,,,,,,,,,,,,
08-17-2021,,,,,,,,,,,,,,,,,,,,,,,,,,,,
08-18-2021,,,,,,,,,,,,,,,,,,,,,,,,,,,,
08-19-2021,,,,,,,,,,,,,,,,,,,,,,,,,,,,
08-20-2021,,,,,,,,,,,,,,,,,,,,,,,,,,,,
08-21-2021,,,,,,,,,,,,,,,,,,,,,,,,,,,,
08-22-2021,,,,,,,,,,,,,,,,,,,,,,,,,,,,
08-23-2021,,,,,,,,,,,,,,,,,,,,,,,,,,,,
08-24-2021,,,,,,,,,,,,,,,,,,,,,,,,,,,,
08-25-2021,,,,,,,,,,,,,,,,,,,,,,,,,,,,
08-26-2021,,,,,,,,,,,,,,,,,,,,,,,,,,,,
08-27-2021,,,,,,,,,,,,,,,,,,,,,,,,,,,,
08-28-2021,,,,,,,,,,,,,,,,,,,,,,,,,,,,
08-29-2021,,,,,,,,,,,,,,,,,,,,,,,,,,,,
08-30-2021,,,,,,,,,,,,,,,,,,,,,,,,,,,,
08-31-2021,,,,,,,,,,,,,,,,,,,,,,,,,,,,
09-01-2021,,,,,,,,,,,,,,,,,,,,,,,,,,,,
09-02-2021,,,,,,,,,,,,,,,,,,,,,,,,,,,,
09-03-2021,,,,,,,,,,,,,,,,,,,,,,,,,,,,
09-04-2021,,,,,,,,,,,,,,,,,,,,,,,,,,,,
09-05-2021,,,,,,,,,,,,,,,,,,,,,,,,,,,,
