Admin2,,,,,,,,,,,,,,,,,,,,,,,,,,,,,,,,,,,,,
Province/State,Andaman and Nicobar Islands,Andhra Pradesh,Arunachal Pradesh,Assam,Bihar,Chandigarh,Chhattisgarh,Dadra and Nagar Haveli and Daman and Diu,Delhi,Goa,Gujarat,Haryana,Himachal Pradesh,Jammu and Kashmir,Jharkhand,Karnataka,Kerala,Ladakh,Lakshadweep,Madhya Pradesh,Maharashtra,Manipur,Meghalaya,Mizoram,Nagaland,Odisha,Puducherry,Punjab,Rajasthan,Sikkim,Tamil Nadu,Telangana,Tripura,Unknown,Uttar Pradesh,Uttarakhand,West Bengal
Country/Region,India,India,India,India,India,India,India,India,India,India,India,India,India,India,India,India,India,India,India,India,India,India,India,India,India,India,India,India,India,India,India,India,India,India,India,India,India
07-28-2020,1,1090,3,86,253,14,44,2,3853,36,2348,397,14,321,89,1953,63,4,0,820,13883,0,5,0,5,147,43,318,631,1,3571,480,17,0,1456,66,1411
07-29-2020,1,1213,3,92,278,14,48,2,3907,39,2396,413,14,348,98,2147,68,6,0,843,14463,0,5,0,5,159,47,361,650,1,3741,21,0,1530,72,1490,480
07-30-2020,2,1281,3,94,282,14,51,2,3936,42,2418,417,14,365,103,2230,68,7,0,857,14729,4,5,0,5,169,48,370,663,1,3838,21,0,1587,76,1536,480
07-31-2020,5,1349,3,98,296,15,53,2,3963,45,2441,421,14,377,106,2314,73,7,0,867,14994,5,5,0,5,177,49,386,674,1,3935,519,21,0,1630,80,1581
08-01-2020,7,1407,3,101,309,18,55,2,3989,48,2464,428,14,388,113,2412,81,7,0,876,15316,6,5,0,5,187,51,405,690,1,4034,530,23,0,1677,83,1629
08-02-2020,8,1474,3,105,329,19,58,2,4004,53,2486,433,14,396,118,2496,82,7,0,886,15576,7,5,0,5,197,52,423,703,1,4132,540,27,0,1730,86,1678
08-03-2020,10,1537,3,109,330,19,61,2,4021,56,2508,440,14,407,125,2594,84,7,0,900,15842,7,5,0,5,207,56,442,715,1,4241,563,28,0,1778,90,1731
08-04-2020,12,1604,3,115,347,20,69,2,4033,60,2533,448,14,417,128,2704,87,7,0,912,16142,7,5,0,5,216,58,462,732,1,4349,576,30,0,1817,95,1785
08-05-2020,14,1681,3,121,355,20,71,2,4044,64,2556,455,14,426,136,2804,94,7,0,929,16476,7,5,0,6,225,65,491,745,1,4461,589,31,0,1857,98,1846
08-06-2020,16,1753,3,126,363,20,77,2,4059,66,2583,458,14,436,145,2897,97,7,0,946,16792,8,5,0,6,235,70,517,757,1,4571,601,36,0,1918,98,1902
08-07-2020,19,1842,3,132,369,23,87,2,4082,70,2605,467,14,449,151,2998,102,9,0,962,17092,10,5,0,7,247,75,539,767,1,4690,615,37,0,1981,112,1954
08-08-2020,20,1939,3,140,382,24,89,2,4098,72,2628,474,14,459,155,3091,106,9,0,977,17367,11,6,0,7,259,80,562,778,1,4808,627,41,0,2028,117,2005
08-09-2020,20,2036,3,145,387,25,96,2,4111,75,2652,483,15,472,177,3198,108,9,0,996,17757,11,6,0,8,272,87,586,789,1,4927,637,42,0,2069,125,2059
08-10-2020,20,2116,3,151,397,25,99,2,4131,80,2672,489,17,478,188,3312,115,9,0,1015,18050,11,6,0,8,286,89,604,800,1,5041,645,43,0,2120,134,2100
08-11-2020,21,2203,3,155,413,26,104,2,4139,86,2695,500,18,490,192,3398,120,9,0,1033,18306,12,6,0,8,296,91,636,811,1,5159,654,43,0,2176,136,2149
08-12-2020,21,2296,3,161,416,26,109,2,4153,89,2713,503,18,498,197,3510,126,9,0,1048,18650,12,6,0,8,305,96,675,822,1,5278,665,44,0,2230,140,2203
08-13-2020,22,2378,4,169,426,27,114,2,4167,91,2731,511,19,509,209,3613,129,9,0,1065,19063,13,6,0,8,314,102,706,833,1,5397,674,46,0,2280,143,2259
08-14-2020,24,2475,5,175,442,28,130,2,4178,93,2746,518,19,520,224,3717,139,9,0,1081,19427,13,6,0,8,324,106,731,846,1,5514,684,50,0,2335,147,2319
08-15-2020,24,2562,5,182,450,28,134,2,4188,98,2765,528,19,527,228,3831,146,10,0,1094,19749,13,6,0,8,333,106,771,862,1,5641,693,55,0,2393,151,2377
08-16-2020,28,2650,5,189,461,29,141,2,4196,104,2785,538,19,542,244,3947,156,14,0,1105,20037,16,6,0,8,343,110,812,876,1,5766,703,59,0,2449,152,2428
08-17-2020,29,2732,5,197,468,30,150,2,4214,111,2800,550,19,548,250,4062,169,14,0,1128,20265,17,6,0,8,353,114,863,887,1,5886,711,62,0,2515,158,2473
08-18-2020,30,2820,5,203,476,30,158,2,4226,116,2820,557,19,561,262,4201,175,17,0,1141,20687,18,6,0,8,362,123,898,898,1,6007,719,65,0,2585,164,2528
08-19-2020,30,2906,5,213,487,31,161,2,4235,124,2837,567,19,572,277,4327,182,18,0,1159,21033,18,6,0,8,372,129,921,910,3,6123,729,65,0,2638,178,2581
08-20-2020,31,3001,5,221,492,31,168,2,4257,126,2853,578,23,578,286,4429,191,18,0,1171,21359,18,6,0,8,380,137,957,921,3,6239,737,69,0,2733,187,2634
08-21-2020,32,3092,5,227,498,33,180,2,4270,135,2867,585,25,593,297,4522,203,19,0,1185,21698,20,6,0,8,390,143,991,933,3,6340,744,70,0,2797,192,2689
08-22-2020,32,3189,5,234,503,33,189,2,4284,140,2881,597,29,608,308,4615,218,21,0,1206,21995,22,7,0,9,399,151,1036,944,3,6420,755,72,0,2867,195,2737
08-23-2020,33,3282,5,242,511,37,197,2,4300,144,2895,603,29,617,312,4683,223,23,0,1229,22253,22,8,0,9,409,159,1086,955,3,6517,761,73,0,2926,200,2794
08-24-2020,35,3368,5,252,514,37,206,2,4313,148,2908,613,29,624,330,4810,234,23,0,1246,22465,22,8,0,9,419,164,1129,967,3,6614,770,78,0,2987,207,2851
08-25-2020,37,3368,5,260,519,40,221,2,4330,157,2928,623,30,638,347,4958,244,24,0,1265,22794,24,8,0,9,428,172,1178,980,3,6721,780,83,0,3059,213,2909
08-26-2020,41,3541,5,274,530,41,231,2,4347,165,2945,634,32,657,362,5091,257,25,0,1282,23089,25,8,0,9,441,180,1219,992,3,6839,788,85,0,3149,219,2964
08-27-2020,42,3633,5,278,538,43,245,2,4369,171,2962,646,33,671,373,5232,267,27,0,1306,23444,25,8,0,9,448,190,1256,1005,3,6948,799,89,0,3217,228,3017
08-28-2020,42,3714,5,286,558,45,251,2,4389,175,2976,661,33,678,381,5368,274,28,0,1323,23775,27,10,0,9,456,199,1307,1017,3,7050,808,94,0,3294,239,3073
08-29-2020,44,3796,5,289,561,45,262,2,4404,178,2989,670,34,685,397,5483,280,32,0,1345,24103,28,10,0,9,470,211,1348,1030,3,7137,818,98,0,3356,250,3126
08-30-2020,45,3884,7,296,578,52,269,2,4426,183,3006,682,35,694,410,5589,287,34,0,1374,24399,28,10,0,9,482,221,1404,1043,3,7231,827,103,0,3423,257,3176
08-31-2020,46,3969,7,306,582,56,277,2,4444,192,3020,689,38,703,417,5702,294,34,0,1394,24583,28,10,0,9,492,228,1453,1056,3,7322,836,113,0,3486,269,3228
09-01-2020,46,4053,7,315,621,57,287,2,4462,194,3034,706,40,717,428,5837,298,35,0,1426,24903,29,12,0,9,503,240,1512,1069,4,7418,846,118,0,3542,280,3283
09-02-2020,47,4125,7,323,646,59,299,2,4481,204,3046,721,43,732,438,5950,305,35,0,1453,25195,29,13,0,9,514,253,1618,1081,4,7516,856,126,0,3616,291,3339
09-03-2020,48,4200,7,330,672,63,315,2,4500,212,3062,740,48,743,444,6054,315,35,0,1483,25586,32,13,0,9,522,260,1690,1095,4,7608,866,129,0,3691,300,3394
09-04-2020,49,4276,7,345,701,68,337,2,4513,220,3076,759,50,755,447,6170,326,35,0,1513,25964,35,14,0,10,531,280,1739,1108,5,7687,877,136,0,3762,312,3452
09-05-2020,50,4347,8,352,735,69,356,2,4538,229,3091,781,54,770,462,6298,337,35,0,1543,26276,36,15,0,10,538,298,1808,1122,5,7748,886,144,0,3843,330,3510
09-06-2020,50,4417,8,360,750,71,380,2,4567,236,3105,806,55,784,469,6393,347,35,0,1572,26604,38,16,0,10,546,314,1862,1137,5,7836,895,149,0,3920,341,3562
09-07-2020,50,4487,8,370,761,74,395,2,4599,245,3120,829,56,801,482,6534,359,35,0,1589,27027,38,17,0,10,556,325,1923,1151,5,7925,906,152,0,3976,348,3620
09-08-2020,50,4560,9,378,765,78,407,2,4618,256,3133,854,60,815,496,6680,372,35,0,1609,27407,39,17,0,10,569,337,1990,1164,7,8012,916,161,0,4047,360,3677
09-09-2020,51,4634,9,396,775,80,477,2,4638,262,3149,882,63,832,512,6808,384,35,0,1640,27787,40,19,0,10,580,347,2061,1178,7,8090,927,173,0,4112,372,3730
09-10-2020,51,4702,9,414,785,83,493,2,4666,268,3164,907,66,845,517,6937,396,36,0,1661,28282,44,20,0,10,591,353,2149,1192,7,8154,940,173,0,4206,377,3771
09-11-2020,51,4779,10,430,797,86,519,2,4687,276,3180,932,71,854,532,7067,410,38,0,1691,28724,44,24,0,10,605,365,2212,1207,8,8231,950,182,0,4282,388,3828
09-12-2020,51,4846,10,453,808,92,539,2,4715,286,3195,956,73,864,542,7161,425,39,0,1728,29115,45,25,0,10,616,370,2288,1221,11,8307,961,194,0,4349,402,3887
09-13-2020,51,4912,10,469,822,93,555,2,4744,290,3210,975,77,878,555,7265,439,40,0,1762,29531,46,26,0,10,626,385,2356,1236,14,8381,974,200,0,4429,414,3945
09-14-2020,51,4912,10,469,822,93,555,2,4744,290,3210,975,77,878,555,7265,439,40,0,1762,29531,46,26,0,10,626,385,2356,1236,14,8381,974,200,0,4429,414,3945
09-15-2020,52,5041,13,492,836,99,589,2,4806,315,3244,1026,90,914,571,7481,466,44,0,1820,30409,47,28,0,15,645,405,2514,1264,19,8502,996,217,0,4604,438,4062
09-16-2020,52,5105,13,511,848,104,611,2,4839,319,3256,1045,91,932,579,7536,480,46,0,1844,30883,48,29,0,15,656,418,2592,1279,19,8559,1005,222,0,4690,447,4123
09-17-2020,52,5177,13,528,855,109,628,2,4877,327,3270,1069,98,951,590,7629,489,46,0,1877,31351,51,31,0,15,669,431,2646,1293,22,8618,1016,228,0,4771,460,4183
09-18-2020,52,5244,13,540,859,113,645,2,4907,335,3286,1092,111,966,602,7808,501,48,0,1901,31791,52,32,0,15,682,462,2708,1308,24,8685,1025,235,0,4869,464,4242
09-19-2020,52,5302,13,548,861,119,664,2,4945,342,3302,1120,116,987,615,7922,519,49,0,1943,32216,55,36,0,15,691,462,2757,1322,25,8751,1033,239,0,4953,478,4298
09-20-2020,52,5359,13,562,864,123,677,2,4982,351,3319,1149,120,1001,617,8023,535,49,0,1970,32671,57,36,0,15,701,462,2813,1336,28,8811,1042,245,0,5047,491,4359
09-21-2020,52,5410,13,578,870,126,690,2,5014,360,3336,1177,127,1024,626,8145,553,50,0,2007,33015,59,37,0,15,710,467,2860,1352,29,8871,1052,251,0,5135,501,4421
09-22-2020,52,5461,14,586,873,130,718,2,5051,368,3352,1206,134,1042,641,8228,572,50,0,2035,33407,60,38,0,15,721,473,2926,1367,29,8947,1062,253,0,5212,512,4483
09-23-2020,52,5506,14,597,874,140,728,2,5087,376,3367,1233,140,1062,648,8266,592,51,0,2077,33886,62,42,0,16,736,481,2990,1382,30,9010,1070,260,0,5299,529,4544
09-24-2020,52,5558,14,608,878,144,752,2,5123,383,3381,1255,150,1084,652,8331,613,54,0,2122,34345,62,43,0,16,752,487,3066,1397,31,9076,1080,265,0,5366,542,4606
09-25-2020,52,5606,14,625,878,145,777,2,5147,386,3393,1273,157,1105,661,8417,635,56,0,2152,34761,63,43,0,16,767,494,3134,1412,31,9148,1091,268,0,5450,555,4665
09-26-2020,52,5663,14,638,886,145,817,2,5193,391,3406,1291,164,1125,670,8503,656,57,0,2181,35191,64,43,0,16,783,500,3188,1426,31,9233,1100,270,0,5517,566,4721
09-27-2020,53,5708,14,655,888,147,848,2,5235,401,3416,1307,175,1132,679,8582,677,58,0,2207,35571,64,43,0,16,797,513,3238,1441,33,9313,1107,273,0,5594,574,4781
09-28-2020,53,5745,15,667,892,153,877,2,5272,407,3428,1331,180,1146,688,8641,697,58,0,2242,35751,64,46,0,17,813,515,3284,1456,34,9383,1116,276,0,5652,580,4837
09-29-2020,53,5780,16,680,894,158,916,2,5320,419,3439,1356,183,1164,700,8777,719,58,0,2281,36181,65,47,0,17,828,517,3359,1471,35,9453,1127,277,0,5715,591,4899
09-30-2020,53,5828,16,697,904,162,957,2,5361,428,3450,1382,186,1181,713,8864,742,58,0,2316,36662,67,49,0,17,842,521,3406,1486,37,9520,1135,283,0,5784,611,4958
10-01-2020,53,5869,16,711,904,164,986,2,5401,440,3460,1402,195,1198,721,8994,771,61,0,2336,37056,68,51,0,17,859,525,3451,1500,39,9586,1145,286,0,5784,611,4958
10-02-2020,53,5900,18,721,910,169,1002,2,5438,442,3475,1425,202,1212,729,9119,791,61,0,2372,37480,69,52,0,17,875,532,3501,1516,41,9653,1153,289,0,5917,636,5070
10-03-2020,53,5941,18,735,912,172,1031,2,5472,450,3487,1450,210,1231,734,9219,813,61,0,2399,37758,71,54,0,17,892,534,3562,1530,43,9718,1163,293,0,5977,648,5132
10-04-2020,53,5981,18,749,915,174,1045,2,5510,456,3496,1470,217,1242,743,9286,836,61,0,2434,38084,74,54,0,17,907,539,3603,1545,45,9784,1171,299,0,6029,652,5194
10-05-2020,54,6019,19,760,924,177,1081,2,5542,460,3509,1491,224,1252,747,9370,859,61,0,2463,38347,75,59,0,17,924,543,3641,1559,46,9846,1181,301,0,6092,669,5255
10-06-2020,54,6052,20,778,925,180,1104,2,5581,468,3519,1509,229,1268,757,9461,884,61,0,2488,38717,78,60,0,17,940,546,3679,1574,49,9917,1189,301,0,6153,677,5318
10-07-2020,54,6086,21,785,927,182,1134,2,5616,477,3531,1528,231,1282,767,9574,906,63,0,2518,39072,80,60,0,17,958,551,3712,1590,49,9984,1201,304,0,6200,688,5376
10-08-2020,55,6128,22,794,929,186,1158,2,5653,484,3538,1548,238,1291,775,9675,930,63,0,2547,39430,83,60,0,17,974,556,3741,1605,51,10052,1208,311,0,6245,702,5439
10-09-2020,55,6159,23,802,934,188,1196,2,5692,491,3547,1562,245,1306,781,9789,955,63,0,2574,39732,86,61,0,17,991,558,3773,1621,53,10120,1217,313,0,6293,716,5501
10-10-2020,55,6194,23,811,944,190,1235,2,5740,499,3557,1572,248,1313,784,9891,978,64,0,2599,40040,88,62,0,17,1006,559,3798,1636,55,10187,1222,315,0,6353,734,5563
10-11-2020,55,6224,24,816,946,191,1253,2,5769,507,3566,1579,250,1322,787,9966,1003,64,0,2624,40349,91,63,0,17,1022,563,3833,1650,55,10252,1228,316,0,6394,747,5622
10-12-2020,55,6256,24,826,955,192,1286,2,5809,511,3574,1592,251,1333,798,10036,1025,64,0,2645,40514,93,64,0,18,1040,565,3860,1665,57,10314,1233,317,0,6438,762,5682
10-13-2020,55,6291,28,830,961,197,1306,2,5854,514,3584,1601,254,1340,805,10123,1046,64,0,2671,40701,97,65,0,19,1057,567,3894,1679,59,10371,1241,318,0,6466,782,5744
10-14-2020,55,6319,29,834,967,199,1339,2,5898,519,3595,1614,255,1352,811,10198,1066,64,0,2686,40859,103,70,0,22,1062,568,3925,1694,59,10423,1249,319,0,6507,796,5808
10-15-2020,55,6357,30,843,972,201,1385,2,5924,525,3606,1623,260,1358,820,10283,1089,65,0,2710,41196,104,73,0,22,1089,570,3954,1708,59,10472,1256,323,0,6543,814,5870
10-16-2020,56,6382,30,853,981,206,1425,2,5946,531,3617,1634,262,1366,824,10356,1113,65,0,2735,41502,109,75,0,22,1104,571,3980,1723,59,10529,1265,326,0,6589,829,5931
10-17-2020,56,6406,30,865,990,207,1439,2,5981,538,3626,1640,265,1372,832,10427,1139,66,0,2753,41965,111,75,0,27,1121,574,3999,1735,59,10586,1271,329,0,6629,924,5992
10-18-2020,56,6429,30,868,996,208,1478,2,6009,544,3635,1640,268,1379,839,10478,1161,66,0,2773,42115,116,75,0,27,1135,574,4012,1748,60,10642,1275,331,0,6658,927,6056
10-19-2020,56,6453,30,875,1003,208,1534,2,6040,549,3643,1648,272,1388,842,10542,1182,66,0,2786,42240,117,75,0,27,1152,575,4029,1760,62,10691,1282,331,0,6685,933,6119
10-20-2020,56,6481,31,884,1011,209,1584,2,6081,555,3651,1660,274,1397,849,10608,1206,67,0,2811,42453,121,76,0,28,1168,577,4037,1774,63,10741,1287,332,0,6714,946,6180
10-21-2020,56,6508,31,889,1019,209,1628,2,6128,557,3660,1674,279,1402,851,10696,1232,68,0,2828,42633,124,77,0,28,1181,580,4060,1788,63,10780,1292,334,0,6755,960,6244
10-22-2020,57,6524,32,896,1026,212,1680,2,6163,564,3667,1688,284,1412,859,10770,1255,68,0,2842,42831,127,78,0,28,1196,582,4072,1800,63,10825,1298,339,0,6790,968,6308
10-23-2020,58,6544,33,900,1034,214,1738,2,6189,568,3673,1705,285,1424,862,10821,1281,68,0,2855,43015,132,79,0,28,1214,584,4095,1814,63,10858,1303,340,0,6830,979,6368
10-24-2020,58,6566,33,902,1042,216,1793,2,6225,570,3679,1720,290,1430,864,10873,1306,71,0,2875,43152,138,80,0,30,1229,586,4107,1826,63,10893,1307,343,0,6854,984,6427
10-25-2020,58,6587,33,906,1049,218,1818,2,6258,576,3686,1727,291,1438,866,10905,1332,71,0,2885,43264,139,81,0,31,1245,588,4117,1839,64,10924,1311,343,0,6882,993,6487
10-26-2020,58,6606,35,908,1058,222,1861,2,6312,582,3690,1737,293,1444,872,10947,1352,71,0,2890,43348,144,81,0,33,1259,588,4125,1853,65,10956,1315,344,0,6904,1001,6546
10-27-2020,58,6625,36,914,1065,223,1881,2,6356,585,3695,1750,298,1451,876,10991,1376,73,0,2898,43463,150,82,0,33,1272,588,4138,1867,67,10983,1319,344,0,6940,1007,6604
10-28-2020,58,6643,36,917,1069,224,1936,2,6396,592,3701,1758,300,1455,880,11046,1403,74,0,2913,43554,156,85,1,34,1284,590,4158,1877,67,11018,1324,345,0,6958,1009,6664
10-29-2020,59,6659,37,923,1076,225,1989,2,6423,597,3705,1766,306,1466,883,11091,1429,74,0,2929,43710,160,87,1,35,1297,592,4168,1888,67,11053,1330,346,0,6983,1009,6725
10-30-2020,59,6676,37,926,1084,225,2038,2,6470,602,3711,1777,312,1471,883,11140,1457,74,0,2941,43837,164,87,1,39,1308,592,4187,1898,68,11091,1336,346,0,7007,1011,6784
10-31-2020,59,6690,37,930,1090,226,2101,2,6511,604,3716,1789,317,1478,884,11168,1484,75,0,2951,43911,168,88,1,39,1320,592,4203,1907,72,11122,1341,346,0,7025,1023,6841
11-01-2020,60,6706,37,931,1097,226,2150,2,6562,609,3721,1795,326,1482,885,11192,1512,75,0,2958,44024,171,90,1,39,1331,595,4214,1917,73,11152,1348,348,0,7051,1027,6900
11-02-2020,60,6719,38,932,1101,227,2208,2,6604,616,3725,1810,336,1490,886,11221,1533,76,0,2965,44128,180,90,1,42,1340,595,4227,1926,73,11183,1351,350,0,7076,1029,6957
11-03-2020,60,6734,42,934,1108,228,2266,2,6652,618,3731,1817,344,1502,891,11247,1559,76,0,2974,44248,184,90,1,42,1352,596,4245,1936,73,11214,1357,353,0,7089,1033,7013
11-04-2020,60,6744,43,934,1113,229,2316,2,6703,626,3737,1836,355,1511,894,11281,1587,79,0,2987,44548,187,90,2,44,1364,597,4259,1945,73,11244,1362,353,0,7104,1038,7068
11-05-2020,60,6757,43,934,1121,229,2360,2,6769,630,3744,1859,361,1517,894,11312,1613,79,0,2992,44804,189,91,2,45,1378,597,4281,1955,75,11272,1366,354,0,7131,1047,7122
11-06-2020,60,6768,43,938,1129,230,2412,2,6833,633,3748,1880,361,1523,895,11347,1640,80,0,3004,44965,191,91,2,45,1393,598,4295,1966,75,11299,1372,356,0,7155,1056,7177
11-07-2020,60,6779,45,940,1136,232,2434,2,6912,641,3753,1897,371,1528,897,11369,1668,80,0,3017,45115,194,93,2,45,1410,600,4310,1979,76,11324,1377,357,0,7180,1063,7235
11-08-2020,60,6791,46,943,1144,234,2447,2,6989,643,3760,1912,377,1533,897,11391,1692,84,0,3028,45240,197,93,2,46,1425,601,4318,1989,78,11344,1381,359,0,7206,1065,7294
11-09-2020,60,6802,46,947,1151,237,2464,2,7060,647,3765,1919,384,1542,905,11410,1714,85,0,3034,45325,198,94,2,46,1441,602,4338,1998,79,11362,1385,359,0,7231,1075,7350
11-10-2020,60,6814,46,952,1156,241,2482,2,7143,651,3770,1935,396,1549,910,11430,1742,85,0,3042,45435,200,94,2,50,1454,604,4358,2008,80,11387,1390,359,0,7261,1080,7403
11-11-2020,60,6828,46,954,1162,243,2507,2,7228,656,3776,1960,405,1558,913,11453,1771,86,0,3055,45560,202,94,2,50,1469,605,4389,2019,82,11415,1393,359,0,7281,1086,7452
11-12-2020,61,6837,47,957,1167,244,2527,2,7332,656,3785,1979,411,1566,917,11474,1796,89,0,3065,45682,207,98,2,50,1483,607,4412,2032,85,11440,1397,360,0,7302,1093,7506
11-13-2020,61,6847,47,958,1174,246,2545,2,7423,658,3791,2006,423,1574,921,11491,1822,89,0,3076,45809,213,98,3,52,1495,608,4428,2044,86,11454,1401,362,0,7327,1097,7557
11-14-2020,61,6854,48,961,1179,246,2562,2,7519,659,3797,2011,431,1580,922,11508,1848,89,0,3083,45914,218,100,4,52,1510,608,4428,2056,87,11466,1404,362,0,7354,1102,7610
11-15-2020,61,6868,48,963,1184,248,2578,2,7614,662,3803,2019,442,1589,924,11529,1869,89,0,3090,45974,221,100,4,52,1527,608,4458,2066,89,11478,1407,364,0,7372,1107,7661
11-16-2020,61,6881,48,964,1189,250,2604,2,7713,663,3808,2038,450,1597,928,11541,1888,93,0,3092,46034,224,101,5,53,1527,608,4480,2078,91,11495,1410,364,0,7393,1116,7714
11-17-2020,61,6890,48,966,1194,252,2623,2,7812,667,3815,2063,462,1604,931,11557,1915,94,0,3102,46102,225,102,5,53,1560,608,4510,2089,92,11513,1415,364,0,7412,1119,7766
11-18-2020,61,6899,48,969,1201,253,2646,2,7943,670,3823,2093,475,1613,934,11578,1943,94,0,3115,46202,231,103,5,54,1575,608,4541,2101,95,11531,1419,364,0,7441,1128,7820
11-19-2020,61,6910,49,969,1209,254,2672,2,8041,670,3830,2113,488,1618,937,11604,1969,95,0,3129,46356,231,104,5,54,1592,609,4556,2116,95,11550,1423,365,0,7480,1133,7873
11-20-2020,61,6920,49,971,1212,255,2691,2,8159,672,3837,2138,500,1622,939,11621,1997,96,0,3138,46511,232,106,5,56,1608,609,4572,2130,96,11568,1426,366,0,7500,1138,7923
11-21-2020,61,6927,49,973,1216,258,2713,2,8270,675,3846,2163,518,1624,945,11641,2022,98,0,3149,46573,233,108,5,57,1625,609,4595,2146,98,11586,1430,366,0,7524,1146,7976
11-22-2020,61,6938,49,974,1221,260,2732,2,8391,677,3859,2188,537,1629,951,11654,2049,100,0,3162,46623,236,110,5,59,1640,609,4614,2163,99,11605,1433,369,0,7559,1155,8025
11-23-2020,61,6948,49,975,1227,263,2746,2,8512,677,3876,2216,560,1641,953,11678,2071,101,0,3172,46653,238,110,5,61,1657,609,4631,2181,100,11622,1437,370,0,7582,1162,8072
11-24-2020,61,6956,49,976,1233,265,2767,2,8621,679,3892,2249,572,1651,955,11695,2095,105,0,3183,46683,240,110,5,61,1671,609,4653,2200,102,11639,1441,370,0,7615,1173,8121
11-25-2020,61,6962,49,978,1237,266,2783,2,8720,683,3906,2291,585,1663,958,11714,2121,108,0,3197,46748,245,110,5,61,1687,609,4684,2218,102,11655,1444,370,0,7644,1185,8172
11-26-2020,61,6970,49,978,1243,270,2801,2,8811,685,3922,2316,599,1668,961,11726,2148,113,0,3209,46813,249,110,5,63,1704,609,4710,2237,102,11669,1448,370,0,7674,1196,8224
11-27-2020,61,6976,50,980,1248,270,2813,2,8909,686,3938,2345,612,1676,962,11738,2171,114,0,3224,46898,256,110,5,64,1718,609,4737,2255,103,11681,1451,370,0,7697,1201,8270
11-28-2020,61,6981,51,980,1253,274,2830,2,8998,686,3953,2375,623,1680,963,11750,2196,116,0,3237,46986,263,111,5,64,1730,609,4765,2274,107,11694,1455,370,0,7718,1214,8322
11-29-2020,61,6988,54,981,1259,276,2840,2,9066,687,3969,2401,635,1685,963,11765,2223,116,0,3250,47071,273,111,5,64,1734,609,4780,2292,108,11703,1458,370,0,7742,1222,8376
11-30-2020,61,6992,54,981,1264,277,2861,2,9174,688,3989,2428,645,1694,964,11778,2244,117,0,3260,47151,281,111,5,64,1739,610,4807,2312,109,11712,1461,370,0,7761,1231,8424
12-01-2020,61,6992,54,981,1264,277,2861,2,9174,688,3989,2428,645,1694,964,11778,2244,117,0,3260,47151,281,111,5,64,1739,610,4807,2312,109,11712,1461,370,0,7761,1231,8424
12-02-2020,61,7003,54,983,1274,281,2919,2,9342,693,4018,2488,677,1708,971,11808,2298,119,0,3287,47357,291,114,6,64,1750,612,4842,2350,111,11733,1465,372,0,7817,1251,8527
12-03-2020,61,7014,54,985,1281,284,2941,2,9424,696,4031,2520,695,1718,977,11821,2329,119,0,3300,47472,294,116,6,64,1755,613,4862,2370,111,11747,1467,372,0,7848,1263,8576
12-04-2020,61,7020,55,987,1287,287,2956,2,9497,696,4049,2539,708,1730,978,11834,2358,120,0,3314,47599,295,118,6,65,1760,614,4882,2389,112,11762,1470,372,0,7877,1273,8628
12-05-2020,61,7024,55,989,1292,289,2977,2,9574,697,4064,2564,721,1742,979,11846,2390,120,0,3326,47694,299,118,6,65,1765,614,4906,2409,115,11777,1472,372,0,7900,1281,8677
12-06-2020,61,7033,55,993,1295,291,2989,2,9643,698,4081,2588,732,1746,986,11856,2418,120,0,3337,47734,306,120,6,66,1771,614,4916,2429,115,11793,1474,373,0,7924,1285,8723
12-07-2020,61,7038,55,995,1297,293,3010,2,9706,701,4095,2611,739,1755,988,11867,2441,121,0,3347,47774,309,120,6,66,1778,615,4934,2448,117,11809,1477,373,0,7944,1295,8771
12-08-2020,61,7042,55,997,1300,296,3025,2,9763,701,4110,2624,753,1761,988,11880,2472,122,0,3358,47827,311,122,6,67,1784,615,4964,2468,117,11822,1480,373,0,7967,1307,8820
12-09-2020,61,7045,55,998,1303,297,3038,2,9813,703,4123,2650,765,1767,991,11900,2507,122,0,3366,47902,318,122,6,67,1789,615,4980,2485,117,11836,1482,373,0,7987,1320,8867
12-10-2020,61,7047,55,999,1307,298,3054,2,9874,703,4135,2676,773,1775,993,11912,2533,122,0,3373,47972,318,123,6,68,1794,617,5007,2500,117,11853,1485,374,0,8011,1332,8916
12-11-2020,61,7049,55,1000,1312,299,3068,2,9934,703,4148,2699,793,1786,995,11928,2562,123,0,3382,48059,320,124,7,68,1798,619,5036,2514,118,11870,1489,375,0,8025,1341,8966
12-12-2020,61,7052,55,1000,1317,300,3084,2,9981,705,4160,2710,803,1793,995,11939,2594,123,0,3391,48139,322,125,7,68,1802,619,5057,2528,118,11883,1493,376,0,8056,1351,9010
12-13-2020,61,7057,55,1002,1321,301,3097,2,10014,706,4171,2717,811,1799,999,11944,2623,123,0,3404,48209,322,128,7,68,1807,619,5077,2542,118,11895,1496,376,0,8072,1355,9057
12-14-2020,61,7059,55,1003,1325,302,3116,2,10074,707,4182,2733,823,1802,1000,11954,2647,123,0,3412,48269,324,130,7,69,1811,620,5098,2555,118,11909,1499,376,0,8083,1361,9100
12-15-2020,61,7064,55,1004,1329,304,3135,2,10115,710,4193,2751,836,1812,1001,11965,2680,123,0,3425,48339,327,131,7,69,1815,620,5117,2568,119,11919,1502,378,0,8103,1372,9145
12-16-2020,61,7067,55,1007,1332,304,3145,2,10147,713,4203,2765,848,1817,1004,11971,2707,123,0,3433,48434,329,133,7,70,1820,622,5135,2578,121,11931,1505,378,0,8118,1375,9191
12-17-2020,61,7069,55,1010,1337,304,3156,2,10182,716,4211,2782,858,1826,1007,11981,2734,123,0,3442,48499,332,133,7,73,1825,622,5150,2589,122,11942,1506,378,0,8136,1384,9235
12-18-2020,61,7070,55,1011,1341,305,3163,2,10219,718,4220,2803,867,1833,1008,11989,2757,124,0,3453,48574,334,133,7,73,1829,623,5170,2599,123,11954,1510,378,0,8154,1399,9277
12-19-2020,61,7074,55,1012,1347,306,3172,2,10251,718,4227,2816,870,1837,1010,12004,2786,124,0,3468,48648,336,133,7,73,1832,624,5189,2608,123,11968,1513,378,0,8177,1408,9320
12-20-2020,61,7076,55,1017,1352,308,3181,2,10277,721,4234,2821,876,1841,1010,12009,2816,124,0,3481,48746,337,134,7,73,1836,626,5201,2617,124,11983,1515,380,0,8196,1413,9360
12-21-2020,62,7078,56,1020,1358,310,3199,2,10304,723,4241,2832,885,1844,1011,12016,2843,125,0,3490,48801,337,134,7,73,1839,627,5212,2626,124,11995,1518,380,0,8212,1426,9401
12-22-2020,62,7082,56,1024,1362,312,3212,2,10329,725,4248,2842,889,1850,1014,12029,2870,125,0,3502,48876,337,134,7,76,1843,629,5230,2634,124,12012,1522,383,0,8224,1439,9439
12-23-2020,62,7085,56,1029,1368,313,3227,2,10347,727,4254,2847,894,1853,1014,12038,2892,125,0,3514,48969,338,135,8,77,1846,629,5243,2642,125,12024,1524,384,0,8245,1447,9473
12-24-2020,62,7089,56,1033,1371,314,3249,2,10384,728,4262,2854,899,1860,1016,12039,2914,126,0,3524,49058,341,135,8,77,1850,629,5260,2650,125,12036,1527,384,0,8267,1458,9505
12-25-2020,62,7091,56,1033,1373,314,3263,2,10414,728,4268,2858,902,1861,1016,12044,2930,126,0,3536,49129,344,135,8,77,1853,629,5269,2657,125,12048,1529,385,0,8279,1463,9536
12-26-2020,62,7092,56,1035,1379,315,3275,2,10437,731,4275,2865,913,1867,1018,12051,2951,126,0,3545,49189,344,138,8,78,1857,630,5281,2664,125,12059,1531,385,0,8293,1476,9569
12-27-2020,62,7094,56,1037,1383,315,3293,2,10453,731,4282,2874,919,1867,1019,12062,2976,126,0,3563,49255,348,138,8,78,1861,631,5299,2670,125,12069,1533,385,0,8306,1483,9598
12-28-2020,62,7098,56,1038,1386,316,3319,2,10474,734,4288,2882,921,1875,1020,12070,2990,126,0,3572,49305,348,138,8,79,1864,631,5312,2677,126,12080,1535,385,0,8322,1489,9625
12-29-2020,62,7100,56,1040,1389,316,3336,2,10502,735,4295,2892,925,1879,1025,12074,3014,127,0,3582,49373,353,138,8,79,1868,633,5322,2683,126,12092,1538,385,0,8340,1495,9655
12-30-2020,62,7104,56,1043,1393,316,3350,2,10523,737,4302,2899,931,1880,1027,12081,3042,127,0,3595,49463,354,139,8,79,1871,633,5331,2689,127,12109,1541,385,0,8352,1504,9683
12-31-2020,62,7104,56,1043,1393,316,3350,2,10523,737,4302,2899,931,1880,1027,12081,3042,127,0,3595,49463,354,139,8,79,1871,633,5331,2689,127,12109,1541,385,0,8352,1504,9683
01-01-2021,62,7108,56,1045,1397,317,3371,2,10536,739,4306,2905,934,1883,1030,12090,3072,127,0,3606,49521,355,139,8,79,1873,633,5341,2696,127,12122,1544,385,0,8364,1509,9712
01-02-2021,62,7111,56,1051,1403,319,3386,2,10571,739,4314,2915,938,1885,1034,12099,3116,127,0,3627,49631,357,139,8,79,1880,633,5364,2705,129,12146,1549,385,0,8387,1522,9766
01-03-2021,62,7115,56,1052,1405,320,3400,2,10585,741,4318,2917,944,1886,1035,12107,3141,127,0,3641,49666,358,139,8,79,1883,633,5376,2710,129,12156,1551,385,0,8403,1527,9792
01-04-2021,62,7118,56,1054,1408,321,3412,2,10597,743,4321,2923,946,1891,1036,12110,3160,127,0,3648,49695,361,139,8,79,1885,635,5400,2714,129,12166,1554,385,0,8413,1535,9817
01-05-2021,62,7122,56,1057,1415,322,3437,2,10609,744,4325,2927,948,1897,1038,12118,3184,127,0,3662,49759,363,141,8,79,1887,635,5404,2719,129,12177,1556,387,0,8433,1544,9841
01-06-2021,62,7125,56,1057,1420,323,3447,2,10625,744,4329,2934,952,1900,1040,12124,3209,127,0,3670,49825,363,141,8,80,1887,635,5412,2723,129,12188,1559,387,0,8441,1549,9863
01-07-2021,62,7126,56,1059,1424,325,3454,2,10644,744,4332,2940,953,1903,1041,12131,3234,127,0,3682,49897,364,141,8,82,1888,636,5422,2727,129,12200,1561,388,0,8452,1555,9881
01-08-2021,62,7126,56,1059,1424,325,3454,2,10644,744,4332,2940,953,1903,1041,12131,3234,127,0,3682,49897,364,141,8,82,1888,636,5422,2727,129,12200,1561,388,0,8452,1555,9881
01-09-2021,62,7128,56,1060,1430,327,3484,2,10666,746,4340,2949,958,1909,1045,12138,3279,127,0,3701,50027,365,143,8,84,1891,636,5439,2731,129,12215,1565,388,0,8481,1568,9922
01-10-2021,62,7129,56,1061,1434,327,3490,2,10678,747,4344,2950,959,1910,1047,12140,3302,127,0,3711,50061,365,143,9,84,1891,638,5445,2734,129,12222,1566,388,0,8495,1573,9941
01-11-2021,62,7131,56,1064,1439,327,3505,2,10691,749,4347,2956,961,1911,1048,12144,3322,127,0,3718,50101,365,143,9,84,1892,638,5447,2736,129,12228,1568,388,0,8504,1578,9957
01-12-2021,62,7133,56,1064,1443,328,3517,2,10707,749,4350,2964,961,1912,1048,12149,3347,128,0,3726,50151,365,143,9,84,1894,639,5456,2739,129,12236,1571,389,0,8514,1589,9975
01-13-2021,62,7134,56,1065,1445,329,3527,2,10718,750,4354,2966,963,1912,1048,12152,3373,128,0,3732,50221,365,144,9,86,1895,639,5463,2742,129,12242,1572,389,0,8529,1593,9993
01-14-2021,62,7134,56,1065,1445,329,3527,2,10718,750,4354,2966,963,1912,1048,12152,3373,128,0,3732,50221,365,144,9,86,1895,639,5463,2742,129,12242,1572,389,0,8529,1593,9993
01-15-2021,62,7139,56,1066,1449,330,3544,2,10732,753,4360,2979,963,1920,1049,12158,3415,128,0,3746,50336,365,144,9,88,1898,640,5485,2744,130,12251,1575,391,0,8558,1602,10026
01-16-2021,62,7139,56,1070,1453,330,3551,2,10738,756,4363,2983,964,1921,1050,12162,3442,128,0,3751,50388,366,144,9,88,1899,642,5499,2746,130,12257,1577,391,0,8570,1606,10041
01-17-2021,62,7140,56,1073,1457,330,3558,2,10746,756,4365,2985,966,1921,1050,12166,3463,128,0,3753,50438,366,144,9,88,1900,642,5504,2747,130,12264,1579,391,0,8576,1611,10053
01-18-2021,62,7141,56,1075,1460,330,3565,2,10754,756,4367,2989,967,1922,1054,12175,3480,128,0,3756,50473,366,144,9,88,1901,643,5509,2750,130,12272,1581,391,0,8580,1617,10063
01-19-2021,62,7142,56,1075,1461,330,3575,2,10764,756,4369,2993,967,1923,1057,12181,3506,129,0,3763,50523,367,144,9,88,1902,643,5516,2752,131,12281,1583,391,0,8584,1619,10074
01-20-2021,62,7142,56,1077,1464,330,3585,2,10774,756,4371,2997,967,1923,1057,12185,3524,129,0,3770,50582,367,144,9,88,1902,643,5520,2754,131,12290,1584,391,0,8591,1622,10080
01-21-2021,62,7142,56,1077,1468,331,3594,2,10782,757,4372,3000,970,1924,1058,12187,3545,129,0,3776,50634,367,144,9,88,1903,643,5535,2756,131,12299,1586,391,0,8597,1626,10089
01-22-2021,62,7146,56,1077,1472,332,3601,2,10789,758,4374,3005,970,1928,1060,12190,3564,129,0,3780,50684,369,146,9,88,1903,643,5543,2756,131,12307,1588,391,0,8605,1629,10097
01-23-2021,62,7147,56,1077,1476,333,3609,2,10799,761,4375,3009,971,1929,1061,12193,3587,129,0,3786,50740,369,146,9,88,1904,644,5553,2758,132,12309,1589,391,0,8609,1629,10107
01-24-2021,62,7147,56,1078,1479,334,3617,2,10808,761,4376,3010,973,1929,1063,12197,3607,129,0,3789,50785,369,146,9,88,1905,645,5555,2758,133,12316,1590,391,0,8617,1631,10115
01-25-2021,62,7149,56,1078,1483,334,3630,2,10813,762,4379,3014,973,1929,1064,12200,3624,129,0,3791,50815,369,146,9,88,1906,645,5560,2760,133,12320,1592,391,0,8624,1635,10122
01-26-2021,62,7150,56,1079,1486,334,3644,2,10820,763,4381,3014,973,1930,1064,12204,3643,129,0,3793,50862,369,146,9,88,1906,645,5571,2760,133,12325,1593,391,0,8632,1636,10131
01-27-2021,62,7152,56,1081,1490,334,3647,2,10829,763,4382,3014,974,1931,1066,12207,3663,129,0,3799,50894,370,146,9,88,1906,646,5581,2761,133,12333,1594,391,0,8636,1639,10139
01-28-2021,62,7152,56,1081,1492,334,3682,2,10835,765,4384,3014,974,1932,1069,12209,3682,129,0,3802,50944,370,146,9,88,1906,647,5590,2763,133,12339,1596,391,0,8642,1642,10148
01-29-2021,62,7152,56,1081,1495,334,3689,2,10841,766,4385,3015,974,1933,1070,12211,3704,129,0,3805,51000,371,146,9,88,1906,647,5601,2765,133,12345,1598,391,0,8646,1642,10155
01-30-2021,62,7153,56,1082,1499,334,3698,2,10849,766,4387,3017,976,1936,1071,12213,3722,130,0,3807,51042,371,146,9,88,1906,647,5609,2766,133,12350,1599,391,0,8650,1643,10164
01-31-2021,62,7153,56,1082,1501,334,3701,2,10853,768,4387,3018,979,1936,1072,12217,3743,130,0,3810,51082,371,146,9,88,1906,648,5615,2766,134,12356,1601,391,0,8658,1644,10173
02-01-2021,62,7154,56,1083,1503,334,3706,2,10856,768,4388,3022,979,1936,1073,12220,3760,130,0,3812,51109,371,146,9,88,1906,651,5616,2766,135,12363,1602,391,0,8662,1648,10179
02-02-2021,62,7156,56,1083,1505,335,3711,2,10858,768,4389,3023,980,1938,1075,12223,3776,130,0,3815,51139,371,147,9,88,1906,651,5628,2768,135,12367,1604,391,0,8668,1651,10188
02-03-2021,62,7157,56,1083,1508,336,3718,2,10864,768,4391,3024,981,1941,1077,12225,3796,130,0,3816,51169,372,147,9,88,1906,652,5628,2770,135,12371,1606,391,0,8674,1655,10195
02-04-2021,62,7157,56,1084,1510,337,3724,2,10871,770,4392,3026,982,1943,1077,12227,3813,130,0,3818,51215,372,147,9,88,1907,652,5635,2771,135,12375,1607,391,0,8680,1659,10199
02-05-2021,62,7158,56,1084,1512,338,3732,2,10873,770,4393,3027,982,1944,1077,12230,3832,130,0,3819,51255,372,147,9,88,1908,654,5635,2771,135,12379,1608,391,0,8682,1662,10201
02-06-2021,62,7159,56,1084,1515,339,3735,2,10877,770,4394,3027,983,1944,1077,12233,3848,130,0,3820,51280,372,147,9,88,1909,654,5640,2772,135,12382,1610,391,0,8686,1664,10202
02-07-2021,62,7159,56,1084,1516,340,3741,2,10879,772,4395,3029,984,1944,1078,12236,3867,130,0,3820,51310,373,147,9,88,1909,654,5642,2772,135,12383,1611,391,0,8687,1668,10207
02-08-2021,62,7160,56,1085,1517,341,3744,2,10882,772,4396,3029,984,1944,1078,12239,3883,130,0,3823,51325,373,148,9,88,1910,655,5653,2774,135,12387,1612,391,0,8691,1671,10209
02-09-2021,62,7160,56,1086,1518,342,3746,2,10882,774,4397,3033,987,1944,1078,12241,3902,130,0,3825,51360,373,148,9,88,1910,655,5661,2774,135,12391,1613,391,0,8691,1673,10215
02-10-2021,62,7161,56,1086,1520,343,3755,2,10884,776,4397,3033,988,1945,1081,12244,3920,130,0,3827,51390,373,148,9,88,1910,656,5675,2777,135,12396,1613,391,0,8696,1673,10220
02-11-2021,62,7161,56,1086,1521,344,3759,2,10886,776,4399,3034,989,1947,1081,12251,3936,130,0,3828,51415,373,148,9,88,1910,656,5682,2779,135,12402,1614,391,0,8696,1676,10225
02-12-2021,62,7162,56,1086,1522,344,3766,2,10889,777,4400,3035,990,1948,1081,12259,3954,130,0,3829,51451,373,148,9,88,1910,656,5690,2780,135,12408,1614,391,0,8698,1678,10229
02-13-2021,62,7162,56,1087,1524,345,3771,2,10889,778,4400,3039,992,1949,1082,12263,3970,130,0,3829,51489,373,148,9,88,1910,656,5694,2781,135,12413,1616,391,0,8699,1680,10230
02-14-2021,62,7162,56,1087,1525,346,3772,2,10891,779,4401,3039,994,1951,1082,12265,3985,130,0,3834,51529,373,148,9,88,1910,657,5697,2781,135,12419,1618,391,0,8702,1680,10232
02-15-2021,62,7163,56,1089,1527,346,3777,2,10893,781,4401,3039,994,1951,1084,12267,3998,130,0,3838,51552,373,148,10,88,1911,658,5707,2781,135,12425,1619,391,0,8704,1680,10233
02-16-2021,62,7163,56,1089,1528,347,3783,2,10894,784,4402,3040,994,1951,1084,12273,4016,130,0,3841,51591,373,148,10,90,1912,658,5712,2781,135,12432,1620,391,0,8704,1682,10235
02-17-2021,62,7165,56,1090,1529,348,3788,2,10894,786,4403,3041,994,1951,1084,12276,4032,130,0,3842,51631,373,148,10,90,1912,660,5722,2782,135,12438,1622,391,0,8707,1683,10237
02-18-2021,62,7166,56,1091,1531,348,3790,2,10896,786,4403,3042,994,1954,1084,12282,4046,130,0,3844,51669,373,148,10,91,1913,660,5732,2783,135,12444,1623,391,0,8709,1684,10239
02-19-2021,62,7167,56,1091,1532,348,3793,2,10897,787,4404,3042,994,1954,1084,12287,4061,130,0,3846,51713,373,148,10,91,1914,662,5740,2784,135,12451,1623,391,0,8712,1686,10242
02-20-2021,62,7167,56,1091,1534,349,3795,2,10898,787,4404,3042,994,1954,1084,12292,4074,130,0,3850,51753,373,148,10,91,1914,662,5748,2785,135,12457,1624,391,0,8714,1686,10246
02-21-2021,62,7167,56,1091,1535,349,3800,2,10900,787,4405,3042,995,1954,1085,12294,4089,130,0,3854,51788,373,148,10,91,1914,663,5754,2785,135,12460,1625,391,0,8715,1687,10249
02-22-2021,62,7167,56,1091,1536,350,3806,2,10901,787,4406,3042,995,1954,1086,12299,4105,130,0,3854,51806,373,148,10,91,1914,663,5769,2785,135,12466,1627,391,0,8716,1689,10251
02-23-2021,62,7168,56,1091,1537,350,3809,2,10903,788,4406,3042,995,1955,1086,12303,4119,130,0,3855,51857,373,148,10,91,1914,665,5779,2785,135,12472,1629,391,0,8718,1690,10253
02-24-2021,62,7168,56,1091,1538,351,3813,2,10905,789,4407,3043,995,1955,1087,12309,4136,130,0,3857,51937,373,148,10,91,1914,666,5786,2785,135,12478,1630,391,0,8721,1690,10256
02-25-2021,62,7168,56,1091,1539,351,3821,2,10905,791,4408,3043,995,1955,1087,12316,4150,130,1,3859,51993,373,148,10,91,1915,667,5799,2785,135,12483,1632,391,0,8723,1690,10260
02-26-2021,62,7169,56,1092,1540,351,3828,2,10906,794,4408,3044,995,1956,1087,12320,4164,130,1,3862,52041,373,148,10,91,1915,667,5814,2786,135,12488,1633,391,0,8725,1691,10263
02-27-2021,62,7169,56,1092,1541,351,3833,2,10909,794,4409,3047,995,1956,1088,12326,4182,130,1,3863,52092,373,148,10,91,1915,668,5825,2787,135,12493,1634,391,0,8725,1692,10266
02-28-2021,62,7169,56,1092,1541,352,3835,2,10910,795,4410,3048,995,1957,1090,12331,4197,130,1,3864,52154,373,148,10,91,1916,668,5832,2787,135,12496,1634,391,0,8725,1692,10268
03-01-2021,62,7169,56,1093,1541,353,3842,2,10911,796,4410,3050,996,1958,1090,12336,4210,130,1,3865,52184,373,148,10,91,1916,669,5850,2787,135,12501,1635,391,0,8727,1692,10268
03-02-2021,62,7169,56,1093,1541,354,3844,2,10911,796,4411,3052,996,1958,1090,12343,4226,130,1,3865,52238,373,148,10,91,1917,669,5860,2787,135,12502,1635,391,0,8728,1692,10270
03-03-2021,62,7170,56,1093,1542,355,3848,2,10914,796,4412,3052,996,1958,1090,12346,4241,130,1,3865,52280,373,148,10,91,1917,669,5872,2787,135,12504,1637,391,0,8728,1692,10272
03-04-2021,62,7171,56,1093,1543,355,3851,2,10915,798,4412,3052,996,1959,1091,12350,4255,130,1,3866,52340,373,148,10,91,1917,669,5887,2788,135,12508,1639,391,0,8729,1692,10273
03-05-2021,62,7172,56,1093,1544,355,3854,2,10918,799,4413,3053,997,1960,1091,12354,4271,130,1,3866,52393,373,148,10,91,1917,669,5898,2789,135,12513,1640,391,0,8729,1694,10275
03-06-2021,62,7173,56,1094,1545,355,3855,2,10919,799,4414,3056,997,1961,1091,12359,4287,130,1,3868,52440,373,148,10,91,1917,670,5910,2789,135,12517,1641,391,0,8729,1694,10277
03-07-2021,62,7174,56,1094,1546,355,3858,2,10921,799,4415,3056,997,1962,1093,12362,4300,130,1,3871,52478,373,148,10,91,1917,670,5927,2789,135,12518,1642,391,0,8737,1695,10278
03-08-2021,62,7176,56,1094,1547,356,3859,2,10924,799,4416,3058,1000,1963,1093,12367,4312,130,1,3872,52500,373,148,10,91,1917,670,5941,2789,135,12521,1644,391,0,8738,1695,10280
03-09-2021,62,7176,56,1096,1547,356,3864,2,10928,802,4418,3062,1002,1965,1093,12373,4328,130,1,3874,52556,373,148,10,91,1917,670,5961,2789,135,12525,1646,391,0,8740,1695,10281
03-10-2021,62,7177,56,1096,1548,357,3872,2,10931,802,4418,3064,1003,1968,1093,12379,4342,130,1,3877,52610,373,148,10,91,1917,670,5978,2789,135,12530,1649,391,0,8740,1697,10283
03-11-2021,62,7179,56,1097,1548,357,3875,2,10934,803,4418,3065,1003,1969,1093,12381,4355,130,1,3881,52667,373,148,10,91,1917,670,5996,2789,135,12535,1650,391,0,8741,1698,10286
03-12-2021,62,7180,56,1097,1549,357,3880,2,10936,804,4420,3069,1003,1971,1093,12386,4369,130,1,3883,52723,373,148,10,91,1917,670,6030,2789,135,12539,1652,391,0,8743,1700,10287
03-13-2021,62,7182,56,1098,1550,358,3886,2,10939,805,4422,3073,1004,1974,1093,12387,4381,130,1,3885,52811,373,148,10,91,1918,670,6052,2789,135,12543,1653,391,0,8745,1702,10288
03-14-2021,62,7184,56,1098,1551,358,3890,2,10941,806,4424,3074,1006,1974,1093,12390,4396,130,1,3887,52861,373,148,10,91,1918,671,6072,2790,135,12547,1654,391,0,8746,1703,10292
03-15-2021,62,7185,56,1099,1552,358,3897,2,10944,807,4425,3077,1010,1974,1093,12397,4407,130,1,3890,52909,373,148,10,91,1918,672,6099,2790,135,12551,1656,391,0,8748,1704,10295
03-16-2021,62,7185,56,1099,1553,359,3909,2,10945,811,4427,3079,1011,1976,1094,12403,4422,130,1,3891,52996,373,148,10,91,1918,673,6137,2791,135,12556,1659,391,0,8750,1704,10297
03-17-2021,62,7186,56,1099,1554,359,3915,2,10948,812,4430,3083,1011,1977,1094,12407,4435,130,1,3893,53080,373,148,11,91,1918,673,6172,2791,135,12564,1662,391,0,8751,1704,10298
03-18-2021,62,7186,56,1100,1555,359,3920,2,10949,813,4433,3089,1013,1978,1094,12415,4450,130,1,3894,53138,373,148,11,91,1918,674,6204,2794,135,12573,1664,391,0,8753,1704,10300
03-19-2021,62,7187,56,1100,1556,360,3929,2,10953,815,4437,3090,1016,1979,1095,12425,4467,130,1,3901,53208,373,148,11,91,1918,674,6242,2796,135,12582,1666,391,0,8757,1704,10301
03-20-2021,62,7189,56,1100,1557,361,3940,2,10955,815,4443,3093,1017,1980,1095,12432,4482,130,1,3903,53300,373,149,11,91,1918,674,6280,2796,135,12590,1669,391,0,8758,1704,10303
03-21-2021,62,7189,56,1100,1559,362,3950,2,10956,818,4450,3098,1018,1981,1096,12434,4495,130,1,3906,53399,373,149,11,91,1919,675,6324,2798,135,12599,1671,391,0,8759,1704,10306
03-22-2021,62,7191,56,1101,1561,363,3962,2,10963,818,4454,3101,1021,1981,1097,12444,4507,130,1,3908,53457,373,149,11,91,1919,676,6382,2803,135,12609,1674,392,0,8760,1704,10308
03-23-2021,62,7193,56,1102,1563,364,3982,2,10967,821,4458,3104,1025,1983,1098,12449,4517,130,1,3912,53589,373,149,11,91,1919,677,6435,2807,135,12618,1676,392,0,8764,1706,10310
03-24-2021,62,7197,56,1103,1565,365,4011,2,10973,821,4466,3110,1027,1983,1100,12461,4527,130,1,3919,53684,374,149,11,91,1919,679,6474,2808,135,12630,1680,392,0,8769,1706,10312
03-25-2021,62,7201,56,1104,1567,368,4026,2,10978,822,4473,3117,1029,1983,1100,12471,4539,130,1,3928,53795,374,150,11,92,1919,679,6517,2808,135,12641,1683,392,0,8773,1707,10316
03-26-2021,62,7203,56,1104,1569,372,4048,2,10987,823,4479,3125,1030,1984,1103,12484,4553,130,1,3937,53907,374,150,11,92,1919,679,6576,2811,135,12650,1685,392,0,8779,1708,10320
03-27-2021,62,7203,56,1104,1571,374,4061,2,10997,824,4484,3132,1033,1985,1107,12492,4567,130,1,3947,54073,374,150,11,92,1920,680,6621,2811,135,12659,1688,392,0,8783,1709,10322
03-28-2021,62,7205,56,1104,1572,377,4076,2,11006,826,4492,3141,1036,1989,1110,12504,4579,130,1,3958,54181,374,150,11,92,1920,680,6690,2813,135,12670,1690,392,0,8786,1709,10324
03-29-2021,62,7210,56,1104,1573,377,4096,2,11012,828,4500,3143,1039,1989,1110,12520,4590,130,1,3967,54283,374,150,11,92,1921,681,6749,2813,135,12684,1694,392,0,8790,1711,10325
03-30-2021,62,7213,56,1104,1574,379,4131,2,11016,829,4510,3147,1045,1990,1113,12541,4606,130,1,3977,54422,374,150,11,92,1921,682,6813,2813,135,12700,1697,392,0,8800,1713,10327
03-31-2021,62,7217,56,1105,1576,379,4170,2,11027,830,4519,3155,1048,1994,1113,12567,4621,130,1,3986,54649,374,150,11,92,1921,682,6868,2818,135,12719,1701,392,0,8811,1717,10329
04-01-2021,62,7220,56,1107,1578,380,4204,2,11036,831,4528,3164,1052,1998,1114,12585,4632,130,1,3998,54898,374,150,11,92,1921,683,6926,2822,135,12738,1706,392,0,8820,1719,10331
04-02-2021,62,7225,56,1107,1580,381,4247,2,11050,832,4539,3174,1056,2003,1115,12591,4646,130,1,4014,55379,374,150,11,92,1921,684,6983,2824,135,12750,1712,392,0,8836,1721,10335
04-03-2021,62,7234,56,1107,1582,382,4283,2,11060,834,4552,3184,1060,2005,1122,12610,4658,130,1,4029,55656,374,150,11,92,1921,684,7032,2827,135,12764,1717,392,0,8850,1725,10340
04-04-2021,62,7234,56,1107,1582,382,4283,2,11060,834,4552,3184,1060,2005,1122,12610,4658,130,1,4029,55656,374,150,11,92,1921,684,7032,2827,135,12764,1717,392,0,8850,1725,10340
04-05-2021,62,7244,56,1109,1586,384,4363,2,11096,837,4581,3199,1076,2010,1140,12657,4680,130,1,4055,56033,374,150,11,92,1922,684,7155,2841,136,12789,1729,392,0,8894,1729,10348
04-06-2021,62,7251,56,1111,1588,386,4416,2,11113,838,4598,3208,1081,2012,1144,12696,4694,130,1,4073,56330,374,150,11,92,1922,686,7216,2854,136,12804,1734,393,0,8924,1736,10355
04-07-2021,62,7262,56,1111,1591,388,4469,2,11133,840,4620,3219,1090,2018,1151,12731,4710,130,1,4086,56652,374,150,11,92,1923,687,7278,2866,136,12821,1741,393,0,8964,1741,10363
04-08-2021,62,7268,56,1112,1595,389,4563,2,11157,842,4655,3230,1096,2019,1158,12767,4728,130,1,4113,57028,375,151,11,92,1923,687,7334,2866,136,12840,1746,393,0,9003,1744,10370
04-09-2021,62,7279,56,1115,1598,393,4654,2,11196,845,4697,3241,1103,2023,1175,12813,4750,130,1,4136,57329,375,151,11,92,1924,687,7390,2898,136,12863,1752,393,0,9039,1749,10378
04-10-2021,62,7291,56,1117,1604,396,4777,2,11235,846,4746,3252,1115,2029,1192,12849,4767,131,1,4160,57638,375,151,11,92,1926,689,7448,2916,136,12886,1759,393,0,9085,1752,10390
04-11-2021,62,7291,56,1117,1604,396,4777,2,11235,846,4746,3252,1115,2029,1192,12849,4767,131,1,4160,57638,375,151,11,92,1926,689,7448,2916,136,12886,1759,393,0,9085,1752,10390
04-12-2021,62,7311,56,1118,1616,400,5031,2,11355,850,4855,3282,1124,2034,1232,12941,4794,131,1,4221,58245,376,151,12,93,1928,693,7559,2951,136,12927,1772,394,0,9224,1767,10414
04-13-2021,62,7321,56,1119,1630,401,5187,2,11436,853,4922,3298,1135,2037,1261,13008,4814,131,1,4261,58526,376,151,12,93,1930,696,7609,2979,136,12945,1780,394,0,9309,1780,10434
04-14-2021,63,7339,56,1122,1651,404,5307,2,11540,857,4995,3316,1148,2042,1292,13046,4836,132,1,4312,58804,376,151,12,93,1933,698,7672,3008,136,12970,1788,394,0,9376,1793,10458
04-15-2021,63,7353,56,1123,1675,407,5442,4,11652,862,5076,3334,1159,2046,1320,13112,4856,132,1,4365,59153,376,151,12,93,1935,699,7722,3041,136,12999,1797,394,0,9480,1802,10480
04-16-2021,63,7373,56,1127,1688,408,5580,4,11793,868,5170,3354,1168,2048,1376,13190,4877,132,1,4425,59551,376,152,12,94,1938,702,7772,3072,136,13032,1809,394,0,9583,1819,10506
04-17-2021,64,7388,56,1129,1722,410,5738,4,11960,872,5267,3386,1180,2051,1406,13270,4904,133,1,4491,59970,376,152,12,94,1942,705,7834,3109,136,13071,1824,394,0,9703,1856,10540
04-18-2021,64,7410,56,1135,1749,413,5908,4,12121,883,5377,3415,1190,2057,1456,13351,4929,133,1,4557,60473,376,153,12,94,1944,708,7902,3151,136,13113,1838,394,0,9830,1868,10568
04-19-2021,64,7437,56,1142,1790,417,6083,4,12361,900,5494,3448,1203,2063,1502,13497,4950,133,1,4636,60824,377,154,12,94,1948,713,7985,3204,136,13157,1856,394,0,9997,1892,10606
04-20-2021,64,7472,56,1145,1841,421,6274,4,12638,926,5615,3483,1219,2071,1547,13646,4978,134,1,4713,61343,378,154,12,94,1953,717,8045,3268,136,13205,1876,394,0,10159,1919,10652
04-21-2021,64,7510,56,1150,1897,423,6467,4,12887,943,5740,3528,1236,2084,1609,13762,5000,134,1,4788,61911,380,157,12,94,1958,722,8114,3330,136,13258,1899,394,0,10346,1953,10710
04-22-2021,65,7541,56,1160,1956,427,6674,4,13193,964,5877,3583,1254,2092,1715,13885,5028,135,1,4863,62479,381,157,12,94,1965,726,8189,3389,137,13317,1928,394,0,10541,1972,10766
04-23-2021,65,7579,56,1172,2010,430,6893,4,13541,976,6019,3643,1280,2111,1778,14075,5055,135,1,4937,63252,381,157,12,94,1973,728,8264,3453,137,13395,1961,394,0,10737,2021,10825
04-24-2021,66,7616,56,1186,2087,433,7111,4,13898,993,6171,3703,1304,2126,1888,14283,5080,136,1,5041,63928,383,158,13,95,1981,737,8356,3527,137,13475,1999,394,0,10959,2102,10884
04-25-2021,66,7616,56,1186,2087,433,7111,4,13898,993,6171,3703,1304,2126,1888,14283,5080,136,1,5041,63928,383,158,13,95,1981,737,8356,3527,137,13475,1999,394,0,10959,2102,10884
04-26-2021,66,7685,58,1200,2155,435,7310,4,14248,1017,6328,3767,1336,2147,1991,14426,5110,138,1,5133,64760,385,160,13,98,1988,748,8432,3601,138,13557,2042,394,0,11165,2146,10941
04-27-2021,66,7736,58,1215,2222,440,7536,4,14628,1055,6486,3842,1363,2172,2115,14627,5138,138,1,5221,65284,390,161,13,98,1997,758,8530,3685,140,13651,2094,394,0,11414,2213,11009
04-28-2021,67,7871,58,1255,2391,457,8061,4,15377,1110,6830,4021,1420,2227,2395,15036,5211,139,1,5424,67214,395,167,13,100,2017,781,8772,3926,143,13826,2208,396,0,11943,2417,11159
04-29-2021,67,7928,59,1281,2480,465,8312,4,15772,1146,7010,4118,1460,2253,2540,15306,5259,140,4,5519,67985,400,169,14,100,2029,793,8909,4084,146,13933,2261,396,0,12238,2502,11248
04-30-2021,67,7992,59,1307,2560,478,8581,4,16147,1168,7183,4216,1497,2283,2660,15523,5308,143,4,5616,68813,405,171,15,104,2043,805,9022,4239,147,14046,2312,397,0,12570,2624,11344
05-01-2021,68,8053,59,1330,2642,489,8810,4,16559,1222,7355,4341,1525,2330,2829,15794,5356,144,4,5718,69615,410,174,15,107,2054,817,9160,4399,148,14193,2368,398,0,12874,2731,11447
05-02-2021,69,8136,59,1360,2739,496,9009,4,16966,1274,7508,4486,1569,2370,2944,16011,5405,145,4,5812,70284,415,179,16,109,2068,833,9317,4558,149,14346,2417,399,0,13162,2802,11539
05-03-2021,70,8207,59,1389,2821,507,9275,4,17414,1320,7648,4626,1612,2421,3073,16250,5450,148,6,5905,70851,422,185,17,115,2073,848,9472,4712,150,14468,2476,400,0,13447,2930,11637
05-04-2021,70,8289,59,1430,2926,518,9485,4,17752,1372,7779,4779,1660,2458,3205,16538,5507,151,6,6003,71742,424,185,17,118,2088,865,9645,4866,151,14612,2527,400,0,13798,3015,11744
05-05-2021,71,8374,59,1485,2987,532,9738,4,18063,1443,7912,4960,1692,2510,3346,16884,5565,151,7,6074,72662,434,191,17,118,2104,883,9825,5021,155,14779,2579,403,0,14151,3142,11847
05-06-2021,71,8374,59,1485,2987,532,9738,4,18063,1443,7912,4960,1692,2510,3346,16884,5565,151,7,6074,72662,434,191,17,118,2104,883,9825,5021,155,14779,2579,403,0,14151,3142,11847
05-07-2021,72,8519,60,1578,3139,549,10158,4,18739,1557,8154,5299,1793,2612,3615,17804,5682,152,9,6244,74413,449,199,17,122,2140,920,10144,5346,160,15171,2666,405,0,14873,3430,12076
05-08-2021,74,8615,60,1628,3215,558,10381,4,19071,1612,8273,5454,1830,2672,3756,18286,5746,153,9,6334,75277,461,210,17,122,2161,939,10315,5506,165,15412,2704,406,0,15170,3548,12203
05-09-2021,76,8707,60,1676,3282,568,10570,4,19344,1679,8394,5605,1885,2726,3853,18776,5814,155,9,6420,75849,476,228,21,140,2180,965,10506,5665,167,15648,2739,410,0,15464,3728,12327
05-10-2021,78,8791,64,1753,3357,575,10742,4,19663,1729,8511,5766,1938,2782,3982,19372,5879,157,10,6501,76398,489,233,22,150,2197,988,10704,5825,169,15880,2771,413,0,15742,3896,12461
05-11-2021,78,8899,68,1838,3429,585,10941,4,20010,1804,8629,5910,2002,2847,4085,19852,5958,157,10,6595,77191,509,242,23,156,2215,1018,10918,5994,177,16178,2803,422,0,16043,4014,12593
05-12-2021,81,8988,69,1909,3503,599,11094,4,20310,1874,8731,6075,2068,2912,4182,20368,6053,158,11,6679,78007,526,250,23,165,2232,1045,11111,6158,183,16471,2834,424,0,16369,4123,12728
05-13-2021,83,9077,72,1984,3593,609,11289,4,20618,1937,8840,6238,2131,2967,4290,20712,6150,161,13,6753,78857,536,268,23,177,2251,1069,11297,6317,192,16768,2867,426,0,16646,4245,12857
05-14-2021,85,9173,77,2060,3670,617,11461,4,20907,1998,8944,6402,2198,3027,4366,21085,6243,163,13,6841,79552,552,280,23,190,2273,1099,11477,6472,198,17056,2896,429,0,16957,4426,12993
05-15-2021,85,9271,78,2123,3743,625,11590,4,21244,2056,9039,6546,2254,3090,4431,21434,6339,165,13,6913,80512,562,301,24,196,2294,1119,11693,6621,203,17359,2928,431,0,17238,4623,13137
05-16-2021,85,9271,78,2123,3743,625,11590,4,21244,2056,9039,6546,2254,3090,4431,21434,6339,165,13,6913,80512,562,301,24,196,2294,1119,11693,6621,203,17359,2928,431,0,17238,4623,13137
05-17-2021,89,9481,85,2271,3928,641,11883,4,21846,2099,9121,6685,2324,3149,4479,21837,6428,165,14,6992,81486,578,320,25,209,2313,1151,11895,6777,205,17670,2955,441,0,17546,4811,13284
05-18-2021,92,9580,88,2344,4039,647,12036,4,22111,2197,9269,6923,2460,3293,4601,22838,6612,170,15,7139,83777,612,355,29,228,2357,1212,12317,7080,212,18369,3012,450,0,18072,5132,13576
05-19-2021,95,9686,89,2433,4143,656,12182,4,22346,2228,9340,7076,2529,3355,4654,23306,6724,171,18,7227,84371,635,379,30,234,2378,1241,12525,7219,214,18734,3037,453,0,18352,5325,13733
05-20-2021,96,9800,89,2507,4241,666,12295,4,22579,2272,9404,7205,2595,3422,4714,23854,6852,172,20,7315,85355,646,389,30,245,2403,1269,12716,7346,217,19131,3060,455,0,18588,5484,13895
05-21-2021,98,9904,92,2588,4339,680,12391,4,22831,2302,9469,7317,2652,3465,4760,24207,6994,173,22,7394,86618,661,414,30,258,2430,1295,12888,7475,220,19598,3085,457,0,18760,5600,14054
05-22-2021,101,10022,95,2667,4442,692,12494,4,23013,2341,9523,7415,2707,3513,4801,24658,7170,176,22,7483,87300,674,435,31,271,2456,1325,13089,7590,221,20046,3106,463,0,18978,5734,14208
05-23-2021,103,10126,98,2739,4549,702,12586,4,23202,2383,9576,7512,2766,3564,4838,25282,7358,178,24,7558,88620,688,459,33,285,2484,1359,13281,7703,224,20468,3125,465,0,19209,5805,14364
05-24-2021,104,10222,102,2823,4642,709,12646,4,23409,2421,9621,7607,2827,3609,4871,25811,7554,178,24,7618,89212,705,483,34,297,2516,1382,13468,7806,232,20872,3146,470,0,19362,5927,14517
05-25-2021,106,10328,104,2915,4746,714,12723,4,23565,2460,9665,7735,2887,3662,4891,26399,7731,179,26,7686,90349,720,502,34,315,2549,1408,13642,7911,237,21340,3169,473,0,19519,6020,14674
05-26-2021,108,10427,107,3005,4845,722,12779,4,23695,2499,9701,7841,2932,3702,4910,26929,7882,181,26,7758,91341,730,512,34,327,2584,1435,13827,8018,239,21815,3189,479,0,19712,6113,14827
05-27-2021,109,10531,109,3088,4943,729,12848,4,23812,2538,9734,7939,2992,3739,4926,27405,8063,185,28,7828,92225,748,524,34,338,2618,1455,14004,8103,240,22289,3207,485,0,19899,6201,14975
05-28-2021,113,10634,111,3168,5004,735,12915,4,23951,2570,9761,8035,3056,3795,4945,27806,8257,187,29,7891,93198,761,544,35,343,2651,1476,14180,8181,243,22775,3226,498,0,20053,6261,15120
05-29-2021,113,10738,114,3245,5052,740,12979,4,24073,2597,9790,8132,3086,3841,4958,28298,8455,187,31,7959,94030,776,551,36,350,2686,1497,14305,8251,247,23261,3247,507,0,20208,6360,15268
05-30-2021,114,10832,115,3300,5104,745,13016,4,24151,2625,9815,8221,3127,3870,4977,28679,8641,188,32,8019,94844,793,564,38,363,2719,1518,14432,8317,250,23754,3263,513,0,20346,6401,15410
05-31-2021,115,10930,115,3365,5163,753,13048,4,24237,2649,9833,8303,3143,3907,4991,29090,8815,189,33,8067,95344,807,578,40,376,2754,1536,14550,8385,253,24232,3281,519,0,20497,6452,15541
06-01-2021,118,11034,116,3416,5222,758,13077,4,24299,2671,9855,8383,3181,3939,5000,29554,9009,190,33,8112,96198,825,592,44,385,2791,1550,14649,8450,257,24722,3296,525,0,20672,6497,15678
