Admin2,,,,,,,,,,,,,,,,,,,,
Province/State,Andalusia,Aragon,Asturias,Baleares,C. Valenciana,Canarias,Cantabria,Castilla - La Mancha,Castilla y Leon,Catalonia,Ceuta,Extremadura,Galicia,La Rioja,Madrid,Melilla,Murcia,Navarra,Pais Vasco,Unknown
Country/Region,Spain,Spain,Spain,Spain,Spain,Spain,Spain,Spain,Spain,Spain,Spain,Spain,Spain,Spain,Spain,Spain,Spain,Spain,Spain,Spain
05-19-2020,1358,843,303,219,1370,155,208,2900,1960,5981,4,504,607,352,8894,2,145,503,1470,0
05-20-2020,1371,843,304,221,1378,155,209,2913,1960,6021,4,504,607,353,8912,2,148,503,1480,0
05-21-2020,1375,848,307,221,1383,155,209,2919,1960,6021,4,505,608,354,8931,2,149,506,1483,0
05-22-2020,1377,858,307,222,1389,155,209,2929,1961,6656,4,506,609,356,8944,2,149,508,1487,0
05-23-2020,1389,858,307,222,1390,157,209,2934,1961,6663,4,507,610,357,8956,2,149,509,1494,0
05-24-2020,1391,858,308,222,1393,157,209,2940,1961,6701,4,506,613,358,8977,2,149,509,1494,0
05-25-2020,1334,826,288,211,1331,150,202,2788,1913,5575,4,506,607,358,8686,2,139,490,1424,0
05-26-2020,1404,826,310,209,1332,150,202,2945,1922,5583,5,507,607,360,8691,2,148,490,1424,0
05-27-2020,1404,826,310,209,1332,150,202,2945,1922,5583,5,507,607,360,8691,2,148,490,1424,0
05-28-2020,1404,826,310,209,1332,151,202,2945,1922,5584,4,507,608,360,8691,2,148,490,1424,0
05-29-2020,1404,826,310,209,1334,151,202,2945,1922,5584,4,507,608,360,8691,2,148,490,1424,0
05-30-2020,1404,826,310,209,1332,151,202,2945,1923,5587,4,508,609,360,8691,2,148,490,1424,0
05-31-2020,1404,826,310,209,1332,151,202,2945,1924,5587,4,508,609,361,8691,2,148,490,1424,0
06-01-2020,1404,826,310,209,1332,151,202,2945,1924,5587,4,508,609,361,8691,2,148,490,1424,0
06-02-2020,1404,826,310,209,1332,151,202,2945,1924,5587,4,508,609,361,8691,2,148,490,1424,0
06-03-2020,1404,826,310,209,1332,151,202,2945,1925,5587,4,508,609,361,8691,2,148,490,1424,0
06-04-2020,1404,826,311,209,1332,151,202,2945,1928,5587,4,508,609,362,8691,2,148,490,1424,0
06-05-2020,1404,826,312,209,1332,151,202,2945,1928,5587,4,508,609,362,8691,2,148,490,1424,0
06-06-2020,1404,826,313,209,1332,151,202,2945,1928,5587,4,508,609,362,8691,2,148,490,1424,0
06-07-2020,1404,826,314,209,1332,151,202,2945,1928,5587,4,508,609,362,8691,2,148,490,1424,0
06-08-2020,1404,826,314,209,1332,151,202,2945,1928,5587,4,508,609,362,8691,2,148,490,1424,0
06-09-2020,1404,826,314,209,1332,151,202,2945,1928,5587,4,508,609,362,8691,2,148,490,1424,0
06-10-2020,1404,826,314,209,1332,151,202,2945,1928,5587,4,508,609,362,8691,2,148,490,1424,0
06-11-2020,1404,826,314,209,1332,151,202,2945,1928,5587,4,508,609,362,8691,2,148,490,1424,0
06-12-2020,1404,826,314,209,1332,151,202,2945,1928,5587,4,508,609,362,8691,2,148,490,1424,0
06-13-2020,1404,826,314,209,1332,151,202,2945,1928,5587,4,508,609,362,8691,2,148,490,1424,0
06-14-2020,1404,826,314,209,1332,151,202,2945,1928,5587,4,508,609,362,8691,2,148,490,1424,0
06-15-2020,1404,826,314,209,1332,151,202,2945,1928,5587,4,508,609,362,8691,2,148,490,1424,0
06-16-2020,1404,826,314,209,1332,151,202,2945,1928,5587,4,508,609,362,8691,2,148,490,1424,0
06-17-2020,1404,826,314,209,1332,151,202,2945,1928,5587,4,508,609,362,8691,2,148,490,1424,0
06-18-2020,1404,826,314,209,1332,151,202,2945,1928,5587,4,508,609,362,8691,2,148,490,1424,0
06-19-2020,1426,911,333,224,1430,162,216,3022,2775,5662,4,519,619,365,8416,2,147,528,1554,0
06-20-2020,1426,911,333,224,1431,162,216,3022,2776,5666,4,519,619,365,8416,2,147,528,1555,0
06-21-2020,1426,911,333,224,1431,162,216,3022,2777,5666,4,519,619,365,8416,2,147,528,1555,0
06-22-2020,1426,911,333,224,1431,162,216,3022,2778,5666,4,519,619,365,8416,2,147,528,1555,0
06-23-2020,1426,911,333,224,1431,162,216,3022,2779,5666,4,519,619,365,8416,2,147,528,1555,0
06-24-2020,1426,911,333,224,1432,162,216,3022,2780,5666,4,519,619,365,8416,2,147,528,1555,0
06-25-2020,1426,911,334,224,1432,162,216,3020,2783,5666,4,519,619,365,8417,2,147,528,1555,0
06-26-2020,1426,912,334,224,1432,162,216,3024,2783,5668,4,519,619,365,8418,2,147,528,1555,0
06-27-2020,1426,912,334,224,1432,162,216,3024,2783,5668,4,519,619,366,8420,2,147,528,1555,0
06-28-2020,1426,912,334,224,1432,162,216,3024,2783,5669,4,519,619,366,8421,2,147,528,1555,0
06-29-2020,1426,912,334,224,1432,162,216,3025,2784,5669,4,519,619,366,8421,2,147,528,1556,0
06-30-2020,1427,912,334,224,1432,162,216,3026,2784,5670,4,519,619,366,8425,2,147,528,1558,0
07-01-2020,1428,912,334,224,1432,162,216,3026,2787,5671,4,519,619,366,8427,2,147,528,1560,0
07-02-2020,1428,912,334,224,1432,162,216,3026,2787,5673,4,519,619,366,8428,2,148,528,1560,0
07-03-2020,1433,912,334,224,1432,162,216,3026,2787,5673,4,519,619,366,8439,2,148,528,1561,0
07-04-2020,1433,912,334,224,1432,162,216,3026,2787,5673,4,519,619,366,8439,2,148,528,1561,0
07-05-2020,1433,912,334,224,1432,162,216,3026,2787,5673,4,519,619,366,8439,2,148,528,1561,0
07-06-2020,1433,913,334,224,1432,162,216,3027,2787,5674,4,519,619,366,8439,2,148,528,1561,0
07-07-2020,1433,913,334,224,1432,162,216,3028,2788,5675,4,519,619,366,8440,2,148,528,1561,0
07-08-2020,1434,913,334,224,1432,162,216,3029,2788,5675,4,519,619,366,8441,2,148,528,1562,0
07-09-2020,1435,913,334,224,1432,162,216,3029,2791,5675,4,519,619,366,8442,2,148,528,1562,0
07-10-2020,1435,915,334,224,1432,162,216,3029,2792,5675,4,519,619,366,8441,2,148,528,1562,0
07-11-2020,1435,915,334,224,1432,162,216,3029,2792,5675,4,519,619,366,8441,2,148,528,1562,0
07-12-2020,1435,915,334,224,1432,162,216,3029,2792,5675,4,519,619,366,8441,2,148,528,1562,0
07-13-2020,1435,915,334,224,1432,162,216,3030,2792,5676,4,519,619,366,8442,2,148,528,1562,0
07-14-2020,1435,915,334,224,1432,162,216,3030,2793,5677,4,519,619,366,8442,2,148,528,1563,0
07-15-2020,1435,915,334,224,1432,162,216,3031,2793,5678,4,519,619,366,8444,2,148,528,1563,0
07-16-2020,1435,915,334,224,1432,162,216,3032,2793,5678,4,519,619,366,8445,2,148,529,1563,0
07-17-2020,1435,915,334,224,1432,162,217,3034,2793,5678,4,519,619,366,8446,2,148,529,1563,0
07-18-2020,1435,915,334,224,1432,162,217,3034,2793,5678,4,519,619,366,8446,2,148,529,1563,0
07-19-2020,1435,915,334,224,1432,162,217,3034,2793,5678,4,519,619,366,8446,2,148,529,1563,0
07-20-2020,1435,915,334,224,1433,162,217,3033,2794,5678,4,519,619,366,8447,2,148,529,1563,0
07-21-2020,1435,915,334,224,1433,162,217,3033,2795,5678,4,519,619,366,8448,2,148,529,1563,0
07-22-2020,1435,915,334,224,1433,162,217,3032,2795,5680,4,519,619,366,8449,2,148,529,1563,0
07-23-2020,1435,915,334,224,1433,162,217,3033,2796,5680,4,519,619,366,8450,2,148,529,1563,0
07-24-2020,1436,915,334,224,1433,162,217,3032,2796,5680,4,519,619,366,8450,2,148,529,1566,0
07-25-2020,1436,915,334,224,1433,162,217,3032,2796,5680,4,519,619,366,8450,2,148,529,1566,0
07-26-2020,1436,915,334,224,1433,162,217,3032,2796,5680,4,519,619,366,8450,2,148,529,1566,0
07-27-2020,1436,915,334,224,1433,162,217,3032,2797,5680,4,519,619,366,8451,2,148,529,1566,0
07-28-2020,1435,915,334,224,1434,162,217,3032,2797,5682,4,519,619,366,8451,2,148,529,1566,0
07-29-2020,1435,915,334,224,1434,162,217,3032,2798,5685,4,519,619,366,8452,2,148,529,1566,0
07-30-2020,1435,915,334,224,1435,162,217,3032,2798,5686,4,520,619,366,8452,2,148,529,1565,0
07-31-2020,1435,915,334,224,1436,162,217,3032,2798,5686,4,520,619,366,8453,2,148,529,1565,0
08-01-2020,1435,915,334,224,1436,162,217,3032,2798,5686,4,520,619,366,8453,2,148,529,1565,0
08-02-2020,1435,915,334,224,1436,162,217,3032,2798,5686,4,520,619,366,8453,2,148,529,1565,0
08-03-2020,1435,937,334,224,1437,162,217,3034,2799,5687,4,520,619,366,8453,2,148,529,1565,0
08-04-2020,1437,937,334,224,1437,162,217,3038,2799,5703,4,520,619,366,8457,2,148,529,1565,0
08-05-2020,1437,937,334,224,1437,162,217,3038,2800,5703,4,520,619,366,8457,2,148,529,1565,0
08-06-2020,1438,937,334,224,1437,162,217,3038,2800,5703,4,520,619,366,8457,2,148,529,1565,0
08-07-2020,1438,937,334,224,1437,162,217,3038,2800,5704,4,521,619,366,8458,2,148,529,1565,0
08-08-2020,1438,937,334,224,1437,162,217,3038,2800,5704,4,521,619,366,8458,2,148,529,1565,0
08-09-2020,1438,937,334,224,1437,162,217,3038,2800,5704,4,521,619,366,8458,2,148,529,1565,0
08-10-2020,1443,991,334,226,1438,164,217,3036,2800,5706,4,521,621,366,8464,2,148,530,1565,0
08-11-2020,1443,991,334,225,1439,164,219,3035,2802,5706,4,521,622,366,8464,2,148,531,1565,0
08-12-2020,1443,991,334,225,1442,164,220,3037,2804,5706,4,522,622,366,8464,2,149,531,1553,0
08-13-2020,1445,992,334,225,1442,164,220,3037,2804,5709,4,522,622,366,8471,2,149,531,1566,0
08-14-2020,1445,992,334,225,1442,164,220,3037,2804,5709,4,522,623,366,8481,2,149,532,1566,0
08-15-2020,1445,992,334,225,1442,164,220,3037,2804,5709,4,522,623,366,8481,2,149,532,1566,0
08-16-2020,1445,992,334,225,1442,164,220,3037,2804,5709,4,522,623,366,8481,2,149,532,1566,0
08-17-2020,1452,993,334,225,1443,166,220,3038,2808,5710,4,523,625,366,8488,2,151,532,1566,0
08-18-2020,1455,994,334,226,1444,166,220,3038,2808,5712,4,523,625,367,8503,2,151,532,1566,0
08-19-2020,1456,1094,334,227,1447,166,220,3038,2808,5718,4,523,625,367,8518,2,152,532,1566,0
08-20-2020,1456,1096,334,227,1446,166,221,3038,2810,5722,4,523,625,367,8526,2,152,532,1566,0
08-21-2020,1460,1096,334,228,1449,167,221,3038,2810,5724,4,524,626,367,8537,2,152,532,1567,0
08-22-2020,1460,1096,334,228,1449,167,221,3038,2810,5724,4,524,626,367,8537,2,152,532,1567,0
08-23-2020,1460,1096,334,228,1449,167,221,3038,2810,5724,4,524,626,367,8537,2,152,532,1567,0
08-24-2020,1466,1096,335,228,1452,167,221,3039,2812,5725,4,526,632,368,8546,2,153,533,1567,0
08-25-2020,1471,1096,335,229,1454,168,221,3040,2815,5727,4,526,632,369,8580,2,154,533,1568,0
08-26-2020,1475,1096,335,231,1454,169,221,3041,2817,5740,4,526,633,369,8592,2,155,533,1578,0
08-27-2020,1476,1096,335,231,1461,171,221,3041,2821,5741,4,526,634,369,8600,2,155,533,1579,0
08-28-2020,1480,1096,335,233,1462,172,221,3042,2822,5741,4,526,634,369,8604,2,156,533,1579,0
08-29-2020,1480,1096,335,233,1462,172,221,3042,2822,5741,4,526,634,369,8604,2,156,533,1579,0
08-30-2020,1480,1096,335,233,1462,172,221,3042,2822,5741,4,526,634,369,8604,2,156,533,1579,0
08-31-2020,1493,1096,335,234,1465,174,221,3043,2830,5741,5,527,641,370,8648,2,156,534,1579,0
09-01-2020,1500,1096,335,238,1473,174,221,3043,2841,5749,5,527,644,372,8662,2,156,535,1579,0
09-02-2020,1506,1096,335,238,1473,175,224,3046,2842,5757,5,529,645,373,8676,2,157,536,1579,0
09-03-2020,1509,1096,335,242,1475,178,224,3048,2846,5758,5,529,649,373,8692,2,157,536,1580,0
09-04-2020,1516,1212,335,243,1478,179,225,3048,2856,5761,5,530,652,374,8728,3,157,536,1580,0
09-05-2020,1516,1212,335,243,1478,179,225,3048,2856,5761,5,530,652,374,8728,3,157,536,1580,0
09-06-2020,1516,1212,335,243,1478,179,225,3048,2856,5761,5,530,652,374,8728,3,157,536,1580,0
09-07-2020,1537,1212,337,245,1485,185,226,3051,2863,5769,5,533,660,377,8748,3,160,540,1580,0
09-08-2020,1545,1212,338,249,1494,187,227,3053,2872,5770,6,533,662,379,8780,3,162,540,1582,0
09-09-2020,1550,1212,338,250,1501,189,227,3052,2873,5773,6,538,663,380,8782,3,164,540,1587,0
09-10-2020,1566,1212,338,253,1501,189,227,3052,2878,5773,7,538,670,381,8817,3,167,540,1587,0
09-11-2020,1573,1212,338,258,1515,189,227,3052,2883,5780,7,538,674,382,8818,3,169,542,1587,0
09-12-2020,1573,1212,338,258,1515,189,227,3052,2883,5780,7,538,674,382,8818,3,169,542,1587,0
09-13-2020,1573,1212,338,258,1515,189,227,3052,2883,5780,7,538,674,382,8818,3,169,542,1587,0
09-14-2020,1593,1212,339,259,1517,194,227,3057,2900,5780,8,538,687,384,8843,3,173,547,1587,0
09-15-2020,1614,1212,340,264,1521,200,227,3058,2912,5780,8,538,692,387,8925,4,178,548,1596,0
09-16-2020,1631,1212,340,268,1531,205,228,3059,2920,5787,9,540,695,387,8955,4,178,549,1745,0
09-17-2020,1656,1302,341,269,1534,207,228,3062,2925,5796,9,540,698,391,8970,4,178,550,1745,0
09-18-2020,1662,1302,341,270,1541,209,231,3065,2931,5797,9,544,702,393,8999,4,193,553,1749,0
09-19-2020,1662,1302,341,270,1541,209,231,3065,2931,5797,9,544,702,393,8999,4,193,553,1749,0
09-20-2020,1662,1302,341,270,1541,209,231,3065,2931,5797,9,544,702,393,8999,4,193,553,1749,0
09-21-2020,1690,1335,341,277,1550,214,232,3071,2948,5802,10,549,718,399,9023,4,193,556,1751,0
09-22-2020,1702,1335,342,279,1553,216,232,3075,2965,5808,10,550,720,404,9129,4,195,561,1824,0
09-23-2020,1714,1360,342,285,1566,218,232,3080,2970,5823,10,557,721,407,9161,4,197,562,1825,0
09-24-2020,1714,1360,342,286,1574,218,232,3093,2988,5824,10,562,723,408,9190,4,200,562,1828,0
09-25-2020,1744,1360,343,287,1583,220,233,3111,2994,5829,10,564,726,409,9213,4,201,563,1838,0
09-26-2020,1744,1360,343,287,1583,220,233,3111,2994,5829,10,564,726,409,9213,4,201,563,1838,0
09-27-2020,1744,1360,343,287,1583,220,233,3111,2994,5829,10,564,726,409,9213,4,201,563,1838,0
09-28-2020,1780,1360,344,289,1587,232,234,3135,3020,5835,10,570,733,413,9246,4,202,569,1848,0
09-29-2020,1780,1360,344,289,1587,232,234,3135,3020,5835,10,570,733,413,9246,4,202,569,1848,0
09-30-2020,1827,1360,346,297,1600,232,235,3178,3053,5838,10,577,739,417,9409,4,213,573,1883,0
10-01-2020,1845,1411,349,299,1607,232,235,3196,3064,5847,10,581,746,419,9450,4,215,574,1889,0
10-02-2020,1867,1411,349,300,1613,236,235,3211,3076,5851,10,590,748,421,9473,5,218,578,1894,0
10-03-2020,1867,1411,349,300,1613,236,235,3211,3076,5851,10,590,748,421,9473,5,218,578,1894,0
10-04-2020,1867,1411,349,300,1613,236,235,3211,3076,5851,10,590,748,421,9473,5,218,578,1894,0
10-05-2020,1885,1411,350,304,1617,237,237,3220,3108,5853,11,600,758,425,9502,5,223,583,1896,0
10-06-2020,1933,1411,350,309,1623,239,237,3225,3129,5858,11,608,766,425,9628,5,223,600,1906,0
10-07-2020,1941,1411,351,310,1634,239,237,3235,3149,5861,11,617,768,425,9634,6,224,603,1906,0
10-08-2020,1965,1412,351,313,1640,240,237,3244,3179,5865,11,621,773,425,9637,6,226,607,1936,0
10-09-2020,1979,1470,354,316,1644,241,237,3254,3199,5875,11,622,777,426,9739,6,231,611,1937,0
10-10-2020,1979,1470,354,316,1644,241,237,3254,3199,5875,11,622,777,426,9739,6,231,611,1937,0
10-11-2020,1979,1470,354,316,1644,241,237,3254,3199,5875,11,622,777,426,9739,6,231,611,1937,0
10-12-2020,2020,1481,356,316,1645,247,237,3266,3232,5883,12,630,785,429,9786,8,236,618,1937,0
10-13-2020,2020,1485,357,316,1647,248,240,3267,3241,5883,12,632,790,430,9789,9,239,625,1974,0
10-14-2020,2053,1495,361,321,1663,250,240,3277,3280,5890,12,637,800,435,9837,9,253,627,1973,0
10-15-2020,2065,1501,364,325,1673,250,240,3304,3297,5895,12,642,805,434,9876,9,254,633,1974,0
10-16-2020,2094,1508,365,327,1680,251,242,3322,3307,5909,12,646,812,436,9979,10,257,639,1979,0
10-17-2020,2094,1508,365,327,1680,251,242,3322,3307,5909,12,646,812,436,9979,10,257,639,1979,0
10-18-2020,2094,1508,365,327,1680,251,242,3322,3307,5909,12,646,812,436,9979,10,257,639,1979,0
10-19-2020,2137,1528,371,327,1685,257,247,3330,3346,5913,13,651,825,439,10014,10,261,652,1986,0
10-20-2020,2176,1541,371,332,1687,259,247,3331,3380,5919,13,656,834,440,10059,11,270,657,2027,0
10-21-2020,2182,1543,377,336,1702,265,247,3333,3400,5927,13,660,842,440,10123,11,274,664,2027,0
10-22-2020,2183,1559,383,344,1709,266,248,3336,3421,5958,13,670,850,441,10155,11,279,666,2029,0
10-23-2020,2270,1566,391,352,1719,267,248,3338,3446,5960,13,676,859,442,10211,11,283,668,2032,0
10-24-2020,2270,1566,391,352,1719,267,248,3338,3446,5960,13,676,859,442,10211,11,283,668,2032,0
10-25-2020,2270,1566,391,352,1719,267,248,3338,3446,5960,13,676,859,442,10211,11,283,668,2032,0
10-26-2020,2314,1598,409,356,1727,270,248,3349,3502,5961,16,687,882,453,10247,11,288,675,2038,0
10-27-2020,2370,1613,414,357,1737,273,250,3367,3528,5968,16,697,884,454,10327,11,299,687,2046,0
10-28-2020,2402,1620,419,357,1751,277,251,3383,3549,5972,16,701,895,456,10350,12,300,694,2061,0
10-29-2020,2432,1627,427,357,1762,278,252,3405,3567,5977,18,703,895,458,10403,12,306,699,2061,0
10-30-2020,2470,1654,437,362,1773,282,252,3425,3599,5991,19,714,904,463,10419,12,317,703,2082,0
10-31-2020,2470,1654,437,362,1773,282,252,3425,3599,5991,19,714,904,463,10419,12,317,703,2082,0
11-01-2020,2470,1654,437,362,1773,282,252,3425,3599,5991,19,714,904,463,10419,12,317,703,2082,0
11-02-2020,2570,1691,466,363,1782,286,255,3437,3659,6001,23,732,934,470,10434,12,336,722,2084,0
11-03-2020,2602,1706,484,364,1799,289,255,3445,3673,6036,26,743,949,471,10438,12,341,726,2136,0
11-04-2020,2664,1730,497,371,1857,294,254,3414,3757,7073,29,754,957,477,10747,13,359,736,2135,0
11-05-2020,2695,1753,520,372,1875,295,257,3438,3810,7147,29,760,969,479,10821,14,378,738,2136,0
11-06-2020,2781,1780,534,376,1886,296,258,3452,3834,7225,32,770,977,482,10842,24,389,747,2148,0
11-07-2020,2781,1780,534,376,1886,296,258,3452,3834,7225,32,770,977,482,10842,24,389,747,2148,0
11-08-2020,2781,1780,534,376,1886,296,258,3452,3834,7225,32,770,977,482,10842,24,389,747,2148,0
11-09-2020,2885,1860,582,378,1907,301,264,3475,3911,7272,33,786,997,492,10850,27,403,767,2155,0
11-10-2020,2885,1860,582,378,1907,301,264,3475,3911,7272,33,786,997,492,10850,27,403,767,2155,0
11-11-2020,3037,1911,622,380,1970,308,269,3504,3999,7311,39,805,1029,498,10946,30,442,776,2229,0
11-12-2020,3105,1943,649,383,1983,310,270,3525,4034,7340,42,813,1052,504,11011,31,452,784,2230,0
11-13-2020,3155,1966,661,389,2013,311,274,3545,4070,7362,44,826,1061,506,11053,32,472,787,2242,0
11-14-2020,3155,1966,661,389,2013,311,274,3545,4070,7362,44,826,1061,506,11053,32,472,787,2242,0
11-15-2020,3155,1966,661,389,2013,311,274,3545,4070,7362,44,826,1061,506,11053,32,472,787,2242,0
11-16-2020,3264,2039,732,391,2028,312,279,3574,4122,7382,46,838,1084,516,11082,33,486,800,2245,0
11-17-2020,3354,2067,739,397,2055,318,282,3584,4188,7410,46,850,1101,517,11111,34,501,803,2331,0
11-18-2020,3424,2106,755,397,2108,319,291,3597,4237,7426,45,860,1108,521,11158,34,512,810,2331,0
11-19-2020,3472,2129,775,398,2124,321,292,3635,4253,7450,45,872,1114,523,11181,35,521,817,2334,0
11-20-2020,3527,2148,800,398,2168,322,293,3659,4293,7495,46,874,1131,526,11201,35,543,822,2338,0
11-21-2020,3527,2148,800,398,2168,322,293,3659,4293,7495,46,874,1131,526,11201,35,543,822,2338,0
11-22-2020,3527,2148,800,398,2168,322,293,3659,4293,7495,46,874,1131,526,11201,35,543,822,2338,0
11-23-2020,3633,2189,857,398,2188,326,297,3687,4343,7596,49,895,1153,530,11211,36,555,845,2343,0
11-24-2020,3725,2208,883,399,2237,333,297,3693,4394,7692,51,902,1172,533,11250,37,566,850,2446,0
11-25-2020,3790,2227,904,402,2262,334,298,3722,4434,7793,52,909,1173,537,11279,38,583,853,2447,0
11-26-2020,3842,2251,929,404,2288,336,300,3738,4463,7850,52,915,1178,543,11349,39,589,856,2452,0
11-27-2020,3903,2279,954,404,2298,339,304,3761,4487,7911,54,928,1184,543,11352,40,597,863,2467,0
11-28-2020,3903,2279,954,404,2298,339,304,3761,4487,7911,54,928,1184,543,11352,40,597,863,2467,0
11-29-2020,3903,2279,954,404,2298,339,304,3761,4487,7911,54,928,1184,543,11352,40,597,863,2467,0
11-30-2020,4018,2314,1004,409,2330,344,312,3775,4545,7911,54,941,1213,550,11359,41,604,875,2470,0
12-01-2020,4099,2335,1021,411,2371,344,316,3786,4576,8003,54,952,1231,553,11369,41,611,884,2554,0
12-02-2020,4184,2344,1036,413,2395,345,320,3810,4599,8067,55,956,1229,554,11380,42,615,884,2556,0
12-03-2020,4251,2354,1054,423,2418,346,321,3819,4609,8102,55,966,1232,560,11413,43,620,888,2564,0
12-04-2020,4296,2360,1073,425,2444,346,324,3825,4647,8126,55,971,1246,561,11426,43,623,893,2568,0
12-05-2020,4296,2360,1073,425,2444,346,324,3825,4647,8126,55,971,1246,561,11426,43,623,893,2568,0
12-06-2020,4296,2360,1073,425,2444,346,324,3825,4647,8126,55,971,1246,561,11426,43,623,893,2568,0
12-07-2020,4367,2395,1153,425,2460,346,331,3839,4698,8171,55,982,1253,567,11445,42,635,908,2574,0
12-08-2020,4367,2395,1153,425,2460,346,331,3839,4698,8171,55,982,1253,567,11445,42,635,908,2574,0
12-09-2020,4437,2416,1179,425,2491,353,336,3855,4711,8248,55,985,1267,572,11449,42,635,910,2653,0
12-10-2020,4492,2434,1197,426,2521,354,339,3871,4770,8291,56,990,1277,573,11497,42,647,913,2654,0
12-11-2020,4524,2450,1211,427,2548,358,340,3895,4812,8330,56,996,1287,573,11537,42,658,914,2666,0
12-12-2020,4524,2450,1211,427,2548,358,340,3895,4812,8330,56,996,1287,573,11537,42,658,914,2666,0
12-13-2020,4524,2450,1211,427,2548,358,340,3895,4812,8330,56,996,1287,573,11537,42,658,914,2666,0
12-14-2020,4582,2471,1238,427,2578,366,345,3949,4855,8402,56,1012,1299,575,11556,43,668,919,2672,0
12-15-2020,4631,2503,1251,429,2609,368,351,3960,4886,8452,57,1015,1305,576,11590,43,679,926,2770,0
12-16-2020,4656,2516,1258,432,2651,370,355,3976,4900,8475,57,1020,1306,576,11619,43,687,928,2771,0
12-17-2020,4681,2525,1268,434,2668,375,359,3997,4933,8502,57,1021,1307,576,11635,43,691,928,2777,0
12-18-2020,4723,2535,1276,437,2683,378,362,4009,4951,8511,57,1029,1314,577,11637,43,698,929,2777,0
12-19-2020,4723,2535,1276,437,2683,378,362,4009,4951,8511,57,1029,1314,577,11637,43,698,929,2777,0
12-20-2020,4723,2535,1276,437,2683,378,362,4009,4951,8511,57,1029,1314,577,11637,43,698,929,2777,0
12-21-2020,4841,2552,1297,442,2708,388,363,4024,4980,8533,57,1034,1325,579,11660,43,708,945,2781,0
12-22-2020,4874,2562,1302,447,2733,394,363,4042,4992,8542,58,1037,1333,579,11680,43,713,945,2881,0
12-23-2020,4912,2577,1310,447,2756,398,364,4052,5011,8587,58,1041,1334,581,11683,43,716,947,2881,0
12-24-2020,4950,2584,1313,452,2778,398,365,4059,5021,8608,59,1044,1335,581,11687,43,716,950,2881,0
12-25-2020,4950,2584,1313,452,2778,398,365,4059,5021,8608,59,1044,1335,581,11687,43,716,950,2881,0
12-26-2020,4950,2584,1313,452,2778,398,365,4059,5021,8608,59,1044,1335,581,11687,43,716,950,2881,0
12-27-2020,4950,2584,1313,452,2778,398,365,4059,5021,8608,59,1044,1335,581,11687,43,716,950,2881,0
12-28-2020,5032,2596,1334,455,2801,408,381,4067,5039,8649,59,1057,1359,585,11692,43,728,955,2882,0
12-29-2020,5083,2615,1339,458,2840,411,387,4074,5048,8663,59,1062,1366,586,11753,43,735,957,2963,0
12-30-2020,5100,2623,1341,465,2909,414,388,4079,5071,8689,59,1064,1371,586,11827,43,739,958,2963,0
12-31-2020,5123,2634,1343,469,2941,415,393,4086,5081,8723,59,1067,1379,586,11828,43,744,960,2963,0
01-01-2021,5123,2634,1343,469,2941,415,393,4086,5081,8723,59,1067,1379,586,11828,43,744,960,2963,0
01-02-2021,5123,2634,1343,469,2941,415,393,4086,5081,8723,59,1067,1379,586,11828,43,744,960,2963,0
01-03-2021,5123,2634,1343,469,2941,415,393,4086,5081,8723,59,1067,1379,586,11828,43,744,960,2963,0
01-04-2021,5146,2653,1364,476,2990,429,399,4100,5093,8733,59,1083,1399,587,11834,44,756,970,2963,0
01-05-2021,5187,2659,1366,480,3071,439,401,4108,5107,8775,59,1089,1403,588,11888,44,759,971,3036,0
01-06-2021,5187,2659,1366,480,3071,439,401,4108,5107,8775,59,1089,1403,588,11888,44,759,971,3036,0
01-07-2021,5210,2659,1374,480,3130,443,402,4116,5128,8797,59,1097,1417,592,11953,44,764,973,3037,0
01-08-2021,5251,2683,1376,482,3163,447,402,4117,5143,8828,62,1111,1420,594,11971,44,769,973,3038,0
01-09-2021,5251,2683,1376,482,3163,447,402,4117,5143,8828,62,1111,1420,594,11971,44,769,973,3038,0
01-10-2021,5251,2683,1376,482,3163,447,402,4117,5143,8828,62,1111,1420,594,11971,44,769,973,3038,0
01-11-2021,5329,2704,1385,490,3286,451,405,4131,5160,8863,62,1135,1443,596,11996,46,778,976,3039,0
01-12-2021,5366,2713,1387,497,3360,453,405,4139,5320,8890,62,1158,1450,598,12001,46,782,977,3079,0
01-13-2021,5401,2724,1389,502,3413,457,406,4157,5324,8912,62,1166,1463,599,12006,47,790,979,3081,0
01-14-2021,5430,2733,1392,503,3467,461,408,4159,5330,8955,62,1183,1466,603,12020,48,794,983,3082,0
01-15-2021,5470,2745,1396,508,3510,466,412,4167,5345,8984,62,1189,1484,605,12040,48,805,984,3094,0
01-16-2021,5470,2745,1396,508,3510,466,412,4167,5345,8984,62,1189,1484,605,12040,48,805,984,3094,0
01-17-2021,5470,2745,1396,508,3510,466,412,4167,5345,8984,62,1189,1484,605,12040,48,805,984,3094,0
01-18-2021,5532,2772,1409,518,3609,476,415,4208,5369,9048,66,1217,1505,611,12054,49,824,991,3096,0
01-19-2021,5600,2782,1417,528,3679,484,417,4210,5399,9119,66,1227,1536,612,12100,49,839,992,3117,0
01-20-2021,5664,2795,1424,538,3803,490,417,4223,5408,9159,67,1250,1562,614,12149,49,852,993,3180,0
01-21-2021,5720,2808,1434,538,3914,493,418,4256,5419,9185,67,1271,1585,614,12210,49,872,994,3194,0
01-22-2021,5770,2824,1445,544,4016,494,436,4288,5440,9236,67,1291,1580,618,12266,49,883,995,3199,0
01-23-2021,5770,2824,1445,544,4016,494,436,4288,5440,9236,67,1291,1580,618,12266,49,883,995,3199,0
01-24-2021,5770,2824,1445,544,4016,494,436,4288,5440,9236,67,1291,1580,618,12266,49,883,995,3199,0
01-25-2021,5925,2858,1471,549,4192,513,447,4319,5473,9266,68,1336,1616,626,12372,49,926,1003,3199,0
01-26-2021,6007,2870,1475,555,4325,515,448,4341,5503,9315,68,1360,1635,626,12425,49,964,1012,3301,0
01-27-2021,6091,2893,1479,563,4432,516,448,4400,5517,9359,68,1389,1652,634,12479,49,999,1016,3307,0
01-28-2021,6173,2902,1490,571,4537,520,452,4468,5556,9386,68,1415,1673,636,12535,51,1043,1022,3308,0
01-29-2021,6260,2918,1505,577,4633,524,453,4542,5610,9404,71,1429,1711,638,12578,51,1066,1028,3321,0
01-30-2021,6260,2918,1505,577,4633,524,453,4542,5610,9404,71,1429,1711,638,12578,51,1066,1028,3321,0
01-31-2021,6260,2918,1505,577,4633,524,453,4542,5610,9404,71,1429,1711,638,12578,51,1066,1028,3321,0
02-01-2021,6390,2933,1528,590,4826,531,460,4636,5659,9423,72,1471,1778,652,12610,52,1113,1031,3326,0
02-02-2021,6491,2933,1540,603,5004,533,461,4726,5729,9442,72,1493,1794,656,12669,53,1151,1035,3420,0
02-03-2021,6581,2992,1551,609,5119,537,463,4801,5756,9457,72,1514,1824,661,12741,53,1176,1038,3425,0
02-04-2021,6651,3007,1558,617,5184,540,464,4861,5780,9494,74,1529,1862,665,12804,54,1190,1041,3427,0
02-05-2021,6757,3020,1588,622,5303,542,465,4973,5820,9523,74,1554,1899,667,12833,54,1203,1044,3445,0
02-06-2021,6757,3020,1588,622,5303,542,465,4973,5820,9523,74,1554,1899,667,12833,54,1203,1044,3445,0
02-07-2021,6757,3020,1588,622,5303,542,465,4973,5820,9523,74,1554,1899,667,12833,54,1203,1044,3445,0
02-08-2021,6937,3058,1607,631,5426,549,473,5089,5868,9624,75,1593,1950,679,12924,58,1243,1057,3454,0
02-09-2021,7063,3076,1613,637,5563,550,480,5202,5911,9672,75,1604,1975,684,13025,58,1256,1066,3551,0
02-10-2021,7173,3090,1620,642,5661,553,480,5276,6049,9736,75,1615,2003,691,13080,60,1279,1069,3552,0
02-11-2021,7281,3101,1631,648,5744,554,482,5350,6075,9791,75,1619,2018,694,13179,61,1282,1070,3562,0
02-12-2021,7409,3112,1645,653,5829,558,482,5380,6096,9878,75,1637,2042,696,13255,61,1301,1074,3564,0
02-13-2021,7409,3112,1645,653,5829,558,482,5380,6096,9878,75,1637,2042,696,13255,61,1301,1074,3564,0
02-14-2021,7409,3112,1645,653,5829,558,482,5380,6096,9878,75,1637,2042,696,13255,61,1301,1074,3564,0
02-15-2021,7610,3152,1665,668,5940,565,486,5410,6140,9940,76,1658,2088,706,13310,62,1326,1080,3567,0
02-16-2021,7717,3161,1671,672,6036,567,488,5431,6173,9978,76,1666,2110,708,13381,62,1358,1081,3643,0
02-17-2021,7792,3175,1678,674,6121,568,490,5460,6192,10029,76,1669,2118,711,13408,62,1365,1083,3645,0
02-18-2021,7878,3194,1681,677,6214,571,490,5476,6203,10089,77,1675,2129,712,13461,64,1379,1083,3651,0
02-19-2021,7946,3206,1705,680,6288,572,500,5507,6224,10136,77,1679,2133,715,13538,65,1389,1084,3657,0
02-20-2021,7946,3206,1705,680,6288,572,500,5507,6224,10136,77,1679,2133,715,13538,65,1389,1084,3657,0
02-21-2021,7946,3206,1705,680,6288,572,500,5507,6224,10136,77,1679,2133,715,13538,65,1389,1084,3657,0
02-22-2021,8043,3212,1727,681,6377,580,501,5531,6249,10226,79,1687,2163,718,13631,65,1414,1090,3662,0
02-23-2021,8141,3230,1731,684,6446,582,502,5543,6278,10323,79,1691,2166,721,13662,66,1432,1090,3712,0
02-24-2021,8236,3238,1735,691,6506,585,504,5566,6290,10416,79,1698,2176,723,13713,68,1435,1091,3718,0
02-25-2021,8293,3241,1741,700,6551,588,506,5580,6303,10494,81,1703,2188,724,13793,68,1447,1091,3721,0
02-26-2021,8328,3258,1750,707,6632,589,508,5588,6320,10575,81,1706,2194,725,13842,70,1451,1092,3726,0
02-27-2021,8328,3258,1750,707,6632,589,508,5588,6320,10575,81,1706,2194,725,13842,70,1451,1092,3726,0
02-28-2021,8328,3258,1750,707,6632,589,508,5588,6320,10575,81,1706,2194,725,13842,70,1451,1092,3726,0
03-01-2021,8393,3265,1770,725,6658,596,510,5613,6345,10730,82,1718,2226,725,13874,72,1482,1094,3731,0
03-02-2021,8405,3281,1775,725,6707,599,511,5626,6374,10652,82,1722,2232,726,13945,72,1487,1099,3781,0
03-03-2021,8475,3286,1780,727,6728,606,515,5643,6432,10821,83,1726,2233,728,14015,72,1496,1099,3782,0
03-04-2021,8515,3297,1787,729,6755,606,517,5652,6440,10899,85,1728,2237,728,14068,72,1502,1102,3782,0
03-05-2021,8566,3303,1786,730,6791,607,518,5662,6449,11367,86,1731,2239,729,14104,72,1511,1103,3784,0
03-06-2021,8566,3303,1786,730,6791,607,518,5662,6449,11367,86,1731,2239,729,14104,72,1511,1103,3784,0
03-07-2021,8566,3303,1786,730,6791,607,518,5662,6449,11367,86,1731,2239,729,14104,72,1511,1103,3784,0
03-08-2021,8627,3312,1797,731,6820,617,523,5676,6460,11458,86,1737,2253,730,14123,73,1525,1103,3785,0
03-09-2021,8697,3319,1802,732,6881,620,526,5688,6478,11458,86,1738,2255,730,14211,74,1531,1105,3796,0
03-10-2021,8733,3320,1803,732,6911,622,527,5693,6490,11534,86,1741,2259,731,14250,74,1532,1106,3817,0
03-11-2021,8769,3329,1807,733,6935,623,528,5695,6491,11538,86,1743,2261,732,14278,74,1536,1108,3819,0
03-12-2021,8804,3333,1809,733,6940,626,529,5696,6496,11591,87,1743,2266,733,14313,74,1537,1109,3839,0
03-13-2021,8804,3333,1809,733,6940,626,529,5696,6496,11591,87,1743,2266,733,14313,74,1537,1109,3839,0
03-14-2021,8804,3333,1809,733,6940,626,529,5696,6496,11591,87,1743,2266,733,14313,74,1537,1109,3839,0
03-15-2021,8840,3341,1817,735,6962,630,530,5702,6514,11604,87,1745,2278,737,14337,76,1539,1110,3840,0
03-16-2021,8899,3343,1819,739,6976,636,530,5705,6529,11611,87,1747,2282,738,14354,76,1541,1111,3842,0
03-17-2021,8947,3351,1825,742,6999,640,530,5712,6542,11652,87,1750,2283,737,14388,76,1543,1113,3876,0
03-18-2021,8988,3354,1828,750,7009,641,530,5716,6550,11659,88,1750,2286,738,14412,77,1544,1113,3877,0
03-19-2021,8988,3354,1828,750,7009,641,530,5716,6550,11659,88,1750,2286,738,14412,77,1544,1113,3877,0
03-20-2021,8988,3354,1828,750,7009,641,530,5716,6550,11659,88,1750,2286,738,14412,77,1544,1113,3877,0
03-21-2021,8988,3354,1828,750,7009,641,530,5716,6550,11659,88,1750,2286,738,14412,77,1544,1113,3877,0
03-22-2021,9060,3365,1867,766,7017,653,532,5726,6573,12041,91,1753,2296,740,14431,78,1547,1116,3891,0
03-23-2021,9093,3372,1870,772,7030,655,532,5728,6585,12086,93,1753,2297,740,14469,78,1550,1116,3925,0
03-24-2021,9093,3372,1870,772,7030,655,532,5728,6585,12086,93,1753,2297,740,14469,78,1550,1116,3925,0
03-25-2021,9136,3371,1877,777,7061,661,537,5735,6592,12596,93,1755,2312,742,14496,78,1553,1116,3932,0
03-26-2021,9147,3372,1878,777,7076,663,541,5737,6608,13120,93,1755,2314,743,14496,78,1553,1117,3942,0
03-27-2021,9147,3372,1878,777,7076,663,541,5737,6608,13120,93,1755,2314,743,14496,78,1553,1117,3942,0
03-28-2021,9147,3372,1878,777,7076,663,541,5737,6608,13120,93,1755,2314,743,14496,78,1553,1117,3942,0
03-29-2021,9176,3334,1889,777,7091,670,542,5747,6611,13243,93,1755,2318,744,14512,79,1555,1121,3942,0
03-30-2021,9193,3339,1889,777,7098,672,542,5753,6622,13251,95,1756,2323,744,14548,79,1559,1121,3944,0
03-31-2021,9206,3344,1891,777,7112,676,542,5757,6626,13335,95,1757,2327,744,14564,79,1562,1121,3944,0
04-01-2021,9206,3348,1895,777,7120,677,542,5758,6631,13376,96,1757,2327,744,14578,79,1563,1121,3946,0
04-02-2021,9206,3348,1895,777,7120,677,542,5758,6631,13376,96,1757,2327,744,14578,79,1563,1121,3946,0
04-03-2021,9214,3351,1900,777,7130,682,544,5758,6633,13484,96,1758,2332,745,14579,82,1565,1122,3946,0
04-04-2021,9214,3351,1900,777,7130,682,544,5758,6633,13484,96,1758,2332,745,14579,82,1565,1122,3946,0
04-05-2021,9241,3357,1903,777,7134,685,544,5761,6638,13500,98,1760,2340,748,14579,82,1567,1123,3946,0
04-06-2021,9276,3358,1905,777,7134,686,545,5762,6648,13500,98,1760,2342,748,14648,83,1572,1123,3946,0
04-07-2021,9315,3364,1908,778,7150,687,545,5771,6658,13522,98,1760,2345,748,14662,83,1572,1124,3947,0
04-08-2021,9332,3371,1917,779,7167,690,546,5772,6672,13552,99,1760,2348,750,14689,84,1572,1125,3954,0
04-09-2021,9347,3375,1918,779,7179,693,546,5778,6673,13568,99,1761,2353,751,14705,84,1573,1126,4020,0
04-10-2021,9347,3375,1918,779,7179,693,546,5778,6673,13568,99,1761,2353,751,14705,84,1573,1126,4020,0
04-11-2021,9347,3375,1918,779,7179,693,546,5778,6673,13568,99,1761,2353,751,14705,84,1573,1126,4020,0
04-12-2021,9362,3384,1921,779,7186,698,548,5784,6681,13689,99,1765,2356,751,14705,85,1574,1136,4022,0
04-13-2021,9362,3386,1924,780,7188,699,550,5790,6690,13729,99,1768,2356,751,14732,85,1574,1136,4026,0
04-14-2021,9379,3391,1924,780,7196,701,550,5793,6694,13778,99,1772,2357,751,14769,86,1574,1134,4028,0
04-15-2021,9393,3391,1925,780,7195,706,550,5802,6696,13815,99,1774,2358,752,14785,86,1577,1134,4064,0
04-16-2021,9415,3393,1925,780,7204,708,551,5809,6701,13823,100,1777,2358,753,14803,86,1583,1137,4075,0
04-17-2021,9415,3393,1925,780,7204,708,551,5809,6701,13823,100,1777,2358,753,14803,86,1583,1137,4075,0
04-18-2021,9415,3393,1925,780,7204,708,551,5809,6701,13823,100,1777,2358,753,14803,86,1583,1137,4075,0
04-19-2021,9432,3407,1933,780,7216,714,553,5815,6713,13845,101,1780,2361,756,14811,86,1584,1138,4077,0
04-20-2021,9432,3407,1933,780,7216,714,553,5815,6713,13845,101,1780,2361,756,14811,86,1584,1138,4077,0
04-21-2021,9479,3415,1936,787,7233,716,553,5830,6723,13917,101,1781,2363,756,14871,88,1585,1141,4089,0
04-22-2021,9495,3420,1937,793,7244,717,554,5836,6727,13939,102,1782,2365,756,14889,88,1585,1144,4123,0
04-23-2021,9528,3423,1938,798,7245,721,554,5840,6735,13954,103,1783,2366,757,14905,88,1585,1144,4124,0
04-24-2021,9528,3423,1938,798,7245,721,554,5840,6735,13954,103,1783,2366,757,14905,88,1585,1144,4124,0
04-25-2021,9528,3423,1938,798,7245,721,554,5840,6735,13954,103,1783,2366,757,14905,88,1585,1144,4124,0
04-26-2021,9564,3428,1942,814,7253,724,554,5840,6742,13990,103,1787,2369,757,14916,89,1586,1151,4129,0
04-27-2021,9584,3427,1943,819,7266,725,555,5844,6745,14013,104,1788,2372,758,14954,89,1586,1152,4131,0
04-28-2021,9612,3437,1943,819,7285,727,556,5845,6750,14019,104,1788,2372,757,14969,89,1586,1154,4131,0
04-29-2021,9617,3437,1943,820,7294,728,556,5846,6751,14082,104,1790,2375,759,14990,89,1587,1155,4157,0
04-30-2021,9628,3437,1944,820,7306,731,557,5851,6754,14149,104,1790,2377,760,14994,89,1587,1156,4182,0
05-01-2021,9628,3437,1944,820,7306,731,557,5851,6754,14149,104,1790,2377,760,14994,89,1587,1156,4182,0
05-02-2021,9628,3437,1944,820,7306,731,557,5851,6754,14149,104,1790,2377,760,14994,89,1587,1156,4182,0
05-03-2021,9634,3444,1945,822,7313,732,557,5861,6759,14152,106,1791,2377,760,15015,89,1587,1163,4186,0
05-04-2021,9666,3446,1945,823,7318,732,557,5861,6775,14191,107,1791,2378,760,15016,90,1590,1164,4189,0
05-05-2021,9681,3454,1946,824,7322,735,558,5880,6776,14271,108,1793,2378,761,15041,92,1590,1165,4191,0
05-06-2021,9689,3454,1946,825,7323,739,558,5883,6778,14292,109,1794,2379,761,15075,93,1590,1165,4273,0
05-07-2021,9700,3452,1946,827,7329,742,558,5883,6782,14319,109,1794,2380,762,15087,94,1590,1164,4274,0
05-08-2021,9700,3452,1946,827,7329,742,558,5883,6782,14319,109,1794,2380,762,15087,94,1590,1164,4274,0
05-09-2021,9700,3452,1946,827,7329,742,558,5883,6782,14319,109,1794,2380,762,15087,94,1590,1164,4274,0
05-10-2021,9708,3460,1951,829,7336,752,560,5884,6785,14342,112,1795,2381,762,15105,95,1590,1167,4281,0
05-11-2021,9760,3463,1952,829,7342,753,560,5886,6788,14382,112,1795,2381,764,15135,96,1590,1163,4349,0
05-12-2021,9778,3473,1952,830,7349,754,560,5892,6794,14409,112,1796,2382,765,15155,96,1592,1166,4353,0
05-13-2021,9787,3474,1954,831,7352,759,560,5899,6803,14430,113,1797,2384,766,15162,96,1593,1168,4353,0
05-14-2021,9797,3481,1954,833,7361,760,560,5900,6804,14446,113,1797,2386,767,15164,96,1593,1168,4359,0
05-15-2021,9797,3481,1954,833,7361,760,560,5900,6804,14446,113,1797,2386,767,15164,96,1593,1168,4359,0
05-16-2021,9797,3481,1954,833,7361,760,560,5900,6804,14446,113,1797,2386,767,15164,96,1593,1168,4359,0
05-17-2021,9808,3492,1958,833,7369,762,561,5900,6816,14470,114,1797,2390,769,15170,97,1593,1170,4363,0
05-18-2021,9825,3490,1959,835,7371,763,561,5900,6825,14484,114,1797,2395,769,15189,97,1593,1170,4365,0
05-19-2021,9840,3494,1960,837,7369,763,561,5900,6828,14491,114,1797,2396,769,15196,97,1593,1170,4393,0
05-20-2021,9853,3496,1962,837,7373,766,561,5894,6831,14497,114,1798,2396,769,15199,97,1593,1170,4395,0
05-21-2021,9856,3500,1963,839,7373,767,562,5895,6833,14498,114,1798,2397,769,15201,97,1593,1170,4395,0
05-22-2021,9856,3500,1963,839,7373,767,562,5895,6833,14498,114,1798,2397,769,15201,97,1593,1170,4395,0
05-23-2021,9856,3500,1963,839,7373,767,562,5895,6833,14498,114,1798,2397,769,15201,97,1593,1170,4395,0
05-24-2021,9866,3504,1965,839,7379,768,563,5902,6874,14506,114,1799,2398,771,15205,97,1593,1170,4398,0
05-25-2021,9867,3503,1965,839,7383,768,563,5911,6875,14511,114,1800,2400,771,15243,97,1596,1170,4425,0
05-26-2021,9875,3505,1965,839,7387,768,563,5912,6874,14526,114,1800,2400,771,15267,97,1597,1170,4425,0
05-27-2021,9877,3506,1965,839,7387,769,564,5913,6880,14527,114,1801,2402,771,15277,97,1600,1171,4428,0
05-28-2021,9880,3504,1965,839,7389,769,564,5912,6882,14531,114,1801,2402,771,15285,97,1600,1171,4429,0
05-29-2021,9880,3504,1965,839,7389,769,564,5912,6882,14531,114,1801,2402,771,15285,97,1600,1171,4429,0
05-30-2021,9880,3504,1965,839,7389,769,564,5912,6882,14531,114,1801,2402,771,15285,97,1600,1171,4429,0
05-31-2021,9887,3509,1967,839,7392,770,565,5918,6884,14542,115,1803,2404,771,15287,97,1600,1174,4429,0
06-01-2021,9900,3511,1967,839,7393,770,565,5914,6884,14544,115,1804,2406,771,15295,97,1600,1175,4433,0
06-02-2021,9918,3511,1967,839,7393,771,565,5923,6890,14552,115,1804,2407,771,15307,97,1602,1176,4441,0
06-03-2021,9918,3511,1967,839,7393,771,565,5923,6890,14552,115,1804,2407,771,15307,97,1602,1176,4441,0
06-04-2021,9928,3517,1971,839,7399,772,565,5927,6894,14595,115,1805,2411,773,15341,97,1602,1177,4467,0
06-05-2021,9928,3517,1971,839,7399,772,565,5927,6894,14595,116,1805,2411,773,15341,97,1602,1177,4467,0
06-06-2021,9928,3517,1971,839,7399,772,565,5927,6894,14595,116,1805,2411,773,15341,97,1602,1177,4467,0
06-07-2021,9934,3521,1972,839,7399,775,565,5932,6894,14599,116,1805,2413,774,15351,97,1602,1178,4470,0
06-08-2021,9947,3521,1972,840,7401,776,566,5960,6899,14606,116,1805,2414,774,15364,97,1603,1178,4470,0
06-09-2021,9950,3523,1972,840,7400,778,566,5963,6901,14606,116,1805,2414,775,15373,97,1603,1178,4472,0
06-10-2021,9967,3525,1972,840,7400,780,566,5966,6901,14690,116,1805,2415,775,15376,97,1603,1178,4493,0
06-11-2021,9975,3530,1972,840,7404,781,566,5977,6904,14691,116,1805,2415,775,15378,97,1604,1178,4493,0
06-12-2021,9975,3530,1972,840,7404,781,566,5977,6904,14691,116,1805,2415,775,15378,97,1604,1178,4493,0
06-13-2021,9975,3530,1972,840,7404,781,566,5977,6904,14691,116,1805,2415,775,15378,97,1604,1178,4493,0
06-14-2021,9981,3530,1972,842,7405,782,566,5979,6906,14691,116,1805,2417,775,15378,97,1604,1178,4493,0
06-15-2021,9999,3532,1972,842,7407,783,566,5986,6909,14695,116,1805,2417,775,15388,97,1604,1178,4508,0
06-16-2021,10000,3534,1973,842,7408,783,566,5989,6911,14713,116,1805,2417,775,15393,97,1604,1178,4511,0
06-17-2021,10008,3537,1974,843,7407,783,567,5991,6913,14713,116,1805,2417,775,15393,97,1604,1178,4513,0
06-18-2021,10009,3538,1974,843,7407,784,567,5992,6913,14714,116,1805,2418,775,15402,97,1604,1179,4515,0
06-19-2021,10009,3538,1974,843,7407,784,567,5992,6913,14714,116,1805,2418,775,15402,97,1604,1179,4515,0
06-20-2021,10009,3538,1974,843,7407,784,567,5992,6913,14714,116,1805,2418,775,15402,97,1604,1179,4515,0
06-21-2021,10016,3537,1975,843,7408,786,568,5997,6915,14714,116,1807,2421,775,15408,97,1606,1180,4520,0
06-22-2021,10019,3539,1975,844,7407,786,568,6000,6917,14728,116,1807,2421,775,15409,97,1606,1180,4525,0
06-23-2021,10025,3543,1976,844,7410,787,568,6004,6917,14729,116,1807,2421,776,15412,97,1606,1181,4529,0
06-24-2021,10026,3544,1976,844,7410,787,568,6008,6918,14731,116,1807,2421,777,15419,97,1606,1182,4529,0
06-25-2021,10028,3544,1977,844,7410,789,568,6011,6919,14731,116,1807,2422,778,15419,97,1606,1184,4529,0
06-26-2021,10028,3544,1977,844,7410,789,568,6011,6919,14731,116,1807,2422,778,15419,97,1606,1184,4529,0
06-27-2021,10028,3544,1977,844,7410,789,568,6011,6919,14731,116,1807,2422,778,15419,97,1606,1184,4529,0
06-28-2021,10034,3543,1977,844,7410,790,568,6011,6920,14733,116,1807,2422,778,15420,97,1606,1184,4529,0
06-29-2021,10041,3544,1977,844,7413,790,570,6011,6923,14736,116,1807,2423,778,15440,97,1606,1184,4529,0
06-30-2021,10062,3549,1978,844,7412,791,570,6012,6925,14736,116,1807,2423,778,15450,97,1606,1184,4535,0
07-01-2021,10062,3547,1978,844,7414,791,570,6012,6925,14737,116,1807,2423,778,15453,97,1606,1184,4539,0
07-02-2021,10067,3553,1978,844,7416,792,570,6012,6927,14739,116,1807,2423,778,15458,97,1606,1184,4544,0
07-03-2021,10067,3553,1978,844,7416,792,570,6012,6927,14739,116,1807,2423,778,15458,97,1606,1184,4544,0
07-04-2021,10067,3553,1978,844,7416,792,570,6012,6927,14739,116,1807,2423,778,15458,97,1606,1184,4544,0
07-05-2021,10073,3551,1978,844,7416,795,570,6013,6930,14741,116,1807,2424,778,15466,97,1606,1184,4545,0
07-06-2021,10078,3551,1979,844,7420,795,571,6013,6931,14743,116,1807,2424,778,15469,97,1606,1184,4546,0
07-07-2021,10086,3556,1979,844,7421,795,571,6014,6932,14743,116,1806,2425,778,15469,97,1606,1184,4547,0
07-08-2021,10092,3555,1979,844,7421,795,571,6015,6933,14755,117,1806,2426,778,15476,97,1606,1184,4547,0
07-09-2021,10095,3554,1979,844,7421,795,571,6015,6933,14756,117,1806,2426,778,15479,97,1606,1184,4547,0
07-10-2021,10095,3554,1979,844,7421,795,571,6015,6933,14756,117,1806,2426,778,15479,97,1606,1184,4547,0
07-11-2021,10095,3554,1979,844,7421,795,571,6015,6933,14756,117,1806,2426,778,15479,97,1606,1184,4547,0
07-12-2021,10096,3556,1980,844,7424,797,571,6015,6936,14756,117,1807,2426,778,15483,97,1606,1184,4547,0
07-13-2021,10101,3555,1980,844,7427,797,571,6016,6937,14757,117,1807,2426,778,15486,97,1606,1184,4547,0
07-14-2021,10102,3555,1981,845,7427,798,571,6018,6937,14758,117,1809,2426,778,15487,97,1606,1184,4547,0
07-15-2021,10105,3557,1982,846,7431,802,571,6019,6938,14761,117,1809,2428,778,15494,97,1606,1184,4559,0
07-16-2021,10107,3557,1982,846,7432,803,571,6019,6938,14762,117,1809,2428,778,15502,97,1606,1184,4558,0
07-17-2021,10107,3557,1982,846,7432,803,571,6019,6938,14762,117,1809,2428,778,15502,97,1606,1184,4558,0
07-18-2021,10107,3557,1982,846,7432,803,571,6019,6938,14762,117,1809,2428,778,15502,97,1606,1184,4558,0
07-19-2021,10116,3559,1985,847,7429,806,571,6019,6942,14764,117,1809,2429,778,15501,97,1608,1184,4558,0
07-20-2021,10125,3561,1984,848,7432,807,572,6019,6945,14767,117,1809,2430,778,15506,97,1609,1184,4558,0
07-21-2021,10132,3563,1984,848,7433,808,572,6020,6946,14769,117,1813,2430,778,15505,97,1609,1184,4558,0
07-22-2021,10144,3561,1986,854,7434,808,572,6020,6947,14773,117,1813,2430,778,15509,97,1609,1184,4558,0
07-23-2021,10151,3562,1987,854,7440,810,573,6020,6947,14778,117,1814,2431,779,15508,97,1609,1186,4558,0
07-24-2021,10151,3562,1987,854,7440,810,573,6020,6947,14778,117,1814,2431,779,15508,97,1609,1186,4558,0
07-25-2021,10151,3562,1987,854,7440,810,573,6020,6947,14778,117,1814,2431,779,15508,97,1609,1186,4558,0
07-26-2021,10157,3562,1990,855,7442,815,573,6023,6952,14785,117,1817,2436,782,15509,97,1610,1188,4558,0
07-27-2021,10172,3564,1992,856,7448,817,573,6024,6965,14787,117,1819,2439,782,15511,97,1612,1188,4560,0
07-28-2021,10180,3574,1995,857,7453,821,573,6025,6970,14798,117,1820,2440,782,15520,97,1614,1188,4572,0
07-29-2021,10193,3574,1997,857,7457,822,575,6025,6973,14802,117,1821,2442,782,15529,97,1614,1190,4575,0
07-30-2021,10201,3580,1998,857,7460,824,576,6026,6975,14813,117,1821,2444,785,15531,97,1615,1191,4575,0
07-31-2021,10201,3580,1998,857,7460,824,576,6026,6975,14813,117,1821,2444,785,15531,97,1615,1191,4575,0
08-01-2021,10201,3580,1998,857,7460,824,576,6026,6975,14813,117,1821,2444,785,15531,97,1615,1191,4575,0
08-02-2021,10215,3607,2003,862,7463,833,578,6029,7004,14843,117,1825,2453,793,15533,99,1616,1192,4578,0
08-03-2021,10238,3604,2006,866,7472,840,579,6029,7007,14872,117,1826,2461,795,15550,99,1621,1192,4599,0
08-04-2021,10254,3601,2010,870,7480,842,581,6030,7011,14883,117,1826,2465,797,15563,99,1623,1193,4599,0
08-05-2021,10269,3601,2013,873,7486,844,581,6032,7021,14907,117,1828,2468,798,15577,99,1624,1194,4599,0
08-06-2021,10287,3611,2015,875,7490,848,582,6037,7026,14914,117,1830,2470,798,15587,99,1626,1195,4599,0
08-07-2021,10287,3611,2015,875,7490,848,582,6037,7026,14914,117,1830,2470,798,15587,99,1626,1195,4599,0
08-08-2021,10287,3611,2015,875,7490,848,582,6037,7026,14914,117,1830,2470,798,15587,99,1626,1195,4599,0
08-09-2021,10310,3617,2020,875,7495,860,582,6032,7040,14920,117,1835,2480,802,15616,99,1630,1196,4599,0
08-10-2021,10338,3627,2023,878,7507,863,582,6033,7045,14937,117,1835,2481,804,15624,99,1637,1198,4599,0
08-11-2021,10361,3638,2023,879,7515,868,582,6037,7050,14943,117,1835,2486,806,15642,99,1640,1199,4600,0
08-12-2021,10384,3643,2024,880,7520,871,584,6038,7059,14954,117,1837,2491,808,15656,99,1641,1200,4601,0
08-13-2021,10396,3653,2024,881,7527,878,584,6039,7061,14958,119,1836,2495,808,15666,99,1644,1201,4601,0
08-14-2021,10396,3653,2024,881,7527,878,584,6039,7061,14958,119,1836,2495,808,15666,99,1644,1201,4601,0
08-15-2021,10396,3653,2024,881,7527,878,584,6039,7061,14958,119,1836,2495,808,15666,99,1644,1201,4601,0
08-16-2021,10419,3655,2036,883,7537,886,584,6046,7061,14975,119,1842,2503,809,15667,99,1649,1203,4622,0
08-17-2021,10427,3656,2037,885,7556,889,585,6055,7073,14985,119,1845,2505,809,15689,99,1652,1204,4669,0
08-18-2021,10463,3661,2040,891,7562,896,586,6058,7086,14994,120,1849,2511,811,15731,99,1652,1204,4669,0
08-19-2021,10492,3674,2042,893,7573,899,588,6060,7092,15012,121,1854,2516,812,15746,99,1656,1204,4671,0
08-20-2021,10514,3685,2043,894,7577,902,590,6074,7098,15062,121,1854,2519,812,15754,99,1659,1206,4673,0
08-21-2021,10514,3685,2043,894,7577,902,590,6074,7098,15062,121,1854,2519,812,15754,99,1659,1206,4673,0
08-22-2021,10514,3685,2043,894,7577,902,590,6074,7098,15062,121,1854,2519,812,15754,99,1659,1206,4673,0
08-23-2021,10548,3684,2047,897,7583,913,592,6105,7143,15080,122,1861,2528,813,15756,101,1668,1211,4685,0
08-24-2021,10600,3698,2049,906,7597,921,594,6108,7145,15101,124,1867,2535,814,15764,101,1669,1213,4721,0
08-25-2021,10616,3709,2049,908,7599,924,596,6169,7159,15129,124,1869,2537,815,15773,101,1673,1213,4727,0
08-26-2021,10720,3711,2050,911,7608,927,596,6181,7164,15132,125,1874,2539,815,15780,101,1676,1218,4733,0
08-27-2021,10748,3722,2050,915,7610,932,596,6193,7171,15173,125,1877,2550,816,15787,101,1679,1219,4736,0
08-28-2021,10748,3722,2050,915,7610,932,596,6193,7171,15173,125,1877,2550,816,15787,101,1679,1219,4736,0
08-29-2021,10748,3722,2050,915,7610,932,596,6193,7171,15173,125,1877,2550,816,15787,101,1679,1219,4736,0
08-30-2021,10777,3722,2051,916,7616,939,596,6219,7171,15213,125,1883,2561,818,15792,102,1685,1224,4736,0
08-31-2021,10796,3724,2052,919,7629,942,598,6227,7198,15236,125,1887,2563,818,15840,102,1692,1226,4766,0
09-01-2021,10810,3729,2053,920,7639,943,599,6231,7205,15256,125,1889,2567,818,15884,102,1692,1226,4784,0
09-02-2021,10836,3740,2054,924,7648,944,600,6241,7211,15322,125,1893,2571,818,15901,102,1696,1227,4787,0
09-03-2021,10865,3740,2055,927,7658,947,600,6279,7215,15353,125,1897,2574,819,15918,102,1704,1227,4790,0
09-04-2021,10865,3740,2055,927,7658,947,600,6279,7215,15353,125,1897,2574,819,15918,102,1704,1227,4790,0
09-05-2021,10865,3740,2055,927,7658,947,600,6279,7215,15353,125,1897,2574,819,15918,102,1704,1227,4790,0
09-06-2021,10884,3745,2056,928,7664,955,600,6294,7225,15366,127,1905,2581,820,15935,102,1713,1229,4799,0
09-07-2021,10906,3746,2057,928,7679,959,600,6302,7234,15391,127,1907,2587,820,15953,102,1713,1230,4825,0
09-08-2021,10933,3747,2057,930,7682,962,600,6304,7236,15414,127,1910,2589,820,15963,102,1712,1231,4828,0
09-09-2021,10946,3753,2058,931,7691,962,600,6309,7240,15429,127,1912,2592,820,15971,102,1710,1231,4834,0
09-10-2021,10963,3762,2058,932,7695,962,601,6318,7245,15437,127,1920,2595,820,15984,102,1711,1232,4826,0
09-11-2021,10963,3762,2058,932,7695,962,601,6318,7245,15437,127,1920,2595,820,15984,102,1711,1232,4826,0
09-12-2021,10963,3762,2058,932,7695,962,601,6318,7245,15437,127,1920,2595,820,15984,102,1711,1232,4826,0
09-13-2021,10977,3761,2060,933,7700,965,601,6342,7254,15455,127,1932,2601,821,15991,105,1712,1232,4824,0
09-14-2021,10998,3769,2061,933,7711,966,601,6350,7266,15475,127,1937,2605,822,16011,105,1715,1233,4863,0
09-15-2021,11008,3772,2061,936,7716,970,601,6363,7269,15515,127,1940,2607,822,16014,105,1715,1234,4863,0
09-16-2021,11020,3785,2063,941,7722,971,601,6372,7271,15545,127,1949,2609,823,16017,106,1718,1235,4864,0
09-17-2021,11028,3785,2063,942,7725,974,601,6378,7278,15546,127,1950,2611,822,16027,106,1719,1236,4865,0
09-18-2021,11028,3785,2063,942,7725,974,601,6378,7278,15546,127,1950,2611,822,16027,106,1719,1236,4865,0
09-19-2021,11028,3785,2063,942,7725,974,601,6378,7278,15546,127,1950,2611,822,16027,106,1719,1236,4865,0
09-20-2021,11042,3791,2064,948,7731,979,602,6391,7283,15565,127,1963,2615,822,16039,106,1722,1238,4873,0
09-21-2021,11052,3791,2064,949,7738,981,604,6398,7296,15574,127,1968,2618,822,16051,106,1724,1241,4879,0
09-22-2021,11070,3793,2066,954,7737,982,605,6398,7298,15596,127,1969,2620,822,16070,106,1725,1243,4904,0
09-23-2021,11076,3799,2066,956,7747,984,605,6410,7301,15641,127,1973,2622,822,16073,106,1727,1244,4906,0
09-24-2021,11089,3799,2066,957,7752,987,606,6418,7303,15643,127,1973,2623,822,16078,106,1728,1244,4908,0
09-25-2021,11089,3799,2066,957,7752,987,606,6418,7303,15643,127,1973,2623,822,16078,106,1728,1244,4908,0
09-26-2021,11089,3799,2066,957,7752,987,606,6418,7303,15643,127,1973,2623,822,16078,106,1728,1244,4908,0
09-27-2021,11105,3811,2066,959,7755,989,607,6436,7304,15646,127,1977,2626,823,16080,107,1727,1244,4909,0
09-28-2021,11113,3815,2066,959,7756,990,607,6441,7308,15651,128,1980,2631,823,16090,107,1727,1245,4921,0
09-29-2021,11117,3815,2066,959,7759,990,607,6442,7309,15664,128,1981,2633,823,16094,107,1727,1246,4930,0
09-30-2021,11122,3815,2066,959,7760,990,607,6440,7310,15669,128,1983,2634,823,16096,107,1728,1246,4932,0
10-01-2021,11136,3816,2066,959,7762,992,608,6445,7312,15673,128,1983,2635,823,16101,107,1731,1246,4940,0
10-02-2021,11136,3816,2066,959,7762,992,608,6445,7312,15673,128,1983,2635,823,16101,107,1731,1246,4940,0
10-03-2021,11136,3816,2066,959,7762,992,608,6445,7312,15673,128,1983,2635,823,16101,107,1731,1246,4940,0
10-04-2021,11146,3816,2067,961,7767,995,608,6456,7315,15679,128,1987,2636,823,16113,108,1733,1246,4943,0
10-05-2021,11160,3838,2067,961,7772,995,608,6463,7316,15685,128,1989,2636,823,16126,108,1736,1247,4963,0
10-06-2021,11170,3847,2067,961,7776,997,608,6467,7317,15703,128,1989,2636,823,16130,108,1736,1247,4968,0
10-07-2021,11175,3847,2067,962,7776,999,608,6469,7318,15709,128,1989,2637,823,16133,108,1737,1247,4969,0
10-08-2021,11188,3849,2068,964,7778,1000,608,6473,7319,15751,128,1992,2637,823,16138,108,1739,1248,4967,0
10-09-2021,11188,3849,2068,964,7778,1000,608,6473,7319,15751,128,1992,2637,823,16138,108,1739,1248,4967,0
10-10-2021,11188,3849,2068,964,7778,1000,608,6473,7319,15751,128,1992,2637,823,16138,108,1739,1248,4967,0
10-11-2021,11200,3853,2070,965,7784,1001,608,6475,7321,15758,128,1993,2639,823,16145,108,1739,1248,4969,0
10-12-2021,11200,3853,2070,965,7784,1001,608,6475,7321,15758,128,1993,2639,823,16145,108,1739,1248,4969,0
10-13-2021,11209,3861,2070,965,7789,1001,608,6477,7322,15765,128,1994,2640,823,16150,108,1740,1248,4971,0
10-14-2021,11217,3863,2070,969,7794,1003,608,6482,7329,15768,128,1994,2641,823,16155,109,1741,1249,4974,0
10-15-2021,11225,3863,2070,969,7793,1004,608,6484,7330,15797,128,2000,2643,823,16159,109,1742,1250,4977,0
10-16-2021,11225,3863,2070,969,7793,1004,608,6484,7330,15797,128,2000,2643,823,16159,109,1742,1250,4977,0
10-17-2021,11225,3863,2070,969,7793,1004,608,6484,7330,15797,128,2000,2643,823,16159,109,1742,1250,4977,0
10-18-2021,11233,3865,2070,970,7793,1004,609,6485,7332,15818,128,2000,2643,823,16166,109,1744,1250,4988,0
10-19-2021,11240,3869,2071,970,7794,1004,609,6476,7334,15825,128,1999,2645,823,16165,111,1745,1251,4992,0
10-20-2021,11244,3873,2072,979,7798,1004,609,6477,7334,15832,128,1998,2645,823,16167,111,1745,1251,4992,0
10-21-2021,11249,3871,2073,986,7797,1007,609,6478,7336,15842,128,1992,2645,823,16167,111,1745,1251,4992,0
10-22-2021,11252,3875,2074,992,7799,1009,609,6479,7339,15865,128,1992,2646,823,16169,112,1745,1251,4973,0
10-23-2021,11252,3875,2074,992,7799,1009,609,6479,7339,15865,128,1992,2646,823,16169,112,1745,1251,4973,0
10-24-2021,11252,3875,2074,992,7799,1009,609,6479,7339,15865,128,1992,2646,823,16169,112,1745,1251,4973,0
10-25-2021,11259,3899,2077,992,7804,1011,610,6474,7340,15870,128,1992,2646,823,16172,112,1746,1252,4979,0
10-26-2021,11265,3907,2077,994,7808,1011,610,6477,7343,15877,128,1993,2647,823,16178,112,1750,1252,4986,0
10-27-2021,11266,3909,2077,995,7814,1011,610,6481,7343,15907,128,1993,2648,823,16181,112,1750,1252,4989,0
10-28-2021,11267,3902,2077,996,7819,1012,610,6481,7343,15930,128,1993,2648,823,16186,112,1750,1252,4993,0
10-29-2021,11268,3900,2077,996,7820,1012,610,6483,7343,15953,128,1989,2649,823,16207,112,1752,1252,4994,0
10-30-2021,11268,3900,2077,996,7820,1012,610,6483,7343,15953,128,1989,2649,823,16207,112,1752,1252,4994,0
10-31-2021,11268,3900,2077,996,7820,1012,610,6483,7343,15953,128,1989,2649,823,16207,112,1752,1252,4994,0
11-01-2021,11268,3900,2077,996,7820,1012,610,6483,7343,15953,128,1989,2649,823,16207,112,1752,1252,4994,0
11-02-2021,11271,3898,2078,997,7824,1013,610,6482,7345,15970,128,1989,2649,823,16230,112,1752,1253,4999,0
11-03-2021,11275,3898,2078,1004,7828,1013,610,6484,7350,15976,128,1989,2650,823,16235,112,1755,1253,5001,0
11-04-2021,11280,3896,2078,1004,7831,1013,610,6488,7353,15978,128,1989,2650,823,16236,112,1755,1253,5000,0
11-05-2021,11286,3901,2078,1004,7833,1014,610,6492,7356,15981,128,1989,2650,823,16238,112,1755,1253,5001,0
11-06-2021,11286,3901,2078,1004,7833,1014,610,6492,7356,15981,128,1989,2650,823,16238,112,1755,1253,5001,0
11-07-2021,11286,3901,2078,1004,7833,1014,610,6492,7356,15981,128,1989,2650,823,16238,112,1755,1253,5001,0
11-08-2021,11287,3903,2079,1006,7835,1019,610,6491,7358,15984,128,1989,2650,824,16246,112,1756,1254,5027,0
11-09-2021,11287,3903,2079,1006,7835,1019,610,6491,7358,15984,128,1989,2650,824,16246,112,1756,1254,5027,0
11-10-2021,11299,3905,2079,1010,7840,1023,611,6499,7366,15986,128,1989,2652,824,16254,113,1757,1254,5028,0
11-11-2021,11300,3906,2080,1010,7845,1025,611,6502,7369,15987,128,1990,2652,825,16258,113,1757,1255,5034,0
11-12-2021,11302,3909,2081,1011,7848,1025,611,6509,7369,15989,128,1990,2652,825,16265,113,1757,1256,5033,0
11-13-2021,11302,3909,2081,1011,7848,1025,611,6509,7369,15989,128,1990,2652,825,16265,113,1757,1256,5033,0
