Admin2,,,,,,,,,,,,,,,,,,,,,,,,,,,,,,,,,,,,,,,,,,,,,,,,,
Province/State,Aichi,Akita,Aomori,Chiba,Ehime,Fukui,Fukuoka,Fukushima,Gifu,Gunma,Hiroshima,Hokkaido,Hyogo,Ibaraki,Ishikawa,Iwate,Kagawa,Kagoshima,Kanagawa,Kochi,Kumamoto,Kyoto,Mie,Miyagi,Miyazaki,Nagano,Nagasaki,Nara,Niigata,Oita,Okayama,Okinawa,Osaka,Port Quarantine,Saga,Saitama,Shiga,Shimane,Shizuoka,Tochigi,Tokushima,Tokyo,Tottori,Toyama,Unknown,Wakayama,Yamagata,Yamaguchi,Yamanashi
Country/Region,Japan,Japan,Japan,Japan,Japan,Japan,Japan,Japan,Japan,Japan,Japan,Japan,Japan,Japan,Japan,Japan,Japan,Japan,Japan,Japan,Japan,Japan,Japan,Japan,Japan,Japan,Japan,Japan,Japan,Japan,Japan,Japan,Japan,Japan,Japan,Japan,Japan,Japan,Japan,Japan,Japan,Japan,Japan,Japan,Japan,Japan,Japan,Japan,Japan
07-18-2020,34,0,1,46,5,8,33,0,7,19,3,102,45,10,27,0,0,0,98,3,3,18,1,1,0,0,1,2,0,1,0,7,86,1,0,68,1,0,1,0,1,326,0,22,0,3,1,0,1
07-19-2020,34,0,1,46,5,8,33,0,7,19,3,102,45,10,27,0,0,0,98,3,3,18,1,1,0,0,1,2,0,1,0,7,86,1,0,68,1,0,1,0,1,326,0,22,0,3,1,0,1
07-20-2020,34,0,1,46,5,8,33,0,7,19,3,102,45,10,27,0,0,0,98,3,3,18,1,1,0,0,1,2,0,1,0,7,86,1,0,69,1,0,1,0,1,327,0,22,0,3,1,0,1
07-21-2020,34,0,1,46,5,8,33,0,7,19,3,102,45,10,27,0,0,0,98,3,3,18,1,1,0,0,1,2,0,1,0,7,86,1,0,69,1,0,1,0,1,327,0,22,0,3,1,0,1
07-22-2020,35,0,1,46,5,8,33,0,7,19,3,102,45,10,27,0,0,0,98,3,3,18,1,1,0,0,1,2,0,1,0,7,86,1,0,70,1,0,1,0,1,327,0,22,0,3,1,0,1
07-23-2020,35,0,1,46,5,8,33,0,7,19,3,103,45,10,27,0,0,0,98,3,3,18,1,1,0,0,1,2,0,1,0,7,86,1,0,71,1,0,1,0,1,327,0,22,0,3,1,0,1
07-24-2020,35,0,1,46,5,8,33,0,7,19,3,103,45,10,27,0,0,0,98,3,3,19,1,1,0,0,1,2,0,1,0,7,86,1,0,72,1,0,1,0,1,327,0,22,0,3,1,0,1
07-25-2020,35,0,1,46,5,8,33,0,7,19,3,103,45,10,27,0,0,0,98,3,3,19,1,1,0,0,2,2,0,1,0,7,86,1,0,72,1,0,1,0,1,328,0,22,0,3,1,0,1
07-26-2020,35,0,1,46,5,8,33,0,7,19,3,103,45,10,27,0,0,0,98,3,3,19,1,1,0,0,2,2,0,1,0,7,88,1,0,72,1,0,1,0,1,328,0,22,0,3,1,0,1
07-27-2020,35,0,1,46,5,8,33,0,7,19,3,103,45,10,27,0,0,0,98,3,3,19,1,1,0,0,2,2,0,1,0,7,88,1,0,72,1,0,1,0,1,328,0,22,0,3,1,0,1
07-28-2020,35,0,1,48,5,8,33,0,7,19,3,103,45,10,27,0,0,1,98,3,3,19,1,1,0,0,2,2,0,1,0,7,88,1,0,72,1,0,1,0,1,328,0,22,0,3,1,0,1
07-29-2020,35,0,1,48,5,8,33,0,7,19,3,103,45,10,27,0,0,1,98,3,3,19,1,1,0,0,2,2,0,1,0,7,88,1,0,72,1,0,1,0,1,328,0,22,0,3,1,0,1
07-30-2020,35,0,1,48,5,8,33,0,7,19,3,103,45,10,27,0,0,1,99,3,3,20,1,1,0,0,2,2,0,1,0,7,89,1,0,73,1,0,1,0,1,330,0,22,0,3,1,0,1
07-31-2020,35,0,1,48,5,8,33,0,7,19,3,103,45,10,27,0,0,1,99,3,3,20,1,1,0,0,2,2,0,1,0,7,89,1,0,74,1,0,1,0,1,330,0,22,0,3,1,0,1
08-01-2020,35,0,1,49,5,8,34,0,7,19,3,103,45,10,27,0,0,1,99,3,3,20,1,1,0,0,2,2,0,1,0,7,89,1,0,74,1,0,1,0,1,332,0,22,0,3,1,0,1
08-02-2020,35,0,1,49,5,8,34,0,7,19,3,103,45,10,27,0,0,1,99,3,3,20,1,1,0,0,2,2,0,1,0,7,90,1,0,74,1,0,1,0,1,332,0,22,0,3,1,0,1
08-03-2020,35,0,1,50,5,8,35,0,7,19,3,103,45,10,27,0,0,1,99,3,4,20,1,1,0,0,2,2,0,1,0,7,91,1,0,74,1,0,1,0,1,333,0,22,0,3,1,0,1
08-04-2020,35,0,1,50,5,8,35,0,7,19,3,103,45,10,27,0,0,2,99,3,4,21,1,1,0,0,2,2,0,1,0,7,92,1,0,76,1,0,1,0,1,333,0,22,0,3,1,0,1
08-05-2020,36,0,1,51,5,8,35,0,7,19,3,103,46,10,27,0,0,2,99,3,5,21,1,1,0,0,2,2,0,1,0,7,92,1,0,77,1,0,1,0,1,333,0,22,0,3,1,0,1
08-06-2020,36,0,1,51,5,8,35,0,7,19,3,103,47,10,27,0,0,2,101,3,5,21,1,1,0,0,2,2,0,1,0,7,93,1,0,79,1,0,1,0,1,333,0,22,0,3,1,0,1
08-07-2020,36,0,1,52,5,8,36,0,7,19,3,103,47,10,27,0,0,3,103,3,5,21,1,1,0,0,3,2,0,1,0,7,95,1,0,79,1,0,1,0,1,333,0,22,0,3,1,0,1
08-08-2020,36,0,1,52,5,8,36,0,7,19,3,103,47,10,27,0,0,3,103,3,5,21,1,1,0,0,3,2,0,1,0,7,95,1,0,79,1,0,1,0,1,333,0,22,0,3,1,0,1
08-09-2020,36,0,1,54,5,8,37,0,7,19,3,103,47,10,28,0,0,3,103,3,5,21,1,1,0,0,3,2,0,1,0,7,95,1,0,79,2,0,1,0,1,333,0,22,0,3,1,0,1
08-10-2020,36,0,1,54,5,8,37,0,7,19,3,103,47,10,28,0,0,3,103,3,5,21,1,1,0,0,3,2,0,1,0,10,95,1,0,79,2,0,1,0,1,334,0,22,0,4,1,0,1
08-11-2020,37,0,1,55,5,8,38,0,7,19,3,103,47,10,28,0,0,3,104,3,5,21,1,1,0,0,3,2,0,1,0,10,96,1,0,79,2,0,1,1,1,334,0,22,0,4,1,0,1
08-12-2020,38,0,1,55,5,8,38,0,7,19,3,103,47,11,28,0,0,4,104,3,5,21,1,1,0,0,3,2,0,1,0,10,97,1,0,80,3,0,1,1,1,336,0,22,0,4,1,0,1
08-13-2020,39,0,1,55,6,8,39,0,7,19,3,103,47,11,28,0,0,4,105,3,5,21,1,1,0,0,3,3,0,1,0,10,97,1,0,80,3,0,1,1,1,338,0,22,0,4,1,0,1
08-14-2020,39,0,1,56,6,8,39,0,7,19,3,103,48,11,28,0,0,4,105,3,5,21,1,1,0,0,3,3,0,1,0,10,102,1,0,80,3,0,1,1,1,338,0,22,0,4,1,0,1
08-15-2020,43,0,1,56,6,8,39,0,7,19,3,103,48,11,28,0,0,4,105,3,6,21,1,1,1,0,3,3,0,1,0,11,106,1,0,82,3,0,1,1,1,338,0,22,0,4,1,0,1
08-16-2020,44,0,1,56,6,8,41,0,7,19,3,103,48,10,29,0,0,6,105,3,6,21,1,1,1,0,3,3,0,1,0,13,106,1,0,82,4,0,1,1,1,340,0,22,0,4,1,0,1
08-17-2020,45,0,1,58,6,8,42,0,8,19,3,103,48,10,29,0,0,7,106,3,6,21,2,1,1,0,3,3,0,1,0,14,106,1,0,82,4,0,1,1,1,340,0,22,0,4,1,0,1
08-18-2020,46,0,1,58,6,8,45,0,8,19,3,103,48,10,29,0,1,7,106,3,7,21,2,2,1,0,3,3,0,1,0,14,117,1,0,83,4,0,1,1,1,344,0,22,0,4,1,0,1
08-19-2020,48,0,1,58,6,8,45,0,8,19,3,103,48,11,29,0,1,7,106,3,7,21,2,2,1,0,3,3,0,1,0,15,122,1,0,84,4,0,1,1,1,347,0,22,0,4,1,0,1
08-20-2020,48,0,1,58,6,8,46,0,8,19,3,103,48,11,30,0,1,8,107,3,7,21,2,2,1,0,3,3,0,1,0,17,123,1,0,85,4,0,1,1,2,347,0,22,0,4,1,0,1
08-21-2020,52,0,1,59,6,8,46,0,9,19,3,103,49,11,30,0,1,8,108,3,7,21,2,2,1,0,3,3,0,1,0,18,128,1,0,85,4,0,1,1,2,350,0,22,0,5,1,0,1
08-22-2020,52,0,1,59,6,8,47,0,9,19,3,103,49,11,30,0,1,8,108,3,7,21,2,2,1,0,3,3,0,1,0,18,129,1,0,86,4,0,1,1,2,350,0,23,0,5,1,0,1
08-23-2020,55,0,1,59,6,8,49,0,9,19,3,103,49,11,31,0,1,9,108,3,7,21,2,2,1,0,3,3,0,1,0,19,129,1,0,86,4,0,1,1,3,350,0,23,0,5,1,0,1
08-24-2020,55,0,1,59,6,8,50,0,9,19,3,103,49,11,31,0,1,9,112,3,7,21,2,2,1,0,3,3,0,1,0,23,131,1,0,86,4,0,1,1,3,352,0,23,0,5,1,0,1
08-25-2020,56,0,1,60,6,8,51,0,9,19,3,103,49,12,31,0,1,9,115,3,7,22,2,2,1,0,3,4,0,1,0,24,137,1,0,86,4,0,1,1,3,354,0,23,0,5,1,0,1
08-26-2020,58,0,1,61,6,8,52,0,9,19,3,103,50,12,31,0,1,11,116,3,7,22,2,2,1,0,3,5,0,1,0,25,136,1,0,86,4,0,1,1,3,356,0,23,0,5,1,0,1
08-27-2020,60,0,1,61,6,8,52,0,9,19,3,103,51,12,33,0,1,11,116,3,7,22,2,2,1,0,3,5,0,1,0,26,138,1,0,87,4,0,1,1,4,356,0,23,0,5,1,0,2
08-28-2020,61,0,1,61,6,8,54,0,9,19,3,103,53,13,33,0,1,11,116,3,7,22,2,2,1,0,3,5,0,1,0,26,138,1,0,88,4,0,1,1,4,358,0,23,0,5,1,0,3
08-29-2020,64,0,1,61,6,8,58,0,9,19,3,103,53,13,33,0,1,11,118,3,7,22,2,2,1,0,3,5,0,1,0,26,147,1,0,89,5,0,1,1,4,358,0,23,0,5,1,0,3
08-30-2020,65,0,1,62,6,8,59,0,9,19,3,103,53,13,33,0,1,11,122,3,7,23,2,2,1,0,3,5,0,1,1,27,148,1,0,89,5,0,1,1,4,360,0,24,0,5,1,0,3
08-31-2020,65,0,1,62,6,8,61,0,10,19,3,103,53,13,33,0,1,11,123,3,7,23,2,2,1,0,3,6,0,1,1,28,152,1,0,89,5,0,1,1,4,363,0,24,0,5,1,0,3
09-01-2020,68,0,1,62,6,8,62,0,10,19,3,103,53,13,33,0,1,11,124,3,7,23,2,2,1,1,3,6,0,2,1,28,155,1,0,90,6,0,1,1,4,364,0,25,0,5,1,0,4
09-02-2020,71,0,1,63,6,8,63,0,10,19,3,104,53,14,34,0,1,11,124,3,7,25,2,2,1,1,3,7,0,2,1,29,157,1,0,90,6,0,1,1,4,364,0,25,0,5,1,0,4
09-03-2020,72,0,1,63,6,8,64,0,10,19,3,104,53,14,34,0,1,11,126,3,7,25,2,2,1,1,3,7,0,2,1,31,157,1,0,90,7,0,1,1,4,364,0,25,0,5,1,0,4
09-04-2020,73,0,1,63,6,8,66,0,10,19,3,104,54,14,37,0,1,11,126,3,7,25,2,2,1,1,3,8,0,2,1,31,161,1,0,90,7,0,1,1,4,369,0,25,0,5,1,0,5
09-05-2020,73,0,1,63,6,8,67,0,10,19,3,105,54,14,38,0,1,11,126,3,7,25,2,2,1,1,3,8,0,2,1,32,163,1,0,93,7,0,1,1,4,369,0,25,0,5,1,0,5
09-06-2020,74,0,1,64,6,8,68,0,10,19,3,105,54,14,38,0,1,11,126,3,7,25,3,2,1,1,3,8,0,2,1,32,163,1,0,93,7,0,1,1,5,369,0,25,0,5,1,0,5
09-07-2020,74,0,1,64,6,8,68,0,10,19,3,105,54,14,39,0,2,11,126,3,8,25,3,2,1,1,3,8,0,2,1,36,166,1,0,94,7,0,1,1,5,369,0,25,0,5,1,0,5
09-08-2020,74,0,1,64,6,8,73,0,10,19,3,105,54,14,39,0,2,11,126,3,8,25,4,2,1,1,3,8,0,2,1,38,168,1,0,95,7,0,1,1,6,378,0,25,0,5,1,0,5
09-09-2020,74,0,1,65,6,8,73,0,10,19,3,105,54,14,40,0,2,11,126,3,8,25,4,2,1,1,3,8,0,2,1,41,171,1,0,97,7,0,1,1,8,379,0,25,0,5,1,1,5
09-10-2020,74,0,1,66,6,8,74,0,10,19,3,106,54,14,41,0,2,11,126,3,8,25,4,2,1,1,3,8,0,2,1,41,171,1,0,97,7,0,1,1,8,379,0,25,0,5,1,1,5
09-11-2020,75,0,1,66,6,8,77,0,10,19,3,106,55,14,42,0,2,11,126,3,8,25,5,2,1,1,3,8,0,2,1,41,175,1,0,97,7,0,1,1,8,380,0,25,0,5,1,1,5
09-12-2020,75,0,1,67,6,8,78,0,10,19,3,106,55,15,42,0,2,11,127,4,8,25,5,2,1,1,3,8,0,2,1,45,177,1,0,97,7,0,1,1,8,382,0,25,0,5,1,1,5
09-13-2020,76,0,1,67,6,8,79,0,10,19,3,106,55,15,42,0,2,11,128,4,8,25,5,2,1,1,3,8,0,2,1,45,179,1,0,97,7,0,3,1,8,382,0,25,0,5,1,1,5
09-14-2020,76,0,1,67,6,8,79,0,10,19,3,106,55,16,43,0,2,11,130,4,8,25,5,2,1,1,3,9,0,2,1,45,180,1,0,97,7,0,2,1,8,384,0,25,0,5,1,1,5
09-15-2020,77,0,1,67,6,8,80,0,10,19,3,106,55,16,43,0,2,11,130,4,8,25,5,2,1,1,3,9,0,2,1,45,186,1,0,97,7,0,2,1,8,384,0,25,0,5,1,1,5
09-16-2020,77,0,1,67,6,9,87,0,10,19,3,106,55,16,44,0,2,11,131,4,8,25,5,2,1,1,3,9,0,2,1,45,188,1,0,97,7,0,2,1,9,389,0,25,0,5,1,1,5
09-17-2020,77,0,1,67,6,9,87,2,10,19,3,106,56,16,44,0,2,12,136,4,8,25,5,2,1,1,3,9,0,2,1,45,188,1,0,97,7,0,2,1,9,389,0,25,0,5,1,1,5
09-18-2020,78,0,1,68,6,9,89,2,10,19,3,106,56,16,44,0,2,12,136,4,8,25,5,2,1,1,3,9,0,2,1,45,190,1,0,99,7,0,2,1,9,390,0,25,0,5,1,1,6
09-19-2020,79,0,1,68,6,9,89,2,10,19,3,106,56,16,44,0,2,12,136,4,8,25,5,2,1,1,3,9,0,2,1,45,192,1,0,100,7,0,2,1,9,390,0,25,0,5,1,1,6
09-20-2020,81,0,1,68,6,10,89,2,10,19,3,106,57,16,44,0,2,12,136,4,8,25,5,2,1,1,3,9,0,2,1,45,192,1,0,100,7,0,2,1,9,390,0,25,0,5,1,1,6
09-21-2020,81,0,1,68,6,10,91,2,10,19,3,108,57,16,45,0,2,12,136,4,8,25,6,2,1,1,3,9,0,2,1,45,194,1,0,100,7,0,2,1,9,391,0,25,0,5,1,2,6
09-22-2020,81,0,1,68,6,10,91,2,10,19,3,107,57,17,45,0,2,12,137,4,8,25,6,2,1,1,3,9,0,2,1,45,194,1,0,100,8,0,2,1,9,391,0,25,0,4,1,2,6
09-23-2020,83,0,1,68,6,10,92,2,10,19,3,107,57,17,46,0,2,12,137,4,8,25,6,2,1,1,3,9,0,2,1,45,195,1,0,100,8,0,2,1,9,392,0,25,0,4,1,2,6
09-24-2020,83,0,1,70,6,10,94,2,10,19,3,107,57,17,46,0,2,12,137,4,8,25,6,2,1,1,3,9,0,2,1,45,203,1,0,100,8,0,2,1,9,395,0,25,0,4,1,2,6
09-25-2020,83,0,1,70,6,10,95,2,10,19,3,107,59,17,46,0,2,12,137,4,8,25,6,2,1,1,3,9,0,2,1,45,200,1,0,100,8,0,2,1,9,399,0,25,0,4,1,2,6
09-26-2020,83,0,1,70,6,10,95,2,10,19,3,107,59,17,46,0,2,12,137,4,8,25,6,2,1,1,3,9,0,2,1,46,201,1,0,100,8,0,2,1,9,400,0,25,0,4,1,2,6
09-27-2020,83,0,1,70,6,10,95,2,10,19,3,107,59,17,47,0,2,12,137,4,8,25,6,2,1,1,3,9,0,2,1,46,201,1,0,101,8,0,2,1,9,400,0,25,0,4,1,2,6
09-28-2020,83,0,1,70,6,11,96,3,10,19,3,107,59,17,47,0,2,12,138,4,8,25,6,2,1,1,3,9,0,2,1,46,203,1,0,101,8,0,2,1,9,406,0,25,0,4,1,2,6
09-29-2020,84,0,1,71,6,11,97,3,10,19,3,107,59,17,47,0,2,12,139,4,8,25,6,2,1,1,3,9,0,2,1,46,204,1,0,102,8,0,2,1,9,407,0,25,0,4,1,2,6
09-30-2020,86,0,1,71,6,11,98,3,10,19,3,107,59,17,47,0,2,12,139,4,8,25,6,2,1,1,3,9,0,2,1,46,206,1,0,102,8,0,2,1,9,408,0,26,0,4,1,2,6
10-01-2020,83,0,1,71,6,11,99,3,10,19,3,107,59,17,47,0,2,12,141,4,8,26,6,2,1,1,3,9,0,2,1,46,209,1,0,102,8,0,2,1,9,409,0,26,0,4,1,2,6
10-02-2020,83,0,1,72,6,11,99,3,10,19,3,107,59,18,47,0,2,12,144,4,8,26,6,2,1,1,3,9,0,2,1,46,215,1,0,102,8,0,2,1,9,409,0,26,0,4,1,2,6
10-03-2020,83,0,1,72,6,11,99,4,10,19,3,107,59,18,47,0,2,12,144,4,8,26,6,2,1,1,3,9,0,2,1,46,217,1,0,102,8,0,2,1,9,409,0,26,0,4,1,2,6
10-04-2020,83,0,1,72,6,11,99,4,10,19,3,107,59,18,47,0,2,12,144,4,8,26,6,2,1,1,3,9,0,2,1,47,218,1,0,102,8,0,2,1,9,411,0,26,0,4,1,2,6
10-05-2020,83,0,1,72,6,11,99,4,10,19,3,107,59,18,47,0,2,12,145,4,8,26,6,2,1,1,3,9,0,2,1,47,219,1,0,102,8,0,2,1,9,413,0,26,0,4,1,2,6
10-06-2020,86,0,1,72,6,11,99,4,10,19,3,107,59,18,47,0,2,12,146,4,8,27,6,2,1,1,3,9,0,2,1,47,220,1,0,102,8,0,2,1,9,414,0,26,0,4,1,2,6
10-07-2020,86,0,1,72,6,11,99,4,10,19,3,107,59,18,47,0,2,12,148,4,8,27,6,2,1,1,3,9,0,2,1,47,221,1,0,102,8,0,2,1,9,416,0,26,0,4,1,2,6
10-08-2020,86,0,1,72,6,11,99,4,10,19,3,107,59,18,47,0,2,12,150,4,8,27,6,2,1,1,3,9,0,2,1,47,221,1,0,102,8,0,2,1,9,417,0,26,0,4,1,2,6
10-09-2020,86,0,1,72,6,11,99,4,10,19,3,107,59,18,47,0,2,12,151,4,8,27,6,2,1,1,3,9,0,2,1,48,221,1,0,102,8,0,2,1,9,421,0,26,0,4,1,2,6
10-10-2020,87,0,1,72,6,11,99,4,10,19,3,107,59,18,47,0,2,12,151,4,8,27,6,2,1,1,3,9,0,2,1,48,223,1,0,102,8,0,2,1,9,421,0,26,0,4,1,2,6
10-11-2020,87,0,1,73,6,11,99,5,10,19,3,107,59,18,47,0,2,12,151,4,8,27,6,2,1,1,3,9,0,2,1,48,223,1,0,102,8,0,2,1,9,421,0,26,0,4,1,2,6
10-12-2020,87,0,1,73,6,11,99,5,10,19,3,107,59,18,47,0,2,12,152,4,8,27,6,2,1,1,3,9,0,2,1,49,224,1,0,102,8,0,2,1,9,421,0,26,0,4,1,2,6
10-13-2020,87,0,1,74,6,11,99,5,10,19,3,107,59,18,47,0,2,12,152,4,8,27,6,2,1,2,3,9,0,2,1,49,224,1,0,102,8,0,2,1,9,423,0,26,0,4,1,2,6
10-14-2020,90,0,1,74,6,11,99,5,10,19,3,107,59,19,47,0,2,12,154,4,8,27,6,2,1,3,3,9,0,2,1,51,224,1,0,102,8,0,2,1,9,425,0,26,0,4,1,2,6
10-15-2020,90,0,1,75,6,11,99,5,10,19,4,107,59,19,47,0,2,12,154,4,8,27,6,2,1,3,3,9,0,2,1,51,224,1,0,102,8,0,2,1,9,427,0,26,0,4,1,2,6
10-16-2020,90,0,1,76,6,11,99,6,10,19,4,108,59,19,47,0,2,12,155,4,8,27,6,2,1,3,3,9,0,2,1,54,226,1,0,103,8,0,2,1,9,431,0,26,0,4,1,2,6
10-17-2020,90,0,1,76,6,11,99,6,10,19,4,108,60,19,47,0,2,12,155,4,8,27,6,2,1,4,3,9,0,2,1,54,227,1,0,103,8,0,2,1,9,434,0,26,0,4,1,2,6
10-18-2020,90,0,1,76,6,11,100,6,10,19,4,108,60,19,47,0,2,12,155,4,8,27,6,2,1,4,3,9,0,2,1,55,227,1,0,103,8,0,2,1,9,434,0,26,0,4,1,2,6
10-19-2020,90,0,1,76,6,11,100,6,10,19,4,108,60,19,47,0,2,12,155,4,8,28,6,2,1,4,3,9,0,2,1,55,227,1,1,103,8,0,2,1,9,436,0,26,0,4,1,2,6
10-20-2020,90,0,1,76,6,11,100,6,10,19,4,108,60,19,47,0,2,12,155,4,8,29,6,2,1,4,3,9,0,2,1,55,227,1,1,103,9,0,2,1,9,437,0,26,0,4,1,2,6
10-21-2020,90,0,1,76,6,11,100,6,10,19,5,108,60,19,47,0,2,12,156,4,8,29,6,2,1,4,3,9,0,2,1,56,229,1,1,103,9,0,2,1,9,439,0,26,0,4,1,2,6
10-22-2020,91,0,1,76,6,11,100,6,10,19,5,108,60,19,48,0,2,12,158,4,8,30,6,2,1,4,3,9,0,2,1,57,231,1,1,103,9,0,2,1,9,442,0,26,0,4,1,2,6
10-23-2020,91,0,1,76,6,11,101,6,11,19,5,108,60,19,49,0,2,12,161,4,8,30,6,2,1,4,3,9,0,2,1,58,232,1,1,104,9,0,2,1,9,442,0,26,0,4,1,2,6
10-24-2020,91,0,1,76,6,11,101,6,11,19,5,108,60,19,49,0,2,12,163,4,8,30,6,2,1,4,3,9,0,2,1,58,233,1,1,105,9,0,2,1,9,442,0,26,0,4,1,2,6
10-25-2020,91,0,1,77,6,11,101,6,11,19,5,109,60,19,49,0,2,12,164,4,8,30,6,2,1,4,3,9,0,2,1,58,234,1,1,105,9,0,2,1,9,444,0,26,0,4,1,2,6
10-26-2020,91,0,2,77,6,11,101,6,11,19,5,109,60,19,49,0,2,12,166,4,8,30,6,2,1,4,3,9,0,2,1,58,235,1,1,106,9,0,2,1,9,444,0,26,0,4,1,2,6
10-27-2020,91,0,2,78,6,11,101,6,11,19,5,109,61,19,49,0,2,12,167,4,8,30,6,2,1,4,3,9,0,2,2,58,235,1,1,106,9,0,2,1,9,445,0,26,0,4,1,2,6
10-28-2020,93,0,2,78,6,11,101,6,11,19,5,109,61,19,49,0,2,12,168,4,8,30,6,2,1,4,3,9,0,2,3,58,236,1,1,106,9,0,2,1,9,445,0,26,0,4,1,2,6
10-29-2020,93,0,2,78,6,11,101,6,11,19,5,109,62,19,49,0,2,12,171,4,8,30,6,2,1,4,3,9,0,3,4,60,236,1,0,106,9,0,2,1,9,455,0,26,0,4,1,2,6
10-30-2020,94,0,3,79,6,11,101,6,11,19,5,109,62,19,49,0,2,12,171,4,8,30,6,2,1,4,3,10,0,3,4,61,237,1,0,106,9,0,2,1,9,457,0,26,0,4,1,2,6
10-31-2020,94,0,4,80,6,11,102,6,11,19,5,110,62,19,49,0,2,13,172,4,8,30,6,2,1,4,3,10,0,3,4,63,241,1,0,107,9,0,2,1,9,457,0,26,0,4,1,2,6
11-01-2020,94,0,4,81,6,11,103,6,11,19,5,110,62,19,49,0,2,13,172,4,8,30,6,2,1,6,3,10,0,3,5,63,243,1,0,107,9,0,2,1,9,457,0,26,0,4,1,2,6
11-02-2020,94,0,4,81,6,11,103,6,11,19,5,110,64,19,49,0,2,13,174,4,8,30,6,2,1,6,3,10,0,3,5,63,245,1,0,108,9,0,2,1,9,461,0,26,0,4,1,2,6
11-03-2020,94,0,4,81,6,11,103,6,11,20,5,112,65,19,49,0,2,13,174,4,8,30,6,2,1,6,3,10,0,3,6,63,246,1,0,109,9,0,2,1,9,461,0,26,0,4,1,2,6
11-04-2020,94,0,4,81,6,11,103,6,12,20,5,112,66,19,49,0,2,13,174,4,8,30,6,3,1,6,3,10,0,3,7,63,246,1,0,110,9,0,2,1,9,461,0,26,0,4,1,2,6
11-05-2020,95,0,4,81,6,11,103,6,12,20,5,112,66,19,49,0,2,13,174,4,8,30,6,3,1,6,3,10,0,3,7,64,248,1,0,111,9,0,2,1,9,463,0,26,0,4,1,2,6
11-06-2020,95,0,4,82,6,11,103,6,12,20,5,113,66,19,49,0,2,13,175,4,9,30,6,3,1,6,3,10,0,3,7,64,248,1,0,111,9,0,2,1,9,463,0,26,0,4,1,2,6
11-07-2020,95,0,4,82,6,11,103,6,12,20,5,113,66,19,49,0,2,13,178,4,9,30,6,4,1,6,3,10,0,3,7,64,248,1,0,112,9,0,2,1,9,463,0,26,0,4,1,2,6
11-08-2020,96,0,4,82,6,11,103,6,12,20,5,114,66,19,49,0,2,13,179,4,9,30,6,4,1,6,3,11,0,3,7,65,248,1,1,112,9,0,2,1,9,463,0,26,0,4,1,2,6
11-09-2020,96,0,5,82,6,11,103,6,12,20,5,115,68,19,49,0,2,13,179,4,9,30,6,5,1,6,3,11,0,3,10,65,252,1,1,112,9,0,2,1,9,464,0,26,0,4,1,2,6
11-10-2020,96,0,5,83,6,11,103,6,12,20,5,117,68,19,49,0,2,13,181,4,9,30,6,5,1,6,3,11,0,3,10,65,252,1,1,113,9,0,2,1,9,464,0,26,0,4,1,2,6
11-11-2020,96,0,5,83,6,11,103,6,12,20,5,120,70,19,49,0,2,13,182,4,9,31,6,5,1,6,3,11,0,3,10,65,252,1,1,113,9,0,2,1,9,464,0,26,0,4,1,2,6
11-12-2020,96,0,6,83,6,11,103,6,12,20,5,122,70,19,49,0,2,13,183,4,9,31,6,7,1,6,3,11,0,3,10,66,252,1,1,113,9,0,2,1,9,464,0,26,0,4,1,2,6
11-13-2020,96,0,6,84,6,11,103,6,12,20,5,123,70,19,49,0,2,13,183,4,9,32,6,7,1,6,3,11,0,3,10,66,252,1,1,118,9,0,3,2,9,464,0,26,0,4,1,2,6
11-14-2020,96,0,6,84,6,11,103,6,12,20,5,123,70,19,49,0,2,13,183,4,9,32,6,7,1,6,3,11,0,3,10,66,253,1,1,118,9,0,3,2,9,464,0,26,0,4,1,2,6
11-15-2020,96,0,6,84,6,11,103,6,12,20,5,126,70,19,49,0,2,15,183,4,10,33,6,7,1,6,3,11,0,3,10,66,254,1,1,118,9,0,4,2,9,464,0,26,0,4,1,2,6
11-16-2020,96,0,6,84,6,11,103,6,13,20,5,128,71,19,49,0,2,15,183,4,10,33,6,7,1,6,3,11,0,3,10,66,257,1,1,120,9,0,4,2,9,464,0,26,0,4,1,2,6
11-17-2020,96,0,6,84,6,11,104,6,13,20,5,130,73,19,49,0,2,15,184,4,10,34,6,7,1,6,3,11,0,3,10,66,257,1,1,121,9,0,4,2,9,468,0,26,0,4,1,2,6
11-18-2020,98,0,6,84,6,11,104,6,13,20,6,133,74,19,49,0,2,15,184,4,10,34,6,8,1,6,3,11,0,3,11,67,257,1,1,124,9,0,4,2,9,468,0,26,0,4,1,2,6
11-19-2020,98,0,6,84,6,11,105,6,13,20,6,138,74,20,49,0,2,15,185,4,11,34,6,8,1,6,3,11,0,3,11,68,257,1,1,126,9,0,4,2,9,468,0,26,0,4,1,2,6
11-20-2020,98,0,6,85,6,11,105,6,14,20,6,138,77,20,49,0,2,15,185,4,11,34,6,8,1,6,3,11,0,3,11,70,257,1,1,129,9,0,4,2,9,468,0,26,0,4,1,2,6
11-21-2020,98,0,6,85,6,11,105,6,14,20,6,138,77,20,49,0,2,15,185,4,13,34,6,8,1,6,3,11,0,3,11,70,257,1,1,129,9,0,4,2,9,468,0,26,0,4,1,2,6
11-22-2020,99,0,6,85,6,11,105,6,14,20,6,141,77,20,49,0,2,15,186,4,13,34,6,8,1,6,3,11,0,3,11,70,262,1,1,130,9,0,4,2,9,468,0,26,0,4,1,2,6
11-23-2020,101,0,6,85,6,11,105,6,14,20,6,144,77,20,49,1,2,15,186,4,13,34,6,8,1,6,3,11,0,3,11,70,262,1,1,130,9,0,4,2,9,468,0,26,0,4,1,2,6
11-24-2020,101,1,6,85,6,11,106,6,14,20,6,150,77,20,49,1,2,15,189,4,13,35,6,8,1,6,3,11,0,3,11,70,262,1,1,132,9,0,4,2,9,468,0,26,0,4,1,2,6
11-25-2020,103,1,6,85,6,11,106,6,14,20,6,156,77,20,49,1,2,15,190,4,13,36,6,8,1,6,3,11,0,3,11,70,265,1,1,135,9,0,5,2,9,471,0,26,0,4,1,2,6
11-26-2020,103,1,6,85,6,11,106,6,14,20,6,163,77,20,49,1,2,15,190,4,13,36,6,8,1,6,3,11,0,3,11,70,265,1,1,135,9,0,6,2,9,474,0,26,0,6,1,2,6
11-27-2020,105,1,6,85,6,11,106,6,15,20,6,172,78,20,51,1,2,15,192,4,14,36,6,9,1,6,3,11,0,3,11,70,270,1,1,136,9,0,9,2,9,477,0,26,0,6,1,2,7
11-28-2020,105,1,6,85,6,11,106,6,15,20,6,176,78,22,51,1,2,15,192,4,14,36,6,9,1,6,3,11,0,3,11,70,278,1,1,136,9,0,9,2,9,477,0,26,0,6,1,2,7
11-29-2020,106,1,6,85,6,11,106,6,15,20,6,181,78,22,51,3,2,15,192,4,14,36,6,9,1,6,3,11,0,3,11,71,284,1,1,136,9,0,9,2,9,477,0,26,0,6,1,2,7
11-30-2020,109,1,6,86,6,11,107,7,15,20,6,181,79,22,51,3,2,15,194,4,14,38,6,9,1,6,3,11,0,3,11,71,288,1,1,138,9,0,10,2,9,477,0,26,0,6,1,2,8
12-01-2020,109,1,6,88,6,11,107,7,15,20,6,195,82,24,51,4,2,15,195,4,14,38,6,9,1,6,3,11,0,3,11,71,294,1,2,141,9,0,10,2,9,477,0,26,0,6,1,2,8
12-02-2020,109,1,6,89,6,11,107,9,15,20,6,200,85,24,51,4,2,15,198,4,14,38,7,9,1,6,3,12,0,3,11,71,301,1,2,143,10,0,11,2,9,482,0,26,0,6,1,2,8
12-03-2020,110,1,6,89,6,11,107,9,15,20,6,211,85,24,51,4,2,15,204,4,14,38,8,9,1,6,3,12,0,3,11,71,309,1,2,145,11,0,12,2,9,484,0,26,0,6,1,2,8
12-04-2020,113,1,6,89,6,11,108,9,15,20,6,224,86,24,51,4,2,15,208,4,14,38,8,9,1,6,3,12,0,3,11,74,314,1,2,150,11,0,13,2,9,484,0,26,0,6,1,2,8
12-05-2020,115,1,6,90,6,11,108,9,15,20,6,228,86,24,51,4,3,15,210,4,14,38,8,9,1,6,3,12,0,3,11,74,320,1,2,150,11,0,13,2,9,486,0,26,0,7,1,2,8
12-06-2020,118,1,6,91,6,11,108,9,15,20,6,243,87,24,51,4,3,15,212,4,14,38,8,9,1,6,3,12,0,3,11,76,321,1,2,153,11,0,15,2,9,486,0,26,0,7,1,2,8
12-07-2020,120,1,6,92,6,11,108,9,15,21,6,249,91,24,51,6,3,15,214,4,14,38,9,10,1,6,3,12,0,3,11,77,330,1,2,156,11,0,16,2,9,492,0,26,0,7,1,2,8
12-08-2020,123,1,6,94,6,11,108,9,16,22,7,258,94,25,51,6,3,15,216,4,14,38,9,10,2,6,3,12,1,3,11,77,330,1,2,159,11,0,17,2,9,498,0,26,0,7,1,2,8
12-09-2020,123,1,6,94,7,11,108,9,17,22,7,274,95,25,51,6,3,15,217,4,14,38,9,11,2,6,3,12,1,3,11,78,339,1,2,164,11,0,17,3,9,503,0,26,0,7,1,2,8
12-10-2020,125,1,6,94,7,11,108,9,17,22,7,279,96,26,51,8,3,15,217,4,14,39,9,11,4,6,3,12,1,3,11,78,339,1,3,165,11,0,17,3,10,505,0,26,0,7,1,2,8
12-11-2020,127,1,6,96,8,11,108,9,20,22,7,289,99,27,51,8,3,15,219,4,14,40,10,11,4,6,3,12,2,3,11,78,355,1,3,167,11,0,18,3,10,510,0,26,0,7,1,2,8
12-12-2020,127,1,6,96,8,11,108,9,21,24,7,295,103,27,51,8,3,15,219,4,14,40,11,11,4,6,3,13,2,3,11,78,355,1,3,167,11,0,19,3,10,510,0,26,0,7,1,2,8
12-13-2020,128,1,6,96,8,11,108,9,21,24,8,302,103,29,51,9,3,15,219,4,14,40,11,11,4,6,3,14,2,3,11,78,360,1,3,168,11,0,19,3,10,510,0,26,0,7,1,2,8
12-14-2020,129,1,6,96,9,11,109,9,21,25,10,317,104,32,51,10,3,15,220,4,14,40,11,11,4,6,3,14,2,3,11,80,374,1,3,170,11,0,20,3,10,513,0,26,0,7,1,2,8
12-15-2020,131,1,6,99,9,11,109,9,22,26,10,328,109,33,51,12,3,15,221,4,14,41,12,11,4,7,3,14,3,3,11,80,384,1,3,171,11,0,20,3,10,522,0,26,0,7,1,2,8
12-16-2020,134,1,6,100,9,11,109,10,22,26,11,339,117,33,51,12,3,15,223,4,14,41,13,11,5,7,3,14,3,3,12,80,384,1,3,171,11,0,22,3,10,532,0,26,0,7,1,2,8
12-17-2020,136,1,6,102,9,11,109,10,22,26,12,345,120,35,51,12,3,15,224,5,14,41,14,11,5,7,3,14,3,3,12,80,396,1,3,174,11,0,25,3,10,532,0,26,0,7,2,2,8
12-18-2020,140,1,6,102,9,11,109,11,23,27,12,358,122,35,51,14,3,15,229,5,14,41,14,11,5,9,3,14,3,4,12,80,406,1,3,174,11,0,25,4,10,536,0,26,0,7,2,2,9
12-19-2020,141,1,6,104,10,11,110,11,24,28,12,368,122,35,51,16,3,15,231,5,14,41,14,11,6,9,3,15,3,4,12,80,415,1,3,174,11,0,26,5,10,541,0,26,0,7,3,2,9
12-20-2020,146,1,6,104,11,11,112,11,24,30,14,373,125,35,51,18,3,15,232,5,14,41,14,11,6,10,3,19,3,5,12,80,421,1,3,174,11,0,26,5,10,541,0,26,0,7,3,2,9
12-21-2020,151,1,6,104,11,11,113,12,24,31,14,381,131,35,51,18,3,15,236,5,15,42,14,11,6,10,3,20,3,5,13,82,432,1,3,177,11,0,28,5,10,542,0,26,0,7,3,2,9
12-22-2020,157,1,6,104,11,11,113,12,25,31,15,388,135,35,51,20,3,15,238,6,17,42,14,11,6,10,3,20,3,5,13,82,444,1,3,180,11,0,30,5,10,542,0,26,0,7,3,3,9
12-23-2020,160,1,6,105,11,11,114,16,26,31,18,398,138,36,51,20,3,15,243,6,17,42,14,12,6,10,3,20,3,5,13,83,459,1,3,183,11,0,32,5,10,552,0,26,0,7,3,3,9
12-24-2020,168,1,6,107,11,11,114,16,27,33,18,398,141,36,51,22,3,15,243,6,17,42,14,12,6,10,3,20,3,5,13,83,466,1,3,183,11,0,32,6,10,552,0,26,0,7,3,3,9
12-25-2020,169,1,6,107,11,11,114,16,28,33,19,406,156,36,51,22,3,15,249,6,17,44,14,12,6,11,3,21,3,5,13,83,474,1,3,183,11,0,34,6,10,552,0,26,0,7,4,3,11
12-26-2020,175,1,7,109,11,11,114,16,29,33,19,410,164,36,51,22,3,15,250,6,17,44,15,13,6,11,3,21,3,5,13,83,485,1,3,183,11,0,34,6,10,562,0,26,0,7,4,3,11
12-27-2020,175,1,7,109,11,11,114,16,31,33,21,417,172,36,51,22,3,15,251,6,17,44,15,13,6,11,3,22,3,5,14,84,493,1,3,189,11,0,35,6,10,562,0,26,0,7,4,3,11
12-28-2020,182,1,7,109,12,11,114,18,31,38,23,422,180,37,51,22,3,15,251,6,17,44,15,13,6,11,3,22,3,5,14,84,506,1,3,189,11,0,35,7,10,568,0,26,0,7,5,3,11
12-29-2020,186,1,8,110,12,11,114,18,31,38,26,422,190,37,51,23,3,15,251,6,17,47,15,14,7,12,3,22,3,5,14,84,511,1,3,195,11,0,37,7,10,573,0,26,0,7,5,3,11
12-30-2020,189,1,8,110,13,11,114,19,31,41,26,425,201,37,51,24,3,15,251,6,18,49,16,15,7,13,4,24,3,5,15,84,519,1,3,196,11,0,38,7,10,577,0,26,0,7,5,3,11
12-31-2020,194,1,8,111,13,12,114,19,32,42,32,430,203,37,52,24,3,15,254,7,18,50,17,15,9,13,4,24,3,6,15,84,528,1,3,198,11,0,38,7,10,582,0,26,0,7,6,3,11
01-01-2021,196,1,8,114,13,12,114,20,33,43,34,433,212,39,52,24,3,15,258,8,19,50,17,15,10,13,4,24,3,6,15,84,537,1,3,201,12,0,38,7,10,586,0,26,0,7,8,3,11
01-02-2021,198,1,8,114,13,12,114,20,35,43,38,437,213,39,52,24,3,15,261,8,19,54,17,15,10,14,4,24,3,6,15,84,543,1,3,201,12,0,38,7,10,586,0,26,0,7,8,3,11
01-03-2021,204,1,8,117,13,12,115,20,36,44,40,449,221,39,52,24,3,15,263,9,23,57,18,15,10,14,5,25,3,6,15,84,550,1,3,205,13,0,38,7,10,587,0,26,0,7,8,3,11
01-04-2021,209,1,8,117,13,12,115,21,37,44,40,453,225,39,52,24,3,15,268,9,23,59,19,15,10,14,5,25,3,6,15,86,561,1,3,210,13,0,38,7,10,589,0,26,0,7,8,3,11
01-05-2021,216,1,8,121,13,12,115,23,39,44,44,456,235,39,52,24,3,15,274,10,26,61,19,15,10,16,5,26,3,6,15,86,568,1,3,216,13,0,39,8,10,603,0,26,0,7,8,3,11
01-06-2021,225,1,8,121,13,12,116,25,40,44,46,460,244,40,52,24,3,15,278,10,26,63,19,15,10,16,6,26,3,6,15,87,578,1,3,220,14,0,39,8,10,611,0,26,0,8,8,3,11
01-07-2021,233,1,8,124,13,12,118,26,41,45,49,462,246,40,53,24,3,15,282,10,29,66,19,15,10,16,7,26,3,7,15,87,586,1,3,228,14,0,41,8,10,622,0,26,0,8,8,3,11
01-08-2021,240,1,8,124,13,12,118,27,42,45,49,472,251,40,53,25,3,15,289,10,29,66,19,16,11,16,7,26,3,7,15,87,605,1,3,234,15,0,43,10,10,629,1,26,0,8,8,3,11
01-09-2021,243,1,8,129,13,12,118,27,43,45,50,476,260,41,53,25,4,15,293,11,32,69,20,16,11,16,7,26,3,8,15,87,615,1,3,234,16,0,44,10,10,637,1,26,0,8,9,3,11
01-10-2021,252,1,8,132,13,12,119,27,44,45,50,482,264,41,53,25,4,15,296,12,33,71,20,16,11,16,8,26,3,9,15,87,622,1,3,234,16,0,44,12,10,640,1,26,0,8,9,3,11
01-11-2021,256,1,8,133,13,12,120,29,44,50,53,487,266,41,53,25,4,15,297,12,35,73,20,16,11,16,8,28,3,10,16,87,629,1,3,235,16,0,46,14,10,644,1,26,0,8,9,3,11
01-12-2021,265,1,8,136,13,12,123,29,44,52,54,490,275,41,53,25,4,15,301,12,35,73,20,16,11,16,8,30,3,10,16,87,639,1,5,240,16,0,48,18,10,646,2,26,0,8,10,4,11
01-13-2021,274,1,8,145,13,12,124,29,46,52,54,494,286,42,54,25,4,15,314,12,36,75,20,16,12,17,10,31,3,10,16,88,652,1,5,247,16,0,50,18,10,659,2,26,0,8,11,5,11
01-14-2021,282,1,8,153,13,12,126,29,49,53,58,497,290,42,54,25,4,15,314,12,36,75,21,16,12,19,10,31,5,10,16,89,663,1,5,248,17,0,54,18,10,662,2,26,0,9,11,5,11
01-15-2021,293,1,8,156,13,12,127,29,50,54,60,503,295,42,54,25,5,16,328,12,37,77,21,17,13,19,12,31,5,11,16,89,675,1,5,250,18,0,57,19,10,672,2,26,0,10,12,5,11
01-16-2021,294,1,8,158,14,12,129,32,51,56,63,510,298,43,54,25,5,16,331,12,39,79,21,18,13,19,13,31,5,11,16,89,687,1,5,256,18,0,57,20,10,675,2,26,0,10,12,5,11
01-17-2021,300,1,8,158,14,13,129,32,52,56,63,514,298,45,55,25,5,16,334,13,41,81,21,19,13,19,14,31,5,12,16,89,691,1,6,260,19,0,58,20,10,680,2,27,0,11,12,5,11
01-18-2021,307,1,8,167,14,13,133,32,52,56,65,516,299,46,55,25,5,16,339,13,43,84,21,20,13,19,16,31,5,12,16,89,701,1,6,265,19,0,60,21,11,683,2,27,0,11,12,5,11
01-19-2021,329,1,8,181,15,13,149,35,58,60,70,542,312,46,56,25,6,17,369,13,46,89,23,21,14,22,17,33,7,11,17,89,769,1,6,284,19,0,64,24,11,741,2,27,0,11,12,5,10
01-20-2021,338,1,9,189,16,13,154,35,58,61,76,551,320,46,56,25,6,17,379,13,46,90,24,22,14,22,18,33,7,12,17,89,777,1,6,292,20,0,64,29,10,751,2,27,0,11,13,6,13
01-21-2021,346,1,9,194,17,13,157,36,59,64,77,557,330,48,57,25,9,17,386,13,50,93,25,22,14,25,18,33,7,12,17,90,796,1,6,293,20,0,64,30,11,758,2,27,0,11,13,6,13
01-22-2021,351,1,9,203,17,13,161,36,60,64,80,561,342,49,57,25,11,17,391,13,52,97,27,22,15,25,18,33,7,14,17,91,812,1,6,304,25,0,68,34,11,767,2,27,0,12,13,6,13
01-23-2021,355,1,9,208,17,13,163,36,61,65,83,565,350,52,57,25,12,18,399,13,54,102,28,22,15,27,19,35,7,14,17,91,826,1,6,304,26,0,68,36,12,776,2,27,0,12,13,8,13
01-24-2021,361,1,9,211,17,14,165,37,63,66,85,569,352,54,57,25,13,18,400,13,56,104,28,22,15,27,20,36,7,15,18,91,836,1,6,309,26,0,69,37,12,779,2,27,0,12,13,8,13
01-25-2021,365,1,11,213,17,14,168,38,63,66,86,575,361,54,58,25,13,18,411,13,58,104,28,22,16,27,21,37,7,16,18,91,843,1,6,311,26,0,69,39,13,793,2,27,0,13,13,9,13
01-26-2021,372,1,11,218,17,16,169,40,65,67,87,579,368,56,58,26,14,20,424,13,60,107,28,22,17,28,21,37,9,16,19,91,857,1,6,320,27,0,72,41,13,806,2,27,0,13,13,11,13
01-27-2021,376,1,11,224,18,16,172,41,65,67,89,585,370,57,58,26,14,20,433,13,60,109,29,22,17,31,23,37,9,16,20,91,880,1,6,322,27,0,73,41,13,824,2,27,0,13,13,12,14
01-28-2021,385,1,13,228,18,19,176,43,65,68,89,588,380,61,59,27,15,20,444,14,60,112,29,22,17,33,25,37,9,16,20,91,895,2,6,331,28,0,75,42,13,844,2,27,0,13,13,14,14
01-29-2021,391,1,13,238,18,19,180,44,65,68,90,591,390,63,59,27,15,21,462,14,60,115,30,22,17,34,25,37,9,16,20,91,905,2,6,332,29,0,75,43,14,861,2,27,0,13,13,16,14
01-30-2021,393,1,13,243,18,19,184,44,66,69,90,597,398,63,59,27,15,21,468,14,64,116,30,22,17,35,26,38,9,17,21,91,915,2,6,343,30,0,75,46,14,880,2,27,0,13,13,19,15
01-31-2021,397,1,13,250,18,19,186,45,67,69,90,602,401,63,59,27,15,21,474,14,64,120,30,22,20,35,27,39,9,17,21,91,926,2,6,352,30,0,75,47,14,883,2,27,0,14,13,21,15
02-01-2021,402,1,13,254,19,20,192,45,67,71,92,607,412,67,59,27,15,21,482,14,64,122,30,22,20,35,28,41,9,17,23,91,930,2,6,359,31,0,77,48,14,891,2,27,0,15,13,21,15
02-02-2021,407,3,13,268,21,20,195,47,67,71,92,608,421,69,59,27,15,21,495,14,64,123,30,22,20,37,31,42,9,17,24,93,946,2,6,368,33,0,78,50,14,914,2,27,0,15,13,23,16
02-03-2021,417,3,13,271,21,20,199,51,68,71,92,611,429,69,59,28,15,21,514,14,64,123,32,22,20,37,32,42,11,17,24,93,958,2,7,378,33,0,79,50,15,946,2,27,0,15,13,24,16
02-04-2021,426,3,13,280,21,20,204,53,71,72,92,612,432,72,59,29,16,21,528,14,65,125,34,22,20,38,32,43,11,18,24,93,965,2,7,388,33,0,81,50,15,971,2,27,0,15,13,24,16
02-05-2021,433,4,13,286,21,21,208,53,74,75,92,617,440,73,59,29,16,21,539,17,65,127,34,22,20,38,33,44,11,18,25,93,977,2,7,399,33,0,83,50,15,993,2,27,0,15,13,25,16
02-06-2021,440,4,13,294,21,23,210,56,76,76,93,619,443,76,60,29,16,21,545,17,65,130,35,22,20,38,35,44,11,18,25,93,991,2,7,405,33,0,85,54,15,1014,2,27,0,15,13,26,16
02-07-2021,447,4,13,300,22,23,213,57,79,76,93,620,443,79,60,29,17,21,548,17,65,132,35,22,20,38,35,44,11,18,25,93,998,2,7,409,33,0,85,56,15,1020,2,27,0,15,13,27,16
02-08-2021,451,4,13,302,22,23,218,59,80,76,94,625,447,81,61,29,17,21,562,17,67,134,36,23,20,38,35,44,11,18,26,95,1009,2,7,417,33,0,85,57,15,1032,2,27,0,15,13,28,16
02-09-2021,457,4,13,304,22,23,219,60,82,76,94,627,455,82,61,29,17,21,579,17,67,137,39,23,20,38,35,44,12,18,26,95,1021,2,7,430,33,0,86,58,15,1050,2,27,0,15,13,30,16
02-10-2021,462,4,14,320,22,23,224,60,85,79,96,628,462,87,61,29,17,21,591,17,67,139,40,23,20,38,35,44,12,18,26,96,1031,2,7,443,35,0,88,58,15,1075,2,27,0,16,14,32,17
02-11-2021,467,5,15,329,22,24,225,60,85,79,96,630,470,88,61,29,17,21,594,17,68,142,41,23,20,38,35,44,12,18,26,98,1037,2,7,452,35,0,90,58,15,1096,2,27,0,16,14,33,17
02-12-2021,468,5,16,331,22,24,229,62,87,79,96,632,475,89,61,29,17,22,597,17,68,142,42,23,20,38,35,45,12,18,28,100,1045,2,7,456,39,0,90,59,15,1111,2,27,0,16,15,33,17
02-13-2021,472,5,16,344,22,24,233,64,87,79,97,637,477,92,61,29,17,23,598,17,71,143,43,23,20,38,35,45,12,18,28,101,1052,2,7,460,39,0,91,59,15,1122,2,27,0,16,15,33,17
02-14-2021,475,5,17,348,22,25,235,65,89,79,97,639,479,95,61,29,17,23,599,17,71,145,43,23,20,38,35,45,12,18,28,102,1054,2,7,463,39,0,91,59,15,1128,2,27,0,16,15,35,17
02-15-2021,479,6,17,351,22,25,240,65,94,81,97,640,482,99,61,29,18,24,610,17,71,145,46,23,20,40,36,45,12,18,28,103,1058,2,7,475,39,0,91,60,15,1134,2,27,0,17,15,35,17
02-16-2021,484,6,17,360,22,25,246,66,94,81,97,642,493,100,61,29,18,24,624,17,71,145,47,23,20,40,36,45,13,18,28,105,1067,2,7,485,40,0,91,61,15,1161,2,27,0,17,15,35,17
02-17-2021,489,6,18,373,22,25,250,66,94,81,97,644,499,101,61,29,18,26,630,17,71,145,47,23,20,40,36,46,13,18,29,105,1078,2,8,490,40,0,91,61,16,1180,2,27,0,17,15,35,17
02-18-2021,495,6,18,383,22,25,251,67,94,83,97,647,501,101,61,29,18,26,634,17,72,147,49,23,20,40,36,46,13,20,30,105,1082,2,8,498,40,0,91,61,16,1207,2,27,0,17,15,35,17
02-19-2021,498,6,19,385,23,25,259,69,98,83,97,650,502,103,62,30,18,26,642,17,73,147,49,23,20,40,36,46,13,20,30,111,1084,2,8,504,42,0,91,62,16,1218,2,27,0,17,15,35,17
02-20-2021,499,6,19,389,23,25,263,69,98,83,99,656,504,103,62,30,18,26,649,17,73,150,49,24,20,40,36,47,13,20,31,112,1088,2,8,514,43,0,91,65,16,1245,2,27,0,17,15,35,17
02-21-2021,503,6,19,395,23,25,268,69,98,83,99,656,504,104,62,30,18,26,650,17,73,151,49,24,20,40,36,47,13,20,31,115,1089,2,8,521,43,0,91,66,16,1262,2,27,0,17,15,35,17
02-22-2021,507,6,19,405,23,25,272,70,100,83,99,660,505,104,62,30,18,26,656,17,73,151,50,24,20,40,36,47,13,21,32,115,1092,2,9,526,44,0,92,66,16,1271,2,27,0,17,15,36,17
02-23-2021,508,6,19,416,23,25,274,70,101,83,99,665,508,104,62,30,18,27,661,17,73,152,52,25,20,40,36,47,13,21,32,115,1097,2,9,531,44,0,92,66,16,1282,2,27,0,17,15,36,17
02-24-2021,511,6,20,426,23,25,280,70,103,84,100,667,515,106,62,30,18,28,669,17,73,152,52,25,20,40,36,47,13,21,32,115,1101,2,9,534,44,0,92,66,16,1299,2,27,0,18,15,36,17
02-25-2021,512,6,20,437,23,25,282,71,103,84,100,671,523,107,63,30,18,28,676,17,73,152,52,25,20,40,36,47,14,21,32,115,1106,2,9,541,44,0,92,67,16,1322,2,27,0,18,15,37,17
02-26-2021,514,6,20,444,23,25,285,71,104,84,100,675,529,107,63,30,18,28,680,17,73,153,53,25,20,40,36,47,14,21,32,119,1112,2,9,550,45,0,92,67,16,1352,2,27,0,18,15,38,17
02-27-2021,515,6,20,450,23,25,286,72,104,84,100,675,529,107,63,30,18,28,681,17,73,153,53,25,20,40,36,47,14,21,32,120,1115,2,9,559,46,0,92,67,16,1367,2,28,0,18,15,38,18
02-28-2021,515,6,20,453,23,25,290,72,105,84,100,677,529,110,63,30,18,28,682,17,73,154,53,25,20,40,36,48,14,21,32,120,1117,2,9,565,46,0,92,67,16,1373,2,28,0,18,15,38,18
03-01-2021,519,6,20,456,23,25,292,72,106,84,100,679,533,111,63,30,18,28,684,17,73,154,53,25,20,40,36,49,14,21,33,120,1119,2,9,572,47,0,92,67,16,1392,2,28,0,18,15,39,18
03-02-2021,523,6,20,461,23,25,300,72,106,85,100,684,540,115,63,30,18,29,691,17,73,154,54,25,20,40,36,49,14,21,33,121,1123,2,9,583,47,0,92,68,16,1397,2,28,0,18,15,39,18
03-03-2021,528,6,20,464,23,25,302,74,107,85,100,687,548,116,63,30,18,29,696,17,73,155,55,25,20,40,37,49,14,21,33,121,1126,2,9,591,47,0,92,68,16,1416,2,28,0,18,15,39,18
03-04-2021,532,6,20,467,23,25,302,77,107,86,101,689,553,117,63,30,18,29,706,17,73,156,56,25,20,40,37,49,14,21,34,121,1128,2,9,598,47,0,93,68,16,1439,2,28,0,18,15,40,18
03-05-2021,535,6,20,470,23,25,302,78,107,86,101,690,555,117,63,30,18,29,715,18,73,158,57,25,20,40,37,49,14,22,34,121,1132,2,9,611,47,0,94,69,16,1451,2,28,0,18,15,40,18
03-06-2021,535,6,20,470,24,25,302,81,107,86,101,690,556,117,63,30,18,29,715,18,73,158,57,25,20,40,37,49,14,22,34,121,1132,2,9,611,47,0,94,69,16,1451,2,28,0,18,15,41,18
03-07-2021,538,6,20,480,24,25,304,82,109,87,101,693,557,117,63,30,18,29,717,18,74,160,57,25,20,40,37,50,14,22,34,121,1135,2,10,626,47,0,97,69,16,1459,2,28,0,18,15,41,18
03-08-2021,541,6,20,485,24,25,306,83,110,88,101,693,558,119,63,30,18,29,718,18,74,160,59,25,20,40,37,50,15,22,34,121,1137,2,10,630,47,0,98,69,17,1476,2,28,0,18,15,42,18
03-09-2021,542,6,20,489,24,25,311,83,110,88,101,696,560,119,63,30,18,29,723,19,74,161,59,25,20,40,37,50,15,22,34,121,1142,2,11,638,48,0,98,69,17,1497,2,28,0,18,15,42,18
03-10-2021,545,6,20,495,24,25,312,85,110,88,101,697,560,121,63,30,18,29,734,19,74,161,61,25,20,40,37,50,15,22,34,123,1144,2,11,640,48,0,99,69,17,1515,2,28,0,18,15,42,18
03-11-2021,548,6,20,499,24,25,313,87,110,89,101,700,562,121,63,30,18,29,738,19,74,162,62,25,21,40,37,50,15,22,34,123,1146,2,11,642,48,0,99,69,17,1533,2,28,0,18,15,42,18
03-12-2021,551,6,20,502,24,25,315,87,111,89,101,704,563,122,63,30,18,29,742,19,74,162,63,25,21,40,37,50,15,22,35,123,1150,2,11,647,48,0,101,69,18,1558,2,28,0,18,15,42,18
03-13-2021,553,6,20,508,24,25,317,88,112,90,101,706,565,122,63,30,18,29,747,19,75,162,63,25,21,40,37,50,15,22,35,123,1154,2,11,655,48,0,101,69,18,1574,2,28,0,18,15,42,18
03-14-2021,553,6,20,508,24,25,318,92,113,90,101,707,565,122,63,30,18,29,748,19,75,162,63,25,21,40,37,50,15,22,35,123,1154,2,11,664,49,0,101,69,18,1577,2,28,0,18,15,42,18
03-15-2021,557,6,20,511,24,25,320,92,113,91,101,709,565,122,63,30,18,29,750,19,75,162,63,26,21,40,37,50,15,22,35,123,1156,2,11,671,51,0,103,70,18,1586,2,28,0,18,15,42,18
03-16-2021,559,6,20,520,24,25,323,94,113,92,101,715,565,123,63,30,18,29,756,19,75,162,64,26,21,40,38,50,15,22,35,123,1158,2,11,676,51,0,104,70,18,1602,2,28,0,18,15,43,18
03-17-2021,560,6,20,526,24,25,324,94,114,93,101,719,571,124,64,30,18,29,762,19,75,162,65,26,21,40,38,51,15,22,35,124,1160,2,11,676,51,0,106,70,18,1602,2,28,0,18,16,43,18
03-18-2021,562,6,20,532,24,25,326,96,114,93,101,719,571,124,64,30,18,29,763,19,75,163,65,27,21,40,38,51,15,22,35,124,1161,2,12,677,51,0,107,71,18,1614,2,28,0,18,16,43,18
03-19-2021,566,6,20,536,24,25,327,100,115,94,101,725,571,124,64,30,18,29,765,19,75,163,66,27,21,40,38,51,15,22,35,124,1162,2,12,678,51,0,108,71,18,1620,2,28,0,18,16,43,18
03-20-2021,567,6,20,540,24,25,329,100,115,94,101,729,571,124,64,30,18,29,766,19,75,164,67,27,21,40,38,51,15,22,35,124,1162,2,12,681,51,0,108,71,18,1622,2,28,0,18,16,43,18
03-21-2021,567,6,20,540,24,25,329,101,116,94,101,731,571,124,64,30,18,30,766,19,75,164,67,27,21,40,38,52,15,22,35,124,1162,2,12,689,51,0,109,71,18,1626,2,28,0,18,16,43,18
03-22-2021,568,6,20,542,24,25,331,101,117,95,104,733,572,125,64,30,18,30,770,19,75,164,67,27,21,40,38,52,15,22,35,124,1167,2,12,691,51,0,113,71,18,1633,2,28,0,18,16,43,18
03-23-2021,569,6,20,545,24,25,332,103,118,98,104,735,579,125,65,30,18,30,773,19,75,165,67,27,21,40,38,53,15,22,35,127,1169,2,12,691,52,0,114,71,18,1651,2,28,0,18,16,43,18
03-24-2021,569,6,20,547,24,25,332,104,118,99,104,737,582,126,65,30,18,30,776,19,75,165,67,27,21,40,38,53,16,22,35,127,1170,2,12,691,52,0,114,71,18,1657,2,28,0,18,16,43,18
03-25-2021,570,6,20,554,24,25,333,105,118,99,104,740,582,126,65,30,18,30,777,19,75,166,68,27,21,40,38,53,16,22,35,127,1172,2,12,691,54,0,114,71,18,1664,2,28,0,18,16,43,18
03-26-2021,570,6,20,555,24,25,334,107,118,99,104,742,583,127,65,30,18,30,778,19,75,166,68,28,21,40,38,53,16,22,35,128,1173,2,13,696,54,0,114,71,18,1679,2,28,0,18,16,43,18
03-27-2021,572,6,20,559,24,25,335,107,118,99,104,742,583,127,65,30,18,30,778,19,75,166,69,29,21,40,38,54,16,22,35,128,1175,3,13,699,54,0,114,71,18,1695,2,28,0,18,16,43,18
03-28-2021,572,6,20,560,24,25,335,109,118,99,104,743,583,127,65,30,18,30,778,19,75,166,70,30,21,40,38,55,16,22,35,128,1176,3,13,699,54,0,114,71,18,1715,2,28,0,18,16,43,19
03-29-2021,574,6,20,563,24,25,335,109,119,99,104,744,585,127,65,30,18,30,779,19,75,167,70,30,21,40,38,56,17,22,35,129,1178,3,14,699,54,0,114,71,18,1727,2,28,0,18,16,43,19
03-30-2021,577,6,20,563,24,25,336,110,119,99,104,746,586,128,65,30,19,30,782,19,75,167,70,31,21,40,39,56,17,22,35,129,1182,3,14,700,54,0,117,71,18,1737,2,28,0,18,16,43,19
03-31-2021,580,6,20,568,24,25,336,110,120,99,104,749,590,128,65,30,19,30,782,19,75,167,70,31,21,40,39,57,17,22,35,129,1182,3,14,700,55,0,117,71,18,1760,2,29,0,18,17,43,19
04-01-2021,581,6,20,570,24,25,336,111,120,99,104,752,593,128,65,30,19,30,783,19,75,168,70,31,21,40,39,57,17,22,35,129,1182,3,14,701,56,0,117,71,18,1764,2,29,0,18,17,43,19
04-02-2021,581,6,20,573,24,25,337,112,121,99,104,754,593,128,65,30,19,30,784,19,75,168,71,32,21,40,39,57,17,22,35,129,1187,3,14,703,56,0,117,71,18,1764,2,29,0,18,17,43,19
04-03-2021,582,6,20,574,24,25,337,113,121,99,104,754,594,128,65,30,19,30,784,19,75,169,71,32,21,40,39,57,17,22,35,129,1189,3,14,703,56,0,117,71,18,1764,2,29,0,18,17,43,19
04-04-2021,584,6,20,575,24,25,337,114,122,99,104,754,595,128,65,30,19,30,784,19,75,169,71,33,21,40,39,57,17,22,35,129,1192,3,14,704,56,0,117,71,19,1764,2,29,0,18,17,43,19
04-05-2021,587,6,20,577,24,25,337,114,123,99,104,754,595,128,65,30,19,30,785,19,75,171,72,35,21,40,39,57,17,22,35,130,1193,3,14,704,58,0,117,71,19,1767,2,29,0,18,17,43,19
04-06-2021,588,6,20,580,24,25,337,114,124,99,104,760,595,128,66,30,19,30,786,19,75,171,72,36,21,41,39,57,17,22,35,130,1195,3,14,709,58,0,117,71,19,1767,2,29,0,18,17,43,19
04-07-2021,590,6,20,581,24,27,338,114,124,101,104,764,596,128,66,30,19,30,789,19,75,171,72,39,21,41,39,57,17,22,35,130,1197,3,14,711,58,0,118,71,20,1777,2,29,0,18,17,43,19
04-08-2021,591,6,20,583,24,27,338,114,124,101,104,768,597,129,66,30,19,30,790,19,75,171,72,41,21,41,39,57,17,22,35,130,1200,3,14,714,58,0,119,71,21,1782,2,29,0,18,17,43,19
04-09-2021,591,6,20,583,24,27,338,114,124,101,104,772,602,129,67,30,19,30,792,19,75,172,72,41,21,41,39,57,17,22,35,130,1200,3,14,714,59,0,119,71,21,1782,2,29,0,18,17,43,19
04-10-2021,593,6,20,585,24,27,338,115,124,101,104,774,604,129,67,30,19,30,795,19,75,172,72,42,21,41,39,57,17,22,35,130,1207,3,14,715,59,0,120,71,21,1787,2,29,0,18,17,43,19
04-11-2021,595,6,20,585,24,27,340,115,124,101,104,777,605,129,67,30,19,30,795,19,75,172,73,43,21,42,39,57,17,22,35,130,1211,3,14,715,59,0,120,71,21,1787,2,29,0,18,19,43,19
04-12-2021,595,6,20,588,25,27,345,115,124,101,105,780,605,129,67,30,19,30,796,19,75,172,73,43,21,43,39,57,17,22,35,130,1215,3,14,717,59,0,120,71,21,1788,2,29,0,19,20,43,19
04-13-2021,595,9,20,593,25,27,345,115,124,101,105,783,606,130,67,30,19,30,797,19,75,174,74,44,21,46,39,58,17,22,35,131,1215,3,14,720,59,0,120,71,23,1788,2,29,0,19,21,43,19
04-14-2021,597,9,20,595,25,28,345,115,124,101,105,785,615,130,67,31,19,30,797,19,75,174,74,44,21,46,39,59,17,22,35,131,1230,3,14,721,59,0,120,71,23,1803,2,29,0,19,21,43,19
04-15-2021,599,9,20,597,25,29,347,115,124,102,105,790,616,130,67,31,19,30,797,19,75,174,74,44,21,48,39,61,17,22,35,131,1234,3,14,722,59,0,120,71,24,1812,2,29,0,19,23,43,19
04-16-2021,599,9,20,599,27,29,347,115,124,102,105,794,620,130,67,31,19,30,797,19,75,175,74,46,21,49,39,62,17,22,35,131,1250,3,14,726,59,0,120,71,24,1820,2,29,0,19,24,43,19
04-17-2021,603,9,20,599,27,31,348,115,124,102,105,797,622,130,67,31,19,30,797,19,75,176,74,46,21,51,39,62,17,22,35,131,1262,3,14,728,60,0,120,71,24,1830,2,29,0,19,25,43,19
04-18-2021,603,9,20,599,27,31,348,115,124,102,105,801,624,130,67,31,19,30,798,19,75,177,74,47,21,51,40,62,17,22,35,131,1265,3,14,728,60,0,120,71,25,1831,2,29,0,19,27,43,19
04-19-2021,604,9,20,599,28,31,348,115,124,102,105,805,624,130,68,31,20,30,798,19,78,177,75,50,21,52,40,62,17,22,35,131,1265,3,14,728,61,0,120,71,26,1831,2,29,0,19,28,43,19
04-20-2021,605,9,20,607,28,31,349,116,124,102,105,805,631,131,69,31,20,30,799,19,77,177,75,52,21,52,40,64,17,22,36,131,1277,3,14,735,61,0,120,71,27,1836,2,29,0,20,30,43,19
04-21-2021,606,9,20,610,29,31,349,116,124,102,107,816,636,131,69,31,20,30,800,19,78,177,75,53,21,53,40,65,17,23,37,131,1297,3,14,735,61,0,120,71,27,1840,2,29,0,20,31,43,19
04-22-2021,607,9,20,612,29,31,349,117,124,102,107,821,643,131,69,31,20,30,802,19,78,179,75,54,21,53,40,66,17,24,38,131,1305,3,14,735,61,0,120,71,28,1848,2,29,0,20,31,43,19
04-23-2021,609,9,20,613,29,32,349,118,125,102,107,826,651,132,69,31,20,30,805,19,78,179,76,57,21,53,40,68,17,24,38,134,1320,3,14,735,61,0,120,71,30,1853,2,29,0,22,31,43,19
04-24-2021,610,9,21,614,30,33,350,118,125,103,107,832,655,132,69,31,20,30,809,19,78,180,77,59,21,57,40,70,17,24,38,134,1336,3,14,738,61,0,120,71,31,1856,2,29,0,22,33,43,19
04-25-2021,610,9,22,615,32,33,351,118,125,103,107,837,657,132,70,31,21,30,809,19,78,180,77,60,21,61,40,72,17,24,38,134,1357,3,14,738,61,0,120,71,34,1860,2,29,0,22,33,43,19
04-26-2021,610,9,22,615,32,33,353,118,126,103,107,843,657,133,70,31,21,30,809,19,78,180,77,60,21,61,40,72,17,24,38,134,1372,3,14,739,61,0,120,72,36,1860,2,29,0,22,33,43,19
04-27-2021,615,9,22,617,33,33,353,120,126,103,107,849,662,133,70,31,21,30,811,19,78,183,79,63,21,65,40,73,21,24,40,135,1386,3,14,740,61,0,120,72,37,1863,2,29,0,23,33,43,19
04-28-2021,616,9,22,617,33,33,353,120,126,103,107,854,662,133,70,31,22,30,811,19,78,183,79,63,21,65,40,73,21,24,40,135,1400,3,14,740,61,0,120,72,37,1863,2,29,0,23,33,43,19
04-29-2021,619,9,22,621,37,33,355,120,127,104,107,856,669,133,72,31,22,30,813,19,79,184,81,66,21,67,41,75,21,25,41,135,1444,3,14,745,61,0,120,72,41,1873,2,29,0,25,33,44,19
04-30-2021,620,9,22,621,40,33,357,120,127,104,108,860,671,133,72,31,22,30,815,20,79,185,81,66,21,67,41,77,24,26,43,137,1452,3,14,745,61,0,120,72,42,1875,2,29,0,26,33,44,19
05-01-2021,622,9,22,623,40,33,359,121,127,104,108,861,684,134,74,31,22,30,818,20,80,185,82,69,21,67,41,78,24,26,44,138,1493,3,14,745,61,0,120,72,42,1881,2,29,0,26,33,44,19
05-02-2021,624,9,23,623,44,33,363,121,127,104,108,867,696,135,74,32,22,30,819,20,81,185,87,69,21,67,41,78,24,26,45,138,1509,3,14,745,61,0,120,72,43,1882,2,29,0,27,34,46,19
05-03-2021,627,9,23,624,44,33,366,121,129,104,108,871,698,135,76,32,23,30,819,20,81,185,87,69,21,69,41,78,24,26,47,138,1528,3,14,746,61,0,120,72,46,1882,2,29,0,31,34,46,19
05-04-2021,629,9,23,625,45,33,366,122,132,104,108,876,702,135,78,32,23,30,820,20,82,186,87,69,21,69,42,79,24,26,48,138,1548,3,15,746,61,0,121,72,46,1883,2,30,0,31,35,46,19
05-05-2021,632,9,24,626,47,33,366,122,132,104,108,878,715,135,79,33,23,30,822,20,82,187,88,69,21,69,42,80,24,28,49,138,1573,3,15,746,63,0,122,72,46,1883,2,30,0,31,35,46,19
05-06-2021,634,9,24,627,49,33,369,123,132,104,108,883,719,135,80,33,23,30,822,20,83,189,88,71,22,69,43,83,24,28,50,138,1601,3,15,747,64,0,122,72,46,1887,2,30,0,31,36,46,19
05-07-2021,635,9,24,634,52,33,373,124,133,106,108,887,758,135,81,33,23,30,828,20,84,189,89,72,22,71,43,87,24,28,53,139,1651,3,15,748,67,0,123,73,47,1893,2,31,0,31,36,46,19
05-08-2021,635,9,26,639,53,33,374,124,133,106,109,890,764,135,85,34,23,30,830,20,84,191,89,72,22,71,44,87,24,28,57,139,1692,3,15,749,67,0,123,73,49,1899,2,31,0,32,36,46,19
05-09-2021,640,9,26,640,54,33,377,125,133,106,109,897,772,135,86,35,23,30,834,20,84,191,89,74,22,71,44,87,24,28,59,139,1711,3,15,751,67,0,123,73,50,1902,2,31,0,32,37,48,19
05-10-2021,643,9,26,641,56,33,378,126,133,107,109,901,791,135,89,36,23,30,838,20,84,192,91,74,22,71,45,89,24,28,61,140,1726,3,15,752,67,0,126,73,50,1904,2,31,0,32,37,49,19
05-11-2021,644,9,26,647,59,33,379,126,135,109,109,906,805,135,89,36,23,30,839,20,84,192,93,74,23,71,46,92,26,30,62,140,1781,3,16,754,67,0,128,74,51,1907,2,32,0,32,38,49,19
05-12-2021,647,9,26,647,62,34,380,126,137,110,109,913,812,135,89,38,23,30,844,20,85,193,95,74,24,71,46,93,26,30,64,141,1831,3,16,756,68,0,129,74,51,1915,2,32,0,32,38,49,19
05-13-2021,649,9,26,649,63,34,384,126,137,111,110,919,834,136,93,39,23,30,846,20,85,194,95,75,24,71,47,94,26,31,67,141,1864,3,16,758,68,0,129,74,53,1922,2,32,0,33,38,50,19
05-14-2021,653,9,26,652,63,34,388,127,137,111,110,927,842,137,94,39,24,30,851,20,85,194,96,75,24,72,48,97,26,32,68,141,1897,3,16,758,69,0,129,74,53,1924,2,32,0,33,38,51,19
05-15-2021,656,9,26,654,63,34,394,127,138,114,111,929,849,137,97,39,24,30,851,20,86,194,96,75,24,72,50,98,26,33,70,142,1939,3,16,762,69,0,129,74,54,1935,2,32,0,33,38,51,19
05-16-2021,659,9,26,654,65,34,395,128,138,115,112,934,856,137,97,40,24,30,852,20,87,194,96,75,24,74,52,99,26,33,71,142,1954,3,16,762,69,0,130,74,55,1935,2,32,0,33,38,51,19
05-17-2021,662,9,26,654,66,34,399,128,138,117,112,944,889,137,98,40,24,30,855,20,90,194,96,78,24,74,54,100,33,33,73,143,1977,3,17,766,72,0,130,74,55,1942,2,32,0,33,38,53,19
05-18-2021,667,11,26,656,66,34,400,128,140,119,112,952,1018,138,98,41,24,30,856,20,90,195,97,80,24,75,54,101,33,35,74,147,2010,3,17,767,74,0,130,74,57,1953,2,32,0,33,38,53,19
05-19-2021,672,11,26,657,66,34,404,130,141,121,114,964,1028,139,99,42,24,30,858,20,90,197,98,80,24,75,56,101,33,37,76,147,2032,3,17,770,74,0,130,74,57,1968,2,33,0,34,38,55,19
05-20-2021,677,11,26,658,67,34,408,130,143,122,115,973,1049,139,99,42,24,30,862,20,90,198,99,81,24,75,57,101,33,37,80,148,2064,3,18,771,74,0,130,74,57,1981,2,34,0,34,38,55,19
05-21-2021,685,11,27,662,69,34,411,130,144,123,115,985,1068,141,99,42,24,30,866,20,91,198,101,82,24,75,60,102,33,37,83,149,2086,3,19,775,74,0,131,74,58,1994,2,34,0,35,38,56,19
05-22-2021,691,12,27,665,70,34,417,130,145,124,117,990,1083,142,99,43,24,30,866,20,93,198,101,82,24,75,61,103,33,37,86,149,2110,3,19,777,75,0,131,74,59,1999,2,34,0,35,38,57,19
05-23-2021,697,12,27,665,70,34,420,130,145,127,117,1001,1092,142,99,43,24,30,866,20,94,199,101,82,24,75,61,105,33,38,90,149,2124,3,19,777,75,0,131,75,60,2001,2,34,0,37,39,57,19
05-24-2021,701,12,27,665,70,34,426,130,145,129,117,1016,1100,143,99,43,24,31,867,20,95,201,103,82,24,75,61,107,33,38,92,149,2159,3,19,778,75,0,132,75,60,2001,2,34,0,38,39,58,19
05-25-2021,711,12,27,668,71,34,431,133,148,131,121,1025,1116,143,100,43,24,31,868,20,95,201,103,82,24,75,62,109,35,38,95,149,2186,3,19,778,76,0,133,75,60,2010,2,35,0,38,40,58,19
05-26-2021,724,12,28,672,71,34,433,135,149,134,123,1038,1133,144,102,43,24,32,874,20,95,202,103,82,24,75,63,111,35,40,97,149,2213,3,19,778,79,0,134,75,60,2015,2,35,0,39,41,60,19
05-27-2021,739,12,28,675,71,34,439,137,151,135,124,1049,1145,145,102,43,24,32,875,20,98,206,103,83,24,79,63,111,35,42,100,149,2243,3,20,780,79,0,135,75,60,2026,2,35,0,40,41,60,19
05-28-2021,752,12,29,676,71,34,444,137,153,137,124,1066,1155,145,102,43,24,32,879,20,98,208,103,83,24,82,63,115,35,45,102,149,2256,3,20,783,79,0,135,78,60,2032,2,35,0,41,41,60,19
05-29-2021,758,12,29,676,71,34,452,138,156,138,126,1078,1164,147,103,43,24,32,879,20,98,208,104,83,24,82,64,116,35,47,103,149,2287,3,20,785,79,0,135,78,60,2038,2,35,0,41,42,60,19
05-30-2021,766,12,29,676,71,34,453,140,158,139,128,1093,1170,147,105,44,24,32,879,20,98,208,105,83,24,82,64,116,35,47,103,149,2295,3,20,785,79,0,135,78,60,2038,2,35,0,41,42,60,19
05-31-2021,772,14,29,676,71,34,461,141,158,139,129,1112,1179,149,106,45,24,32,881,20,98,210,106,83,24,82,65,116,35,47,105,151,2311,3,20,785,79,0,136,78,60,2039,2,35,0,41,42,62,19
06-01-2021,784,14,29,678,71,34,465,141,160,140,132,1128,1190,150,107,45,24,32,883,20,99,212,108,83,24,83,66,116,35,47,106,152,2332,3,20,789,80,0,137,78,60,2046,2,36,0,41,42,64,19
06-02-2021,797,14,29,680,71,34,469,141,161,140,133,1138,1200,151,107,45,25,32,893,20,102,213,108,83,25,83,67,116,38,50,106,153,2359,3,20,793,81,0,137,78,60,2059,2,36,0,42,43,64,19
06-03-2021,805,14,29,685,72,34,473,144,162,140,137,1156,1204,151,109,45,25,32,899,20,104,216,108,83,25,84,68,118,38,52,108,154,2378,3,21,795,81,0,137,78,61,2075,2,36,0,42,44,65,19
06-04-2021,813,16,29,688,73,34,480,146,162,141,141,1163,1209,152,109,45,25,32,905,21,105,217,108,83,25,84,68,119,39,55,109,154,2400,3,22,798,81,0,137,78,61,2079,2,36,0,42,44,65,19
06-05-2021,820,16,29,688,73,34,482,149,163,143,141,1179,1212,152,109,46,25,32,906,21,106,219,108,83,25,84,68,119,39,55,110,154,2408,3,22,801,82,0,138,78,62,2087,2,36,0,42,46,65,19
06-06-2021,824,16,29,689,73,34,483,150,163,145,143,1191,1218,153,110,46,25,33,907,21,109,219,108,83,25,84,68,119,39,55,111,154,2413,3,22,802,82,0,138,78,62,2092,2,36,0,42,46,67,19
06-07-2021,832,18,29,690,73,34,486,150,165,146,144,1206,1226,154,110,46,25,33,910,21,109,221,108,84,25,84,68,120,39,55,113,155,2428,3,23,803,82,0,138,79,62,2095,2,36,0,42,46,68,20
06-08-2021,839,18,29,691,74,34,488,150,166,147,144,1225,1235,155,110,46,25,34,915,21,109,223,108,84,25,86,68,120,39,58,114,155,2453,3,23,807,82,0,140,79,62,2105,2,37,0,42,46,69,20
06-09-2021,847,18,29,691,74,34,491,152,170,147,145,1241,1239,157,111,46,25,34,917,21,109,224,108,84,25,86,68,120,44,58,115,157,2480,3,24,809,83,0,142,80,62,2112,2,37,0,44,47,69,20
06-10-2021,856,18,29,692,74,34,492,152,170,148,149,1252,1244,157,111,46,25,35,918,21,109,225,109,84,26,86,68,121,45,58,119,157,2497,4,24,813,83,0,142,80,62,2118,2,37,0,44,47,69,20
06-11-2021,862,19,29,692,74,34,492,152,171,149,149,1269,1253,157,112,46,25,35,921,21,109,227,109,84,26,86,68,121,45,59,120,157,2508,4,24,815,83,0,142,80,62,2126,2,37,0,44,47,69,20
06-12-2021,869,19,29,693,74,34,494,152,171,149,151,1284,1254,157,112,46,25,35,921,21,110,227,109,84,26,88,68,121,45,59,120,160,2520,4,24,816,83,0,142,80,62,2134,2,37,0,44,47,69,20
06-13-2021,871,19,29,693,74,34,495,152,174,149,154,1288,1254,157,113,46,26,35,921,21,111,227,109,84,26,88,68,122,45,59,120,160,2526,4,24,818,84,0,142,80,62,2140,2,37,0,44,47,69,20
06-14-2021,876,20,29,693,74,34,495,155,175,150,158,1301,1257,157,113,46,27,35,921,22,111,228,110,84,26,88,68,123,45,59,120,164,2536,4,24,820,85,0,143,80,62,2143,2,37,0,45,47,71,20
06-15-2021,882,20,29,695,74,34,498,155,176,150,158,1319,1261,158,113,46,27,35,927,23,112,230,110,84,26,89,68,123,46,59,121,164,2540,4,24,822,86,0,143,80,62,2155,2,37,0,45,47,71,20
06-16-2021,891,20,30,695,74,34,504,155,177,150,162,1327,1266,160,113,46,28,35,928,23,112,231,110,85,26,89,69,123,46,60,123,164,2559,4,24,824,87,1,144,80,62,2167,2,37,0,45,47,71,20
06-17-2021,898,20,30,698,74,34,511,155,178,150,162,1331,1268,160,115,46,28,35,930,23,112,232,110,85,26,89,69,123,46,60,123,168,2563,4,24,826,88,1,144,80,62,2174,2,37,0,45,47,71,20
06-18-2021,904,20,30,699,74,34,514,156,178,150,163,1334,1269,161,115,46,28,35,934,23,112,233,110,86,26,89,69,124,46,60,123,168,2580,4,25,827,88,1,146,81,62,2176,2,37,0,45,47,71,20
06-19-2021,910,20,30,700,74,34,514,156,178,150,164,1340,1269,161,115,46,28,36,934,23,112,233,110,86,26,90,69,125,46,61,124,168,2585,4,25,827,88,1,146,81,62,2180,2,37,0,45,47,71,20
06-20-2021,914,20,30,700,74,34,516,156,178,150,165,1342,1270,161,115,46,29,37,934,23,113,233,110,86,26,90,69,126,46,61,124,168,2588,4,25,827,88,1,146,81,62,2181,2,37,0,45,48,72,20
06-21-2021,920,20,30,700,74,34,516,158,178,152,165,1346,1270,161,115,46,29,38,935,23,114,233,111,86,26,90,69,127,46,61,124,168,2601,4,25,827,89,1,146,81,62,2182,2,37,0,45,48,73,20
06-22-2021,924,20,30,700,74,34,517,158,180,152,166,1358,1271,162,115,46,29,40,937,24,114,233,111,86,26,90,69,127,46,61,124,172,2605,4,25,828,89,1,147,81,62,2187,2,37,0,46,48,73,20
06-23-2021,926,20,30,700,74,34,520,158,180,152,168,1369,1273,162,115,46,29,40,939,24,114,235,111,87,26,90,69,128,46,62,125,172,2620,4,25,829,90,1,148,81,62,2197,2,37,0,46,48,74,21
06-24-2021,929,20,30,701,74,34,520,158,180,153,169,1373,1276,162,116,46,29,40,940,24,114,237,111,88,26,90,69,129,46,62,126,176,2631,4,25,830,90,1,149,81,62,2200,2,37,0,46,48,76,21
06-25-2021,931,20,30,702,74,34,522,158,180,153,172,1377,1277,162,116,46,29,40,942,24,115,238,111,88,26,90,69,130,46,62,126,180,2636,4,25,831,90,1,149,81,62,2202,2,37,0,46,48,77,21
06-26-2021,936,20,30,703,74,34,523,158,181,153,172,1382,1280,162,116,46,29,40,942,24,116,238,111,89,26,90,69,130,46,62,126,180,2643,4,25,831,90,1,149,81,62,2206,2,37,0,46,48,77,21
06-27-2021,936,20,30,703,74,34,523,158,181,153,172,1385,1281,163,116,46,29,40,943,24,117,238,111,90,26,90,69,130,46,62,126,180,2643,4,25,831,90,1,149,81,62,2207,2,38,0,46,48,77,21
06-28-2021,941,20,30,703,74,34,524,158,181,153,172,1389,1283,164,116,46,29,40,945,25,117,239,112,90,26,90,69,130,46,62,126,182,2657,4,25,831,90,1,149,81,62,2211,2,38,0,46,48,77,21
06-29-2021,942,20,30,704,74,34,524,158,181,153,173,1394,1286,164,116,46,29,40,946,25,117,239,112,90,26,90,69,130,51,63,126,182,2664,4,25,832,90,1,149,81,62,2215,2,38,0,46,48,77,21
06-30-2021,943,20,30,705,74,34,524,158,182,153,173,1399,1305,164,116,46,30,40,947,25,117,240,113,90,26,90,69,132,51,63,126,184,2667,4,25,832,90,1,149,81,62,2218,2,38,0,46,48,77,21
07-01-2021,945,20,30,705,74,35,524,158,182,153,173,1400,1306,165,116,46,30,40,949,25,118,242,113,90,26,90,69,132,51,63,126,188,2673,4,25,833,90,1,149,81,62,2220,2,38,0,46,48,77,21
07-02-2021,952,20,30,707,74,35,525,158,182,153,173,1401,1306,165,116,46,30,40,950,26,119,243,113,90,26,90,69,132,51,63,126,192,2676,4,25,833,90,1,150,81,62,2222,2,38,0,46,48,77,21
07-03-2021,952,20,30,709,74,35,526,158,182,153,173,1403,1306,165,116,47,30,40,950,26,119,243,113,90,26,90,69,132,51,64,126,192,2676,4,25,833,90,1,150,82,62,2222,2,38,0,46,48,78,21
07-04-2021,952,20,30,709,74,35,526,158,182,153,173,1405,1306,165,116,47,30,40,950,26,119,243,113,90,26,90,69,132,51,64,126,192,2676,4,25,833,90,1,150,82,62,2223,2,38,0,46,48,80,21
07-05-2021,955,20,30,709,74,35,527,158,182,154,174,1410,1306,165,116,47,30,41,951,27,119,243,113,90,26,92,69,132,51,64,126,192,2677,4,25,833,90,2,150,82,62,2224,2,38,0,46,48,80,21
07-06-2021,957,20,30,711,74,35,527,158,182,155,174,1411,1306,166,116,47,30,41,954,27,120,243,113,90,26,92,69,133,51,64,126,197,2681,4,25,833,90,2,150,82,62,2225,2,38,0,46,48,80,21
07-07-2021,959,20,30,712,74,35,527,158,182,155,174,1411,1307,166,116,47,30,41,957,27,120,243,113,90,26,92,69,133,51,64,126,197,2683,4,25,835,90,2,150,82,62,2228,2,38,0,46,48,80,21
07-08-2021,960,20,30,714,74,35,527,158,182,155,174,1411,1307,166,116,47,30,41,958,27,120,243,114,91,26,92,69,133,51,64,126,202,2686,4,25,836,90,2,150,82,62,2230,2,38,0,46,48,80,21
07-09-2021,962,20,30,714,74,35,529,158,182,155,174,1412,1307,166,116,47,30,41,961,27,120,244,114,91,26,92,69,133,52,64,126,207,2688,4,25,837,90,2,150,82,62,2232,2,38,0,46,48,80,21
07-10-2021,963,20,30,715,74,35,529,158,182,155,174,1412,1308,166,116,47,30,41,962,27,120,244,114,91,26,92,69,133,52,64,126,207,2689,4,25,838,90,2,150,82,62,2237,2,38,0,46,48,80,21
07-11-2021,964,20,30,716,74,35,529,158,182,155,174,1412,1308,166,116,47,30,41,962,27,120,244,114,91,26,92,69,133,52,64,126,207,2689,4,25,839,90,2,150,82,62,2240,2,38,0,46,48,80,21
07-12-2021,965,20,30,717,74,35,529,158,182,155,174,1412,1308,166,116,47,30,41,962,27,120,244,114,91,26,92,69,133,53,64,126,207,2689,4,25,839,90,2,150,82,62,2240,2,38,0,46,48,80,21
07-13-2021,968,20,30,717,74,35,530,158,182,155,175,1413,1308,166,116,47,30,41,964,27,120,244,114,91,26,93,69,133,53,64,127,207,2692,4,25,841,90,2,151,82,62,2242,2,38,0,46,48,80,21
07-14-2021,972,20,30,717,74,35,530,158,182,155,176,1413,1308,166,116,47,30,41,966,28,120,245,114,91,26,93,69,133,53,64,127,212,2694,4,25,841,90,2,151,82,62,2246,2,38,0,46,48,80,21
07-15-2021,974,20,30,721,74,35,530,158,182,155,176,1415,1308,166,116,47,30,41,967,29,120,246,114,91,26,93,69,133,53,64,127,216,2696,4,25,842,90,2,151,82,62,2250,2,38,0,46,48,80,21
07-16-2021,975,20,30,722,74,36,530,158,182,155,176,1416,1308,166,116,47,30,41,969,29,120,246,114,91,26,93,69,133,53,64,127,216,2699,4,25,843,90,2,151,82,62,2251,2,38,0,46,48,80,21
07-17-2021,976,20,30,724,74,36,530,158,182,155,176,1417,1308,166,116,47,30,41,973,29,120,246,114,91,26,93,69,133,53,64,127,216,2703,4,25,843,90,2,151,83,62,2252,2,38,0,46,48,80,21
07-18-2021,977,20,30,724,74,36,530,158,182,155,176,1417,1309,166,116,47,30,41,973,29,120,246,114,91,26,93,69,133,53,64,127,216,2704,4,25,843,90,2,151,83,62,2252,2,38,0,46,48,80,21
07-19-2021,978,20,30,724,74,36,532,158,182,155,176,1418,1309,166,116,47,30,41,974,29,121,246,114,91,26,93,69,133,53,64,127,221,2704,4,25,844,90,2,151,83,62,2253,2,38,0,46,48,80,21
07-20-2021,979,20,30,727,74,36,532,159,182,156,176,1418,1313,166,116,47,30,41,975,29,121,246,114,91,26,93,69,133,53,64,127,221,2707,4,25,846,91,2,151,84,62,2255,2,38,0,46,48,80,21
07-21-2021,982,20,30,727,74,36,532,159,182,156,176,1418,1313,166,117,47,30,41,977,29,122,246,114,91,26,93,69,133,53,64,127,225,2711,4,25,846,91,2,152,84,62,2259,2,38,0,46,48,80,21
07-22-2021,983,20,30,727,74,36,532,159,182,156,176,1419,1313,166,117,47,31,41,978,29,122,246,114,91,26,93,69,134,53,64,127,225,2712,4,25,846,91,2,152,84,62,2259,2,38,0,46,48,80,21
07-23-2021,983,20,30,727,75,36,532,159,183,156,177,1422,1313,166,117,47,31,41,978,29,122,246,114,91,26,93,69,134,53,64,127,225,2712,4,25,846,92,2,152,84,62,2259,2,38,0,46,48,80,21
07-24-2021,984,20,30,727,76,36,532,159,183,156,177,1422,1313,166,117,47,31,41,978,29,122,246,114,91,26,93,69,134,53,64,127,229,2713,4,25,847,92,2,152,84,62,2260,2,38,0,46,48,80,21
07-25-2021,984,20,30,727,76,36,532,159,183,156,177,1422,1313,166,117,47,31,41,978,29,122,246,114,91,26,93,69,134,53,64,127,232,2714,4,25,847,92,2,152,84,62,2260,2,38,0,46,48,80,21
07-26-2021,986,20,30,728,76,36,533,159,183,156,177,1423,1313,166,117,47,31,41,980,29,122,246,115,91,26,93,69,134,53,64,127,234,2715,4,25,847,93,2,152,84,62,2260,2,38,0,46,48,80,21
07-27-2021,986,20,30,730,76,36,536,159,183,156,177,1424,1313,167,117,47,31,41,981,29,122,246,115,91,26,93,69,134,53,64,127,234,2715,4,25,848,93,2,153,84,62,2262,2,38,0,46,48,80,21
07-28-2021,1007,20,31,731,77,36,536,162,188,156,179,1424,1315,167,117,47,32,41,983,29,122,249,115,91,27,94,69,134,54,64,127,234,2719,4,25,848,93,2,155,84,63,2285,2,38,0,49,48,80,21
07-29-2021,1008,20,31,732,77,36,536,162,188,156,179,1424,1316,167,118,47,32,41,985,29,122,249,115,91,27,94,69,134,54,64,127,236,2721,4,25,849,93,2,155,84,63,2288,2,38,0,49,48,80,21
07-30-2021,1008,20,31,734,77,36,536,162,188,156,179,1424,1316,167,119,47,32,41,986,29,122,249,115,91,27,94,69,134,54,64,127,237,2721,4,25,849,93,2,156,85,63,2290,2,38,0,49,48,80,21
07-31-2021,1008,20,32,734,77,36,536,162,188,156,179,1425,1316,168,119,47,32,41,987,29,122,249,115,91,27,94,69,134,54,64,127,237,2721,4,25,850,93,2,157,85,63,2293,2,38,0,49,48,80,21
08-01-2021,1008,20,32,734,77,36,537,162,188,156,179,1425,1316,169,119,47,32,41,989,29,122,249,115,91,27,94,69,134,54,64,127,237,2721,4,25,850,93,2,157,86,63,2293,2,38,0,49,48,80,21
08-02-2021,1008,20,32,734,77,36,538,162,188,156,179,1426,1316,169,119,47,32,41,994,29,122,249,115,91,27,94,69,134,54,64,127,237,2722,4,25,852,93,2,157,87,63,2293,2,38,0,49,48,80,21
08-03-2021,1009,20,32,734,77,36,539,162,188,156,179,1426,1316,169,119,47,32,41,994,29,122,249,115,91,27,94,69,134,54,64,127,238,2722,4,25,852,93,2,157,87,63,2300,2,38,0,49,48,80,21
08-04-2021,1010,20,32,734,77,36,540,162,188,156,179,1426,1317,170,119,47,32,41,998,29,122,249,115,91,27,94,69,134,54,64,127,238,2724,4,25,852,94,2,157,88,63,2301,3,38,0,49,48,80,21
08-05-2021,1010,20,32,735,77,36,540,162,188,156,179,1426,1318,170,119,47,32,41,999,29,122,249,115,91,27,94,69,134,54,64,127,239,2726,4,25,853,94,2,157,88,63,2302,3,38,0,49,48,80,21
08-06-2021,1012,21,32,736,77,36,540,162,188,156,179,1427,1319,170,119,47,32,41,1004,29,122,249,115,91,27,94,69,134,54,64,127,240,2728,4,25,853,94,2,157,88,63,2306,3,38,0,49,48,80,21
08-07-2021,1013,21,32,736,77,36,541,162,189,156,180,1428,1320,170,119,47,32,41,1005,29,122,249,115,91,27,94,69,134,54,64,127,240,2731,4,25,854,94,2,157,88,63,2310,3,38,0,49,48,80,21
08-08-2021,1013,21,32,736,77,36,541,162,189,156,180,1428,1320,170,119,47,32,41,1009,29,122,249,115,91,27,94,69,134,54,64,127,240,2733,4,25,854,94,2,157,89,63,2311,3,38,0,49,48,80,21
08-09-2021,1013,21,32,737,77,36,542,162,189,156,180,1428,1320,172,120,47,32,42,1009,29,122,249,115,91,27,94,69,134,54,64,127,241,2733,4,25,856,94,2,157,89,63,2314,3,38,0,50,48,80,21
08-10-2021,1013,21,32,737,77,36,544,162,189,156,180,1429,1321,172,120,47,32,43,1014,29,122,249,115,91,27,94,69,135,54,64,127,243,2733,4,25,858,94,2,157,90,63,2317,3,38,0,50,48,80,21
08-11-2021,1013,21,32,738,77,36,548,162,189,156,180,1429,1321,172,120,47,32,43,1014,29,122,249,115,91,27,94,69,135,54,64,127,243,2733,4,26,859,94,2,157,92,63,2317,3,38,0,50,48,80,21
08-12-2021,1016,21,32,743,77,36,550,162,189,156,180,1429,1323,172,120,47,32,43,1018,30,122,249,115,92,27,94,69,135,54,64,127,244,2739,4,26,859,94,2,158,93,63,2325,3,38,0,50,48,80,21
08-13-2021,1016,21,32,749,77,36,551,162,189,156,180,1429,1323,175,120,47,32,44,1021,30,122,249,115,92,27,94,69,135,54,64,127,244,2742,4,26,859,95,2,158,93,63,2332,3,38,0,50,48,80,21
08-14-2021,1016,21,32,754,77,36,551,162,189,156,180,1430,1323,175,121,48,32,44,1023,30,122,249,117,93,27,94,69,135,54,64,127,246,2742,4,26,860,95,2,158,94,63,2332,3,38,0,50,48,80,21
08-15-2021,1018,21,32,756,77,36,551,162,189,156,180,1430,1323,176,121,48,32,44,1023,30,122,249,117,93,27,94,69,135,54,64,127,246,2742,4,26,861,95,2,158,94,63,2335,3,38,0,50,48,80,22
08-16-2021,1018,21,32,759,77,36,553,162,190,156,180,1430,1325,176,121,48,33,44,1026,30,122,249,118,93,27,94,69,135,54,64,127,247,2743,4,27,865,95,2,159,94,63,2340,3,38,0,50,48,80,23
08-17-2021,1019,21,32,767,77,36,555,164,191,157,180,1433,1326,176,121,48,34,44,1037,31,122,249,118,93,27,94,69,135,54,64,127,248,2747,4,27,865,95,2,159,96,63,2348,3,38,0,50,48,80,23
08-18-2021,1020,21,32,772,77,36,556,164,191,157,180,1433,1326,176,121,48,34,44,1045,31,122,250,118,94,27,94,69,135,54,65,127,248,2752,4,27,865,95,2,159,97,63,2354,3,38,0,50,48,80,23
08-19-2021,1020,21,32,777,77,36,558,164,191,157,180,1434,1328,177,122,48,34,44,1049,31,122,250,119,94,28,94,69,135,54,65,127,249,2752,4,27,867,95,2,159,98,63,2358,3,38,0,50,48,80,23
08-20-2021,1026,21,33,783,77,36,560,164,192,157,180,1435,1328,178,122,48,34,44,1052,31,123,250,119,94,28,94,69,135,54,65,127,249,2754,4,27,869,95,2,162,99,63,2365,3,38,0,51,49,80,23
08-21-2021,1029,21,33,789,78,36,560,164,193,158,180,1435,1328,179,122,48,34,44,1061,31,124,250,119,95,29,94,69,135,54,65,127,249,2756,4,27,869,95,2,162,99,63,2371,3,38,0,51,49,80,23
08-22-2021,1029,21,33,791,78,36,560,165,193,159,180,1435,1328,180,122,48,34,46,1064,31,124,250,121,95,29,94,69,135,54,65,127,249,2758,4,27,870,95,2,162,99,63,2379,3,39,0,51,49,80,23
08-23-2021,1030,21,33,795,78,36,560,165,194,159,180,1436,1330,180,122,48,34,46,1066,31,124,250,121,96,29,94,69,136,54,65,127,250,2766,4,27,871,95,2,162,100,63,2384,3,39,0,51,49,83,23
08-24-2021,1031,21,33,800,78,36,561,165,195,159,180,1437,1331,180,122,48,34,46,1075,31,124,251,123,96,29,94,69,136,54,65,127,250,2771,4,27,876,95,2,163,100,63,2393,3,39,0,51,49,83,23
08-25-2021,1032,21,33,809,78,36,561,165,195,159,180,1437,1333,182,124,48,34,46,1084,31,124,251,123,97,30,94,69,136,54,66,127,250,2772,4,27,878,95,2,163,100,63,2404,3,39,0,52,49,85,23
08-26-2021,1033,22,33,818,79,36,562,165,196,159,180,1437,1334,183,124,48,34,46,1091,31,124,251,124,97,30,94,69,137,54,66,127,253,2778,4,27,883,95,2,165,100,63,2415,3,39,0,52,49,85,23
08-27-2021,1034,22,33,827,79,36,564,165,196,159,180,1438,1335,184,124,48,34,46,1093,31,126,252,125,99,30,94,69,137,54,67,127,256,2780,4,27,888,95,2,166,102,63,2433,3,40,0,52,49,85,24
08-28-2021,1035,22,33,834,79,36,564,165,198,160,180,1440,1336,184,124,48,34,46,1096,31,126,252,125,100,30,94,69,138,54,67,127,256,2782,4,27,889,95,2,166,102,63,2452,3,40,0,53,49,85,24
08-29-2021,1035,22,33,840,80,36,565,165,200,160,180,1442,1336,186,124,49,34,46,1098,31,127,252,128,100,32,94,69,138,54,68,127,259,2784,4,27,891,96,2,167,102,63,2466,3,41,0,54,49,85,25
08-30-2021,1037,22,33,845,80,36,568,165,200,160,181,1445,1339,187,124,49,34,46,1100,31,128,253,131,102,33,94,69,138,54,68,127,259,2786,4,27,891,96,2,170,102,63,2478,4,41,0,55,49,85,25
08-31-2021,1040,23,33,856,80,36,572,165,200,160,181,1449,1339,187,124,49,34,46,1111,31,128,253,131,102,33,94,69,138,55,68,128,259,2789,4,27,895,96,2,173,104,63,2493,4,42,0,55,49,85,25
09-01-2021,1046,23,33,867,80,36,573,165,202,160,181,1452,1339,192,124,49,34,49,1120,31,128,254,134,103,33,94,69,138,55,69,128,259,2801,4,27,899,96,2,174,104,63,2500,4,42,0,55,49,86,25
09-02-2021,1048,23,33,874,81,36,575,166,202,160,182,1453,1340,194,124,49,34,51,1131,31,128,254,135,104,33,94,69,139,55,69,129,259,2809,4,28,901,96,2,181,105,63,2510,4,42,0,55,50,86,25
09-03-2021,1050,23,33,883,81,36,575,168,203,162,186,1455,1342,194,124,49,34,52,1135,31,128,254,137,104,33,94,69,140,55,69,129,262,2815,4,28,907,97,2,184,105,64,2520,4,42,0,55,50,87,25
09-04-2021,1053,23,33,889,81,36,577,169,204,163,186,1456,1347,195,124,49,34,53,1139,31,129,254,139,104,33,94,69,141,55,69,130,264,2827,4,28,907,97,2,184,105,64,2535,4,42,0,55,50,87,25
09-05-2021,1053,23,33,893,81,36,577,169,204,163,186,1456,1347,195,124,50,34,54,1141,31,129,254,139,104,33,94,69,142,55,69,132,264,2830,4,28,909,97,2,185,105,64,2545,4,44,0,55,51,87,25
09-06-2021,1055,23,33,896,81,36,577,170,205,164,187,1457,1347,195,124,50,34,54,1143,31,129,255,139,104,33,94,69,142,56,70,132,266,2832,4,28,911,97,2,186,105,64,2561,5,44,0,55,51,87,26
09-07-2021,1056,23,33,906,81,36,579,170,205,164,187,1460,1349,197,124,50,34,55,1151,31,131,256,141,104,33,94,69,142,56,70,132,268,2838,4,28,915,97,2,186,105,64,2577,5,44,0,55,51,87,26
09-08-2021,1060,26,33,918,81,36,580,171,206,165,189,1460,1356,201,124,50,34,57,1158,31,132,256,145,104,33,94,70,143,56,71,132,270,2847,4,28,920,97,2,188,105,64,2594,5,44,0,56,52,87,26
09-09-2021,1067,26,33,933,81,36,584,173,206,165,189,1460,1359,201,124,50,34,58,1168,31,132,256,145,104,34,95,70,143,57,73,132,270,2855,4,28,927,97,2,193,105,64,2613,5,44,0,57,53,87,26
09-10-2021,1070,26,33,940,81,36,586,173,206,165,189,1460,1363,201,124,50,34,59,1174,31,132,257,146,106,34,95,70,143,58,73,132,271,2869,4,29,935,97,2,193,105,64,2628,5,44,0,58,53,87,26
09-11-2021,1073,26,33,944,81,36,587,173,206,166,189,1461,1363,201,124,50,34,59,1185,31,132,257,148,108,35,95,70,143,58,73,132,274,2870,4,29,941,97,2,193,105,64,2645,5,45,0,58,54,87,27
09-12-2021,1075,26,33,944,81,36,589,173,207,167,189,1461,1364,203,124,50,34,60,1188,31,132,257,150,108,35,95,70,143,58,74,133,274,2871,4,29,942,97,2,193,105,64,2666,5,45,0,58,54,87,28
09-13-2021,1079,26,33,947,81,36,591,173,207,167,189,1462,1369,205,124,50,34,60,1190,31,132,258,150,108,36,95,71,145,58,74,133,274,2875,4,29,950,97,2,193,106,64,2678,5,45,0,58,54,88,28
09-14-2021,1082,26,33,952,81,36,593,173,207,167,189,1463,1371,205,124,50,34,60,1196,31,132,258,150,108,38,95,71,145,58,75,134,274,2879,4,29,957,98,2,196,106,64,2692,5,46,0,59,54,88,29
09-15-2021,1087,26,33,957,81,36,594,173,207,167,191,1464,1373,206,124,50,34,61,1208,31,132,259,151,108,39,95,71,145,58,75,135,277,2888,4,29,961,98,2,196,107,64,2712,5,48,0,59,55,88,29
09-16-2021,1090,26,33,963,81,36,594,173,208,167,191,1465,1374,206,124,50,34,61,1213,31,132,259,151,109,39,95,71,145,58,75,135,278,2900,4,29,963,98,2,196,107,64,2736,5,48,0,59,56,88,29
09-17-2021,1095,26,33,966,81,36,597,173,208,169,191,1465,1374,210,124,50,35,63,1217,31,132,260,152,109,39,95,71,145,58,75,135,283,2905,4,29,970,98,2,197,107,64,2761,5,48,0,59,56,88,29
09-18-2021,1101,26,33,968,81,36,598,173,208,169,191,1465,1376,211,124,51,36,63,1224,31,132,260,153,113,39,95,71,145,58,77,135,287,2914,4,29,971,98,2,197,108,64,2781,5,48,0,59,56,88,29
09-19-2021,1104,26,33,974,81,36,598,174,208,169,191,1465,1378,213,124,51,36,64,1224,31,132,260,156,113,39,95,71,146,58,77,135,287,2917,4,29,972,98,3,197,108,64,2797,5,48,0,59,57,88,29
09-20-2021,1107,26,33,974,81,36,598,174,208,170,191,1466,1378,213,124,51,36,65,1224,31,132,260,156,113,39,95,71,146,58,77,135,291,2918,4,29,975,99,3,200,109,64,2801,5,48,0,59,57,88,29
09-21-2021,1109,26,33,977,81,36,603,174,209,171,192,1466,1381,213,124,52,36,65,1226,31,133,261,159,113,39,95,71,146,58,77,135,294,2922,4,29,982,99,3,203,111,64,2804,5,48,0,59,57,89,29
09-22-2021,1113,26,34,983,81,36,604,174,209,171,193,1466,1382,213,124,52,36,65,1233,31,133,262,159,115,39,95,71,147,58,78,135,294,2931,4,29,985,99,3,203,111,64,2820,5,48,0,59,57,89,29
09-23-2021,1117,26,35,985,81,36,605,174,209,171,193,1466,1382,213,124,52,36,65,1239,31,134,262,160,115,39,95,71,147,58,79,135,294,2940,4,29,989,99,3,204,111,64,2838,5,48,0,59,57,89,29
09-24-2021,1122,26,35,986,81,36,607,174,209,171,196,1466,1383,213,124,52,36,66,1241,31,134,263,160,116,40,95,71,148,58,79,135,298,2942,4,29,993,99,3,204,111,64,2853,5,49,0,59,57,89,29
09-25-2021,1126,26,35,988,81,36,609,174,210,171,196,1466,1383,214,124,52,36,66,1246,31,135,263,160,116,41,95,71,148,58,81,135,298,2946,4,29,993,99,3,204,113,64,2861,5,49,0,59,57,89,29
09-26-2021,1127,26,35,990,81,36,610,174,210,171,196,1466,1383,215,124,52,36,66,1246,31,135,264,160,116,41,95,71,148,58,81,135,298,2947,4,29,995,99,3,204,113,64,2872,5,50,0,59,57,89,29
09-27-2021,1127,26,35,990,81,36,610,174,211,172,196,1467,1384,216,124,52,36,66,1248,31,135,266,161,116,41,95,71,148,59,81,135,298,2948,4,29,999,99,3,204,113,64,2883,5,50,0,60,57,89,29
09-28-2021,1131,26,35,991,81,36,611,174,213,172,196,1467,1386,216,125,52,36,67,1254,31,136,268,161,117,41,95,71,149,59,81,135,303,2956,4,29,1003,99,3,205,114,64,2891,5,50,0,60,57,89,29
09-29-2021,1133,26,35,993,81,36,611,174,214,173,196,1467,1387,216,125,52,36,67,1257,31,136,272,163,117,41,96,71,150,60,81,135,303,2966,4,29,1004,100,3,205,114,64,2908,5,50,0,60,57,89,29
09-30-2021,1135,26,35,998,81,37,613,174,214,173,196,1467,1388,216,125,52,36,67,1260,31,136,277,163,117,41,96,71,150,60,81,135,308,2969,4,29,1005,100,3,205,115,64,2920,5,50,0,61,57,89,29
10-01-2021,1136,26,36,999,81,37,613,174,215,173,196,1467,1388,216,125,52,36,67,1263,31,136,279,163,117,41,96,71,150,60,81,135,313,2970,4,29,1008,100,4,206,115,64,2934,5,50,0,61,57,89,29
10-02-2021,1137,26,36,1000,81,37,614,174,215,173,196,1467,1388,216,125,52,36,67,1265,31,136,279,164,117,41,96,72,150,60,81,136,318,2974,4,29,1009,100,4,206,116,64,2947,5,50,0,61,57,89,29
10-03-2021,1138,26,36,1001,81,37,615,174,215,173,197,1467,1388,217,125,52,37,67,1269,31,136,279,164,117,41,96,72,150,60,81,136,318,2974,4,29,1009,100,4,206,116,64,2954,5,50,0,61,57,89,29
10-04-2021,1139,26,36,1001,81,37,615,174,215,173,198,1467,1388,217,125,52,37,67,1271,31,136,280,164,117,41,96,72,150,60,82,136,324,2975,4,29,1011,101,4,207,116,64,2960,5,51,0,61,57,89,29
10-05-2021,1141,26,36,1003,81,37,617,174,215,173,198,1468,1389,217,125,52,37,67,1276,31,136,281,164,117,41,96,72,150,60,84,136,328,2981,4,29,1011,102,4,209,116,65,2965,5,51,0,61,57,90,29
10-06-2021,1143,26,38,1004,81,37,618,174,216,174,199,1468,1389,217,125,52,37,67,1276,31,136,282,164,117,41,96,72,150,60,84,136,328,2985,4,29,1013,102,4,209,116,65,2975,5,51,0,61,57,90,29
10-07-2021,1144,26,38,1005,81,37,618,174,216,174,199,1469,1389,217,125,52,38,67,1280,31,136,283,164,117,41,96,72,150,61,84,136,333,2990,4,29,1013,102,4,209,116,65,2994,5,51,0,61,57,90,29
10-08-2021,1144,26,38,1005,81,37,618,174,216,174,199,1469,1389,218,125,53,38,67,1285,31,136,285,164,117,41,96,72,150,61,84,136,337,3003,4,29,1015,102,4,209,116,65,3012,5,51,0,61,57,90,29
10-09-2021,1146,27,38,1007,81,37,618,174,216,174,202,1469,1389,218,125,53,38,67,1287,31,136,287,164,117,41,96,72,150,61,84,136,342,3003,4,29,1015,102,4,209,116,65,3021,5,51,0,62,57,90,29
10-10-2021,1146,27,38,1007,81,37,618,174,216,174,199,1469,1389,218,126,53,38,67,1287,31,136,287,164,117,41,96,72,150,61,84,136,342,3005,4,29,1015,102,4,209,116,65,3028,5,51,0,62,57,90,29
10-11-2021,1148,27,38,1007,82,37,619,174,216,174,199,1469,1391,218,128,53,38,67,1287,31,136,287,164,117,41,96,73,150,61,84,136,346,3005,4,29,1015,102,4,209,116,65,3034,5,51,0,62,57,91,29
10-12-2021,1151,27,38,1010,82,37,619,175,216,175,199,1469,1392,218,129,53,38,67,1288,31,136,287,164,117,41,96,73,150,61,84,136,346,3007,4,29,1018,102,5,209,116,65,3044,5,51,0,62,57,91,29
10-13-2021,1152,27,38,1010,82,37,619,175,216,175,199,1469,1392,218,130,53,38,67,1290,31,136,289,164,117,41,96,73,150,61,84,136,351,3015,4,29,1019,102,5,209,116,65,3057,5,51,0,62,57,91,29
10-14-2021,1152,27,38,1011,82,37,619,175,216,175,199,1469,1392,218,130,53,38,67,1294,31,136,289,164,118,41,96,73,150,61,84,136,357,3018,4,29,1022,102,5,209,116,65,3069,5,51,0,62,57,92,29
10-15-2021,1152,27,38,1015,82,37,619,175,217,175,199,1469,1392,218,130,53,38,67,1295,32,136,289,164,118,41,96,73,150,61,84,136,362,3020,4,29,1022,102,5,209,116,65,3076,5,51,0,62,57,92,29
10-16-2021,1152,27,38,1016,82,37,620,175,217,175,199,1469,1392,218,130,53,38,67,1295,32,136,290,164,118,41,96,73,150,61,84,136,363,3022,4,29,1024,102,5,209,116,65,3083,5,51,0,62,57,92,29
10-17-2021,1153,27,38,1016,82,37,620,175,217,176,199,1469,1392,218,130,53,38,67,1296,32,136,290,164,118,41,96,73,150,61,84,136,363,3023,4,30,1026,102,5,209,116,65,3089,5,51,0,62,57,92,29
10-18-2021,1153,27,38,1017,82,37,621,175,217,176,199,1469,1392,219,130,53,38,67,1297,32,136,290,164,118,41,96,73,150,61,84,136,366,3027,4,30,1026,102,5,209,116,65,3095,5,51,0,62,57,92,29
10-19-2021,1155,27,38,1020,82,37,621,175,217,177,199,1469,1394,219,130,53,38,67,1298,32,136,290,164,118,41,96,73,150,61,84,136,366,3030,4,30,1028,102,5,209,116,65,3108,5,51,0,62,57,92,29
10-20-2021,1155,27,38,1020,82,37,622,175,217,177,199,1469,1394,219,130,53,38,67,1300,32,136,290,164,118,41,96,73,150,61,84,136,366,3031,4,30,1029,102,5,209,116,65,3113,5,51,0,62,57,92,29
10-21-2021,1155,27,38,1021,82,37,622,175,217,177,199,1469,1394,219,130,53,38,67,1302,32,136,290,164,118,41,96,73,150,61,84,136,369,3037,4,30,1030,102,5,209,116,65,3115,5,51,0,62,57,93,29
10-22-2021,1155,27,38,1022,82,37,622,175,217,177,200,1470,1394,219,130,53,38,67,1305,32,136,290,164,118,41,96,73,150,61,84,136,369,3039,4,30,1032,103,5,209,116,65,3116,5,51,0,62,57,93,29
10-23-2021,1155,27,38,1022,82,37,622,175,217,177,200,1470,1394,219,130,53,38,67,1306,32,136,290,164,118,41,96,73,150,61,84,136,369,3040,4,30,1034,103,5,209,116,65,3117,5,51,0,62,57,93,29
10-24-2021,1155,27,38,1022,82,37,622,175,217,177,201,1470,1394,219,130,53,38,67,1306,32,136,290,164,118,41,96,73,150,61,84,136,373,3040,4,30,1037,103,5,209,116,65,3117,5,51,0,62,57,93,29
10-25-2021,1155,27,38,1022,82,37,622,175,217,177,201,1470,1395,219,130,53,38,68,1306,32,136,290,164,118,41,96,73,150,61,84,136,373,3041,4,30,1038,103,5,209,116,65,3120,5,51,0,62,57,93,29
10-26-2021,1156,27,38,1023,82,37,622,175,217,177,201,1470,1395,219,130,53,38,68,1306,32,136,290,164,118,41,96,73,150,61,84,136,377,3043,4,30,1039,103,5,209,116,65,3125,5,52,0,62,57,93,29
10-27-2021,1156,27,38,1023,82,37,622,175,218,177,202,1470,1395,219,130,53,38,68,1306,32,136,290,164,118,41,96,73,150,61,84,136,377,3044,4,30,1041,103,5,209,116,65,3127,5,52,0,62,57,93,29
10-28-2021,1156,27,38,1023,82,37,622,175,218,177,202,1470,1395,219,130,53,38,68,1307,32,136,290,164,118,41,96,73,150,61,84,136,381,3044,4,30,1042,103,5,209,116,65,3130,5,52,0,62,57,93,29
10-29-2021,1156,27,38,1023,82,38,622,175,218,177,202,1470,1395,219,130,53,38,68,1308,32,136,290,164,118,41,96,73,150,61,84,136,381,3045,4,30,1043,103,5,209,116,65,3142,5,52,0,62,57,93,29
10-30-2021,1156,27,38,1024,82,38,622,175,218,177,202,1470,1395,219,130,53,38,68,1308,32,136,291,164,118,41,96,73,150,61,84,136,381,3045,4,30,1043,103,5,209,116,65,3147,5,52,0,62,57,93,29
10-31-2021,1156,27,38,1024,82,38,622,175,218,177,202,1471,1395,219,130,53,38,68,1308,32,136,291,164,118,41,96,73,150,61,84,136,384,3045,4,30,1046,103,5,209,116,65,3147,5,52,0,62,57,93,29
11-01-2021,1156,27,38,1024,82,38,622,175,218,177,202,1471,1395,219,130,53,38,68,1308,32,136,291,164,118,41,96,73,150,61,84,136,388,3047,4,30,1046,103,5,209,116,65,3148,5,52,0,62,57,93,29
11-02-2021,1156,27,38,1025,82,38,622,175,218,177,202,1471,1395,219,130,53,38,68,1308,32,136,291,164,118,41,96,73,150,61,84,136,392,3047,4,30,1047,103,5,209,116,65,3149,5,52,0,62,57,93,29
11-03-2021,1156,27,38,1025,82,38,622,175,218,177,202,1471,1395,219,130,53,38,68,1308,32,136,291,164,118,41,97,73,150,61,84,136,396,3047,4,30,1047,103,5,209,116,65,3152,5,52,0,62,57,93,29
11-04-2021,1156,27,38,1025,82,38,622,175,218,177,202,1472,1396,219,130,53,38,68,1308,33,136,291,164,118,41,97,73,150,61,84,136,397,3047,4,30,1047,103,5,209,116,65,3154,5,52,0,62,57,93,29
11-05-2021,1156,27,38,1026,82,38,622,175,218,176,202,1472,1396,218,129,53,38,66,1310,33,136,291,163,118,41,97,73,149,61,84,136,396,3053,4,30,1047,103,5,209,116,65,3155,5,52,0,62,56,93,29
11-06-2021,1156,27,38,1026,82,38,622,175,218,176,202,1472,1396,218,129,53,38,66,1311,33,136,291,163,118,41,97,73,149,61,84,136,396,3053,4,30,1047,104,5,209,116,65,3155,5,52,0,62,56,93,29
11-07-2021,1156,27,38,1026,82,38,622,175,218,176,202,1472,1396,218,129,53,38,66,1311,33,136,291,163,118,41,97,73,149,61,84,136,396,3053,4,30,1047,104,5,209,116,65,3155,5,52,0,62,56,93,29
11-08-2021,1156,27,38,1026,82,38,622,175,218,176,202,1472,1396,218,129,53,38,66,1311,33,136,291,163,118,41,97,73,149,61,84,136,396,3054,4,30,1048,104,5,209,116,65,3156,5,52,0,62,56,93,29
11-09-2021,1156,27,38,1026,82,38,622,175,218,176,202,1472,1396,218,129,53,38,66,1311,33,136,291,163,118,41,97,73,149,61,84,136,397,3054,4,30,1049,104,5,209,116,65,3157,5,52,0,62,56,93,29
11-10-2021,1157,27,38,1026,82,38,622,175,218,176,202,1472,1396,219,129,53,38,66,1311,33,136,291,163,118,41,97,73,149,61,84,136,397,3055,4,30,1049,104,5,209,116,65,3157,5,52,0,62,56,93,29
11-11-2021,1157,27,38,1026,82,38,622,175,218,176,202,1472,1396,219,129,53,38,66,1311,33,136,291,163,118,41,97,73,149,61,84,136,397,3056,4,30,1050,104,5,209,117,65,3158,5,52,0,62,56,93,29
11-12-2021,1157,27,38,1026,82,38,622,175,218,176,202,1472,1396,219,129,53,38,66,1311,33,136,291,163,118,41,97,73,149,61,84,136,398,3056,4,30,1050,104,5,209,117,65,3158,5,52,0,62,56,93,29
11-13-2021,1157,27,38,1026,82,38,622,175,218,176,202,1472,1396,219,129,53,38,66,1311,33,136,291,163,118,41,97,73,149,61,84,136,398,3056,4,30,1051,104,5,209,117,65,3158,5,52,0,62,56,93,29
11-14-2021,1157,27,38,1026,82,38,622,175,218,176,202,1472,1396,219,129,53,38,66,1311,33,136,291,163,118,41,97,73,149,61,84,136,398,3056,4,30,1053,104,5,209,117,65,3158,5,52,0,62,56,93,29
11-15-2021,1158,27,38,1026,82,38,622,175,218,176,202,1472,1396,219,129,53,38,66,1311,33,136,291,163,118,41,97,73,149,61,84,136,398,3056,4,30,1053,104,5,209,117,65,3158,5,52,0,62,56,93,29
11-16-2021,1158,27,38,1026,82,38,622,175,218,176,202,1472,1396,219,129,53,38,66,1312,33,136,291,163,118,41,97,73,149,61,84,136,398,3058,4,30,1054,104,5,209,117,65,3158,5,52,0,62,56,93,29
