Admin2,,,,,,,,,,,,,,,,,,,,,,,,,,,,,,,,,,
Province/State,Amazonas,Antioquia,Arauca,Atlantico,Bolivar,Boyaca,Caldas,Capital District,Caqueta,Casanare,Cauca,Cesar,Choco,Cordoba,Cundinamarca,Guainia,Guaviare,Huila,La Guajira,Magdalena,Meta,Narino,Norte de Santander,Putumayo,Quindio,Risaralda,San Andres y Providencia,Santander,Sucre,Tolima,Unknown,Valle del Cauca,Vaupes,Vichada
Country/Region,Colombia,Colombia,Colombia,Colombia,Colombia,Colombia,Colombia,Colombia,Colombia,Colombia,Colombia,Colombia,Colombia,Colombia,Colombia,Colombia,Colombia,Colombia,Colombia,Colombia,Colombia,Colombia,Colombia,Colombia,Colombia,Colombia,Colombia,Colombia,Colombia,Colombia,Colombia,Colombia,Colombia,Colombia
06-08-2020,73,10,0,246,188,14,8,335,2,0,6,12,12,11,38,0,0,13,6,48,11,66,14,2,5,10,0,6,2,12,0,223,0,0
06-09-2020,73,10,0,246,188,14,8,335,2,0,6,12,12,11,38,0,0,13,6,48,11,66,14,2,5,10,0,6,2,12,0,223,0,0
06-10-2020,74,10,0,277,194,14,8,344,2,0,7,12,12,13,40,0,0,13,6,49,11,68,14,2,5,10,0,7,2,12,0,233,0,0
06-11-2020,74,10,0,302,204,14,8,358,2,0,7,12,12,13,40,1,0,13,8,51,12,70,14,2,5,11,0,7,3,13,0,239,0,0
06-12-2020,76,10,0,330,204,14,8,362,2,0,8,14,16,13,41,1,0,13,8,55,12,72,14,2,5,11,0,8,5,13,0,245,0,0
06-13-2020,76,10,0,356,210,14,8,382,2,0,8,14,16,13,41,1,0,13,8,55,12,75,14,2,5,11,0,9,5,13,0,250,0,0
06-14-2020,78,10,0,377,211,14,8,388,2,0,8,14,18,13,44,1,0,13,8,57,12,77,14,2,5,11,0,9,8,13,0,255,0,0
06-15-2020,79,11,0,434,224,14,8,416,2,0,8,17,21,16,46,1,0,13,8,65,12,80,15,3,5,11,0,9,11,15,0,264,0,0
06-16-2020,79,11,0,434,224,14,8,416,2,0,8,17,21,16,46,1,0,13,8,65,12,80,15,3,5,11,0,9,11,15,0,264,0,0
06-17-2020,79,13,0,467,227,14,8,439,2,0,9,17,22,17,46,1,0,13,8,65,12,81,15,3,5,11,0,10,12,17,0,274,0,0
06-18-2020,79,13,0,500,236,14,8,448,2,0,9,17,24,17,46,1,0,13,8,66,12,84,15,3,5,11,1,10,12,17,0,284,0,0
06-19-2020,79,13,0,543,243,16,8,463,2,0,9,17,27,21,47,1,0,13,8,69,12,87,15,4,5,11,1,10,12,17,0,293,0,0
06-20-2020,85,14,0,590,253,16,8,475,2,0,9,19,27,21,47,1,0,13,8,77,12,89,15,4,5,11,1,10,15,17,0,304,0,0
06-21-2020,85,16,0,675,269,16,8,510,2,0,10,22,32,27,50,1,0,13,9,86,14,93,16,4,5,11,1,10,21,19,0,328,0,0
06-22-2020,85,16,0,714,276,16,8,518,2,0,10,22,32,28,51,1,0,13,11,88,14,95,17,4,5,11,1,11,22,19,0,336,0,0
06-23-2020,85,18,0,760,278,16,8,540,2,0,13,22,33,30,52,1,0,13,11,91,14,99,17,4,5,11,1,12,23,20,0,345,0,0
06-24-2020,85,18,0,760,278,16,8,540,2,0,13,22,33,30,52,1,0,13,11,91,14,99,17,4,5,11,1,12,23,20,0,345,0,0
06-25-2020,86,19,0,798,287,16,8,558,2,0,13,22,33,31,52,1,0,13,12,91,14,101,19,6,5,11,1,12,25,20,0,355,0,0
06-26-2020,87,22,0,888,306,16,8,575,2,0,13,22,36,34,53,1,0,13,14,100,14,105,19,6,5,11,1,13,31,22,0,369,0,0
06-27-2020,89,24,0,962,319,16,8,602,2,0,13,22,36,37,59,1,0,13,14,104,14,108,20,6,5,11,1,13,41,22,0,384,0,0
06-28-2020,89,27,0,1117,352,16,8,665,2,0,14,23,42,40,61,1,0,14,15,111,14,111,20,6,5,12,1,14,51,22,0,403,0,0
06-29-2020,89,27,0,1117,352,16,8,665,2,0,14,23,42,40,61,1,0,14,15,111,14,111,20,6,5,12,1,14,51,22,0,403,0,0
06-30-2020,90,27,0,1162,365,16,8,691,2,0,15,23,45,46,61,1,0,14,19,116,14,112,20,6,5,12,1,14,63,22,0,406,0,0
07-01-2020,90,28,0,1207,375,16,8,713,2,0,16,25,47,53,62,1,0,14,20,121,16,114,20,6,5,13,1,14,67,22,0,412,0,0
07-02-2020,90,30,0,1277,388,17,8,735,2,0,18,27,49,59,66,1,0,14,21,134,16,119,20,6,5,13,1,15,75,22,0,422,0,0
07-03-2020,90,35,0,1361,407,17,8,774,2,0,20,27,53,63,66,1,0,14,21,142,17,122,21,6,6,15,1,15,82,22,0,442,1,0
07-04-2020,90,42,0,1409,415,17,8,806,2,0,20,28,55,70,72,1,0,15,21,153,17,124,21,7,6,16,1,15,90,27,0,452,1,0
07-05-2020,90,46,0,1488,424,17,8,842,2,0,20,32,55,78,76,1,0,15,26,156,17,124,22,7,6,16,1,20,97,28,0,463,1,0
07-06-2020,90,52,0,1540,429,17,8,871,2,0,20,33,58,83,82,1,0,15,29,156,18,125,22,8,6,16,1,21,100,28,0,473,1,0
07-07-2020,97,58,0,1598,434,18,8,907,2,0,20,33,60,86,79,1,0,15,30,161,19,130,22,8,6,18,1,21,106,28,0,485,1,0
07-08-2020,99,62,0,1670,440,18,8,931,2,0,22,34,63,92,81,1,0,15,34,166,19,132,22,8,6,19,1,21,111,29,0,499,1,0
07-09-2020,99,66,0,1719,450,18,8,984,2,0,22,34,65,104,81,1,0,16,38,175,19,133,23,8,6,19,1,21,125,29,0,524,1,0
07-10-2020,101,72,0,1776,454,18,8,1026,2,1,23,35,66,131,83,1,0,17,45,178,19,136,25,8,6,21,1,24,137,29,0,541,1,0
07-11-2020,102,77,0,1837,456,19,8,1076,3,1,23,35,68,156,91,1,0,17,46,204,19,140,27,8,6,21,1,25,146,29,0,559,1,0
07-12-2020,102,90,0,1884,465,19,8,1138,3,1,23,37,70,173,104,1,0,17,51,209,20,146,27,8,6,21,1,25,157,29,0,590,1,0
07-13-2020,102,98,0,1958,474,19,8,1201,3,1,29,37,76,183,107,1,0,17,54,213,20,148,28,9,6,21,1,26,162,31,0,600,1,0
07-14-2020,103,109,0,1995,481,21,8,1248,3,1,30,38,77,198,109,1,0,17,57,214,20,151,29,9,6,22,1,30,168,31,0,609,1,0
07-15-2020,103,124,0,2039,484,21,8,1299,3,1,30,41,81,224,114,1,0,17,61,214,20,155,30,10,6,22,1,31,170,33,0,625,1,0
07-16-2020,103,133,0,2082,488,21,8,1376,3,1,34,41,84,230,119,1,0,18,64,221,21,158,33,10,6,22,1,32,178,33,0,642,1,0
07-17-2020,101,166,0,2107,495,17,7,1402,4,1,33,38,80,256,116,1,0,15,72,227,20,160,35,11,5,21,0,34,198,30,,635,1,0
07-18-2020,101,182,0,2136,499,20,7,1486,4,1,34,38,80,286,121,1,0,15,74,238,20,163,35,11,5,21,0,39,209,31,,658,1,0
07-19-2020,101,193,0,2176,502,20,7,1555,5,2,35,38,81,304,130,1,0,15,79,259,20,166,36,16,5,21,0,43,225,32,,668,1,0
07-20-2020,101,203,0,2208,506,21,7,1627,7,2,36,39,82,314,138,1,0,15,81,271,21,172,37,17,6,21,0,48,239,33,,675,1,0
07-21-2020,101,222,1,2241,509,22,7,1713,7,2,36,41,82,338,145,1,0,17,88,277,25,175,40,17,6,21,0,53,247,33,,698,1,0
07-22-2020,101,239,1,2265,516,22,7,1794,7,3,37,42,83,357,150,1,0,17,92,277,26,179,42,18,6,22,0,54,258,34,,722,1,0
07-23-2020,101,275,1,2295,520,23,7,1905,8,3,40,44,83,381,156,1,0,18,95,293,26,186,51,19,6,24,0,58,276,37,,755,1,0
07-24-2020,101,301,1,2332,528,24,7,2000,8,4,43,46,86,404,161,1,0,18,98,301,26,190,54,22,6,24,0,59,302,38,,789,1,0
07-25-2020,101,321,1,2360,533,25,9,2115,8,4,44,49,89,438,161,1,0,18,103,311,27,197,59,22,6,25,0,64,327,38,,812,1,0
07-26-2020,101,321,1,2360,533,25,9,2115,8,4,44,49,89,438,161,1,0,18,103,311,27,197,59,22,6,25,0,64,327,38,,812,1,0
07-27-2020,101,363,1,2413,551,26,9,2307,12,4,52,52,95,488,187,1,0,18,105,320,30,210,70,24,6,25,0,68,346,37,,855,1,0
07-28-2020,102,394,1,2436,555,26,9,2392,15,4,54,53,95,548,195,1,0,18,106,327,30,220,80,27,7,26,0,69,351,44,,888,1,0
07-29-2020,102,429,1,2475,571,27,10,2517,16,4,57,61,100,600,198,1,0,20,112,338,30,235,87,28,8,26,0,79,356,47,,918,1,0
07-30-2020,102,478,3,2500,588,27,10,2658,18,4,60,61,102,631,206,1,0,20,115,350,30,246,101,28,8,27,0,84,363,47,,941,1,0
07-31-2020,102,521,3,2526,590,28,11,2748,21,4,63,64,102,660,210,1,0,26,119,363,36,255,104,37,8,27,0,88,371,53,,963,1,0
08-01-2020,102,537,3,2545,595,29,12,2828,23,5,64,63,102,665,239,1,0,26,122,368,36,261,113,38,8,29,0,110,372,53,,980,1,0
08-02-2020,102,593,3,2565,596,30,13,2910,29,5,68,68,104,688,256,1,0,27,127,374,40,269,125,40,8,32,0,124,377,55,,1020,1,0
08-03-2020,104,625,4,2586,603,32,14,3052,33,6,69,73,105,727,267,1,0,27,131,376,42,274,139,47,8,34,0,137,381,61,,1058,1,0
08-04-2020,104,655,5,2598,605,31,15,3169,41,6,74,75,106,756,279,1,0,27,134,391,44,282,145,47,9,41,0,145,386,62,,1081,1,0
08-05-2020,104,712,5,2620,607,30,15,3261,43,6,78,82,108,773,287,1,0,27,139,395,44,290,166,53,9,42,0,163,387,70,,1106,1,0
08-06-2020,104,736,6,2635,612,33,16,3375,47,6,83,82,111,789,293,1,0,27,140,411,45,299,187,57,9,44,0,185,391,73,,1141,1,0
08-07-2020,104,788,7,2649,616,33,17,3481,50,6,86,83,114,796,304,1,0,32,140,421,50,312,201,59,11,44,0,200,393,74,,1177,1,0
08-08-2020,104,834,8,2669,619,34,17,3578,54,6,86,90,114,802,312,1,0,34,145,427,52,323,224,59,11,48,0,222,393,74,,1199,1,0
08-09-2020,104,878,8,2680,623,37,17,3668,59,7,92,97,114,820,320,1,0,36,145,433,57,335,246,63,13,51,0,236,395,80,,1226,1,0
08-10-2020,104,903,8,2699,630,39,18,3778,68,7,96,100,119,852,327,1,0,42,146,438,57,345,262,63,13,51,0,266,395,84,,1242,1,0
08-11-2020,105,937,8,2715,630,41,20,3883,74,8,98,101,120,874,338,1,0,49,150,445,64,352,273,75,13,53,0,289,400,90,,1268,1,0
08-12-2020,105,989,9,2726,635,43,22,3998,82,9,101,104,121,903,353,1,0,54,155,458,70,362,298,75,13,55,0,304,402,91,,1298,1,0
08-13-2020,105,1023,9,2734,637,46,22,4096,84,9,105,106,121,909,378,1,0,56,159,466,76,373,328,77,15,56,0,329,409,94,,1321,1,0
08-14-2020,106,1066,10,2750,642,50,23,4172,91,11,111,113,122,928,393,1,0,59,163,479,81,392,353,83,16,61,0,352,412,96,,1355,1,0
08-15-2020,107,1121,10,2756,644,52,24,4269,100,12,112,117,123,936,413,1,0,60,166,498,88,400,368,89,18,62,0,378,413,98,,1374,1,0
08-16-2020,107,1161,10,2765,644,54,24,4358,103,13,114,124,123,949,430,1,0,67,170,505,92,409,386,89,18,62,0,397,419,101,,1401,1,0
08-17-2020,107,1201,11,2774,644,54,24,4424,113,13,120,130,123,963,439,2,0,69,175,522,100,414,402,92,18,65,0,426,422,104,,1420,1,0
08-18-2020,107,1226,11,2783,648,55,27,4494,120,14,123,136,124,972,451,2,0,72,178,529,108,421,415,99,18,67,0,437,424,112,,1445,1,0
08-19-2020,107,1270,11,2798,651,56,28,4587,131,16,123,139,125,1017,468,2,0,77,186,554,111,426,439,103,19,68,0,454,429,118,,1465,1,0
08-20-2020,107,1293,11,2806,656,56,28,4647,135,17,123,146,125,1041,472,2,0,78,188,558,113,436,449,103,19,71,0,470,429,123,,1479,1,1
08-21-2020,107,1334,11,2814,657,58,30,4754,141,17,128,165,126,1055,509,2,0,81,191,572,117,437,468,110,20,73,0,506,433,133,,1517,1,1
08-22-2020,107,1334,11,2814,657,58,30,4754,141,17,128,165,126,1055,509,2,0,81,191,572,117,437,468,110,20,73,0,506,433,133,,1517,1,1
08-23-2020,107,1417,13,2832,679,60,38,4951,160,18,132,200,130,1089,539,2,0,90,203,596,139,449,514,116,25,77,0,563,449,148,,1578,1,1
08-24-2020,107,1465,13,2841,682,61,40,5008,166,18,140,212,132,1103,559,2,0,94,207,603,148,458,531,117,29,83,0,587,457,150,,1597,1,1
08-25-2020,107,1493,14,2851,685,62,41,5084,173,20,143,222,134,1110,569,2,1,93,210,622,153,465,542,121,29,83,0,619,462,155,,1622,1,1
08-26-2020,107,1533,14,2852,688,64,41,5160,177,21,143,233,135,1144,590,2,1,99,213,626,158,468,563,125,29,86,1,643,467,159,,1640,1,1
08-27-2020,107,1571,14,2863,692,63,41,5230,180,21,146,233,135,1193,600,2,1,109,218,633,167,475,564,127,29,86,1,668,469,168,,1659,1,1
08-28-2020,108,1603,14,2876,695,63,43,5276,189,23,149,252,135,1226,611,2,1,111,224,654,177,477,590,130,31,92,1,689,475,168,,1679,1,1
08-29-2020,109,1628,17,2884,699,71,50,5310,195,24,150,267,136,1241,627,2,1,122,225,666,185,493,616,131,31,101,1,723,481,177,,1698,1,1
08-30-2020,109,1652,17,2892,701,73,54,5375,196,24,153,285,136,1261,640,2,1,131,226,677,191,503,637,132,35,105,1,752,488,181,,1731,1,1
08-31-2020,111,1694,17,2900,702,78,56,5437,197,24,158,296,136,1303,659,2,1,137,231,682,200,513,641,133,38,108,1,774,491,184,,1756,1,1
09-01-2020,111,1746,18,2907,711,79,59,5548,204,24,162,313,138,1345,663,3,1,143,235,690,213,527,664,137,41,115,1,785,495,188,,1781,1,2
09-02-2020,110,1784,18,2917,716,81,61,5593,207,24,166,325,138,1353,691,5,1,149,238,695,223,542,678,139,42,120,3,821,503,193,,1805,1,3
09-03-2020,110,1809,19,2927,721,84,61,5652,211,26,171,336,139,1357,709,5,4,162,242,700,235,549,691,141,43,123,4,844,509,201,,1829,1,3
09-04-2020,110,1809,19,2927,721,84,61,5652,211,26,171,336,139,1357,709,5,4,162,242,700,235,549,691,141,43,123,4,844,509,201,,1829,1,3
09-05-2020,111,1831,19,2930,723,87,70,5712,215,26,176,345,139,1375,729,6,4,172,247,710,250,554,692,141,45,128,4,865,521,204,,1851,1,3
09-06-2020,111,1889,21,2946,726,89,74,5825,223,28,184,365,142,1410,749,6,4,186,248,731,270,567,722,142,49,138,5,923,533,211,,1891,1,3
09-07-2020,111,1889,21,2946,726,89,74,5825,223,28,184,365,142,1410,749,6,4,186,248,731,270,567,722,142,49,138,5,923,533,211,,1891,1,3
09-08-2020,111,1936,22,2954,728,92,76,5865,228,30,186,370,144,1413,758,6,0,191,249,735,278,571,728,142,49,142,5,947,533,214,,1904,1,3
09-09-2020,111,1980,24,2962,731,98,79,5990,240,30,192,376,145,1429,785,8,4,208,255,745,289,581,748,144,55,156,5,987,537,225,,1930,1,3
09-10-2020,111,2011,26,2968,735,98,79,6033,245,31,197,390,145,1435,795,8,4,213,256,751,299,591,761,145,55,159,5,1005,538,228,,1953,1,4
09-11-2020,113,2034,26,2970,735,100,83,6086,249,31,203,412,146,1439,806,9,4,220,257,753,308,599,780,145,56,168,6,1023,540,233,,1978,2,4
09-12-2020,115,2053,26,2974,738,102,84,6132,256,32,208,424,147,1447,813,9,4,224,259,759,314,604,793,149,58,170,7,1047,542,236,,2002,2,4
09-13-2020,115,2072,28,2976,742,107,86,6178,258,33,212,437,147,1456,829,9,4,234,264,761,320,607,793,154,62,174,7,1058,543,238,,2013,3,4
09-14-2020,115,2089,28,2985,748,108,86,6229,262,33,213,447,149,1463,840,9,5,242,268,762,330,614,799,154,64,177,8,1071,544,246,,2027,4,4
09-15-2020,115,2102,28,2993,750,110,88,6266,265,36,215,448,152,1467,845,9,6,246,268,775,338,620,800,154,66,181,9,1089,546,252,,2041,4,4
09-16-2020,115,2126,30,2999,750,111,91,6303,268,37,215,458,152,1473,862,10,9,255,271,777,343,624,809,155,69,185,9,1105,548,260,,2050,5,4
09-17-2020,115,2145,32,3002,752,113,97,6335,269,39,219,475,152,1473,879,10,10,261,272,780,353,627,816,158,73,188,9,1118,549,270,,2065,5,4
09-18-2020,115,2145,32,3002,752,113,97,6335,269,39,219,475,152,1473,879,10,10,261,272,780,353,627,816,158,73,188,9,1118,549,270,,2065,5,4
09-19-2020,115,2187,34,3016,754,117,106,6408,274,41,224,494,154,1480,898,10,11,282,275,789,366,638,831,160,76,195,9,1158,559,277,,2092,5,4
09-20-2020,115,2203,35,3021,754,123,107,6448,274,41,226,504,154,1492,905,10,11,290,278,791,366,642,838,161,79,198,9,1172,565,283,,2103,6,4
09-21-2020,116,2222,36,3030,758,123,107,6481,277,42,226,514,154,1494,916,10,11,301,282,800,376,656,845,162,81,204,10,1186,565,285,0,2117,6,4
09-22-2020,116,2222,36,3030,758,123,107,6481,277,42,226,514,154,1494,916,10,11,301,282,800,376,656,845,162,81,204,10,1186,565,285,0,2117,6,4
09-23-2020,116,2266,39,3037,761,129,114,6568,282,41,238,526,155,1505,929,10,11,310,286,806,381,663,856,164,87,220,10,1209,570,293,0,2154,6,4
09-24-2020,117,2285,40,3042,763,131,116,6611,282,41,241,536,155,1510,942,11,11,315,289,810,386,665,861,165,90,225,11,1223,570,300,-178,2169,7,4
09-25-2020,117,2296,41,3053,764,133,120,6650,284,43,246,546,155,1511,952,11,12,324,291,812,392,668,868,167,90,231,11,1236,570,308,0,2189,8,4
09-26-2020,117,2314,42,3057,765,137,123,6683,289,44,252,555,155,1520,963,12,12,332,292,816,400,674,874,169,96,234,14,1249,572,314,0,2207,9,4
09-27-2020,117,2337,44,3062,766,144,125,6714,296,46,257,565,155,1526,973,12,13,344,297,822,404,675,880,169,96,237,14,1271,575,319,0,2220,9,4
09-28-2020,117,2358,47,3066,766,147,126,6727,297,46,259,576,155,1535,982,12,14,354,300,827,405,678,887,170,96,241,14,1288,575,326,0,2237,9,4
09-29-2020,117,2389,47,3066,770,147,129,6772,297,48,262,590,155,1539,990,12,16,361,302,829,405,682,891,170,98,244,14,1305,577,333,0,2257,10,4
09-30-2020,117,2399,50,3072,777,150,131,6783,304,48,263,599,156,1538,997,13,17,370,307,836,416,683,902,176,99,247,15,1316,582,339,0,2282,10,4
10-01-2020,117,2440,52,3071,776,154,133,6825,304,48,269,608,157,1547,1006,14,17,376,309,838,424,687,907,176,105,252,15,1324,582,341,0,2306,11,5
10-02-2020,117,2464,53,3074,780,157,135,6855,305,51,274,630,157,1550,1018,14,17,382,314,841,428,691,912,176,108,260,16,1341,584,351,0,2326,11,5
10-03-2020,117,2486,55,3076,783,160,141,6874,308,51,278,636,157,1554,1026,15,18,387,318,846,433,692,920,177,114,268,16,1351,584,359,0,2340,11,5
10-04-2020,117,2505,56,3077,786,164,142,6898,311,56,283,646,158,1560,1032,15,18,401,322,850,435,695,923,179,117,270,16,1359,584,362,0,2359,11,5
10-05-2020,117,2524,56,3079,787,169,143,6917,314,56,286,656,158,1565,1040,16,18,405,326,855,438,698,930,179,119,274,16,1372,584,364,0,2367,11,5
10-06-2020,117,2549,57,3079,789,173,146,6942,317,56,289,665,158,1568,1043,16,19,415,331,858,440,707,940,181,123,277,17,1393,586,370,0,2379,12,5
10-07-2020,117,2568,59,3080,793,176,151,6982,321,57,292,672,158,1569,1044,16,19,428,335,858,442,708,945,181,126,283,17,1404,586,381,0,2395,12,5
10-08-2020,117,2568,59,3080,793,176,151,6982,321,57,292,672,158,1569,1044,16,19,428,335,858,442,708,945,181,126,283,17,1404,586,381,0,2395,12,5
10-09-2020,117,2592,62,3080,795,177,157,7015,328,57,295,675,158,1571,1051,16,19,432,337,862,447,710,950,183,132,285,20,1412,590,384,164,2405,12,5
10-10-2020,117,2634,64,3083,801,191,164,7072,335,59,297,688,158,1577,1067,17,19,447,345,862,456,715,964,184,137,290,22,1443,593,400,0,2442,12,5
10-11-2020,117,2634,64,3083,801,191,164,7072,335,59,297,688,158,1577,1067,17,19,447,345,862,456,715,964,184,137,290,22,1443,593,400,174,2442,12,5
10-12-2020,117,2701,67,3089,804,201,168,7129,340,60,301,696,159,1580,1081,17,20,469,351,865,466,719,974,186,143,294,23,1462,596,421,0,2469,12,5
10-13-2020,117,2727,67,3093,805,203,170,7155,345,62,302,703,159,1584,1088,17,20,477,356,865,471,721,980,187,148,298,23,1474,597,431,0,2479,12,5
10-14-2020,117,2755,67,3094,808,209,177,7186,346,63,306,705,159,1585,1095,17,20,484,356,865,477,725,983,190,148,302,23,1488,597,444,0,2497,12,6
10-15-2020,117,2772,68,3097,811,210,181,7212,348,63,309,713,159,1590,1105,17,20,488,363,866,480,728,987,190,148,307,23,1501,599,451,0,2515,12,7
10-16-2020,117,2772,68,3097,811,210,181,7212,348,63,309,713,159,1590,1105,17,20,488,363,866,480,728,987,190,148,307,23,1501,599,451,159,2515,12,7
10-17-2020,117,2819,71,3100,816,221,194,7277,351,67,322,728,160,1593,1120,17,21,502,371,867,481,734,996,192,167,313,27,1518,600,466,0,2556,12,7
10-18-2020,117,2837,75,3102,817,227,201,7302,361,67,325,735,160,1595,1126,18,21,509,374,869,485,738,1001,193,169,325,28,1527,602,470,0,2575,12,7
10-19-2020,117,2853,76,3104,819,232,209,7322,365,71,329,741,160,1596,1128,18,21,515,376,871,487,739,1001,193,172,331,28,1541,604,478,0,2586,12,7
10-20-2020,117,2878,79,3110,820,238,215,7345,367,71,333,743,160,1601,1135,18,21,524,377,872,487,741,1007,194,178,338,28,1554,606,492,0,2603,12,8
10-21-2020,117,2911,80,3113,821,241,220,7368,373,72,339,750,160,1604,1139,18,21,535,379,876,488,744,1011,195,190,341,29,1569,606,509,0,2625,12,8
10-22-2020,117,2940,83,3113,823,247,223,7404,374,72,343,756,160,1608,1144,18,21,546,381,877,490,747,1018,196,193,345,29,1580,606,518,0,2644,12,9
10-23-2020,117,2963,84,3114,829,251,227,7432,376,73,347,761,160,1608,1150,18,21,553,382,883,493,751,1027,196,201,351,29,1593,607,521,0,2663,12,9
10-24-2020,117,2997,88,3114,830,258,232,7457,380,79,353,764,161,1608,1161,18,21,561,388,885,496,754,1032,197,206,362,30,1606,607,534,0,2683,12,9
10-25-2020,117,3013,88,3115,830,268,238,7490,382,81,357,774,161,1608,1166,18,21,574,390,887,496,756,1038,198,214,368,30,1614,608,537,-154,2696,12,9
10-26-2020,117,3048,90,3117,833,273,246,7514,383,83,359,787,161,1609,1174,18,21,585,392,889,504,756,1044,199,218,375,30,1622,609,552,0,2719,12,9
10-27-2020,117,3086,90,3121,836,279,253,7540,387,83,362,796,162,1610,1186,18,22,607,395,892,508,757,1050,199,222,382,30,1644,613,563,0,2734,12,9
10-28-2020,117,3108,90,3123,839,285,260,7567,389,86,365,801,162,1610,1193,18,23,620,398,896,512,758,1063,201,224,389,30,1658,614,576,,2757,12,9
10-29-2020,117,3108,90,3123,839,285,260,7567,389,86,365,801,162,1610,1193,18,23,620,398,896,512,758,1063,201,224,389,30,1658,614,576,173,2757,12,9
10-30-2020,117,3149,94,3125,841,290,263,7589,392,88,369,806,162,1611,1199,18,23,630,403,897,517,758,1069,202,234,396,30,1658,614,580,505,2771,12,9
10-31-2020,117,3221,94,3131,846,300,278,7650,396,94,373,813,163,1613,1210,18,23,650,407,900,526,758,1088,206,251,406,31,1693,614,612,296,2799,12,9
11-01-2020,117,3253,97,3135,846,305,287,7670,398,95,376,819,162,1617,1226,18,23,670,410,901,529,758,1095,206,254,409,31,1700,615,628,296,2829,12,9
11-02-2020,117,3272,97,3136,850,310,295,7688,398,99,377,820,162,1619,1235,18,24,676,412,909,533,775,1108,206,257,415,31,1710,616,638,0,2829,12,9
11-03-2020,118,3298,98,3137,851,316,296,7715,404,101,383,825,162,1621,1241,18,25,691,415,913,538,776,1112,206,268,421,31,1717,618,646,0,2865,12,9
11-04-2020,120,3322,98,3140,854,321,307,7748,405,101,387,827,163,1623,1245,18,25,701,418,913,545,778,1116,206,274,424,31,1730,619,658,0,2875,12,9
11-05-2020,120,3360,99,3140,854,325,315,7787,406,103,395,830,163,1624,1254,18,25,714,420,915,550,778,1127,206,280,430,31,1742,619,664,0,2893,12,10
11-06-2020,120,3394,99,3142,856,337,323,7820,406,106,395,832,163,1625,1257,18,25,725,420,916,553,785,1144,207,280,432,31,1756,619,679,0,2918,12,10
11-07-2020,120,3428,100,3142,859,344,331,7854,410,107,396,835,163,1628,1265,18,25,733,421,920,555,787,1153,207,288,439,31,1765,619,692,0,2938,12,10
11-08-2020,120,3458,103,3146,863,351,332,7893,414,111,396,841,163,1628,1272,19,25,744,422,921,557,789,1164,207,295,444,31,1778,621,700,0,2961,12,10
11-09-2020,120,3484,103,3149,864,356,342,7917,419,114,397,847,163,1632,1279,19,25,755,425,927,557,791,1168,211,309,447,31,1792,624,706,0,2978,12,11
11-10-2020,120,3510,104,3151,864,364,350,7956,422,114,398,850,163,1632,1288,19,26,769,426,928,558,792,1173,211,318,449,31,1804,624,713,0,2978,12,11
11-11-2020,120,3540,106,3151,868,367,352,7987,424,117,400,851,163,1632,1293,19,26,780,430,931,562,793,1181,213,320,453,31,1809,626,720,0,3024,12,11
11-12-2020,120,3567,106,3154,870,368,357,8015,426,121,401,853,163,1635,1306,19,26,788,432,932,567,795,1192,214,330,460,31,1816,628,729,0,3047,12,11
11-13-2020,120,3567,106,3154,870,368,357,8015,426,121,401,853,163,1635,1306,19,26,788,432,932,567,795,1192,214,330,460,31,1816,628,729,178,3047,12,11
11-14-2020,121,3600,107,3155,873,375,365,8047,428,121,404,856,163,1636,1312,19,26,801,434,932,577,797,1198,214,330,464,31,1824,629,736,160,3071,12,11
11-15-2020,121,3644,108,3161,875,385,378,8113,431,131,406,860,163,1637,1322,19,26,828,437,937,584,802,1215,217,355,482,31,1851,632,751,0,3106,12,11
11-16-2020,122,3644,108,3161,875,393,384,8113,431,133,406,860,163,1637,1322,19,26,838,438,937,585,802,1218,217,365,483,31,1854,632,761,128,3114,12,11
11-17-2020,122,3696,110,3166,879,396,390,8155,438,133,410,865,163,1637,1335,19,26,846,442,946,587,809,1233,217,370,494,31,1871,632,777,0,3163,12,11
11-18-2020,122,3731,111,3169,882,400,397,8175,440,134,414,868,165,1638,1342,19,27,852,443,948,596,812,1238,217,379,498,31,1887,632,786,0,3187,12,11
11-19-2020,122,3757,113,3169,884,406,404,8206,445,138,419,870,165,1643,1352,19,27,864,444,950,601,818,1244,217,386,506,31,1900,634,799,0,3205,12,11
11-20-2020,122,3785,113,3174,884,411,410,8228,446,139,422,874,165,1644,1357,19,27,874,446,954,603,818,1253,217,391,513,31,1909,635,803,0,3239,12,11
11-21-2020,122,3811,114,3177,886,418,419,8262,450,143,425,877,166,1644,1363,19,27,884,446,954,604,822,1259,217,396,520,31,1922,635,806,0,3262,12,11
11-22-2020,123,3840,115,3182,886,419,433,8285,451,144,426,879,166,1644,1368,19,27,900,446,956,607,828,1276,217,400,524,31,1930,635,820,0,3287,12,11
11-23-2020,123,3868,116,3188,889,423,441,8327,453,146,428,880,166,1646,1376,19,27,910,446,956,607,828,1288,217,410,530,31,1938,637,829,0,3313,12,11
11-24-2020,123,3894,116,3190,893,426,446,8361,458,146,430,881,166,1646,1386,19,27,915,446,957,611,836,1302,222,416,536,33,1950,638,843,0,3341,12,11
11-25-2020,123,3924,116,3194,899,430,457,8392,459,146,430,884,166,1646,1389,19,28,921,447,960,615,838,1317,222,419,539,33,1964,642,847,0,3371,12,11
11-26-2020,123,3946,117,3195,900,441,460,8421,463,146,432,889,166,1646,1393,19,28,927,449,963,618,841,1329,223,424,543,33,1976,642,851,0,3392,12,11
11-27-2020,123,3986,117,3198,903,448,464,8449,466,146,435,894,166,1649,1396,19,29,937,454,964,624,844,1341,223,430,544,33,1988,643,865,0,3413,12,11
11-28-2020,123,4013,117,3199,903,456,468,8477,472,147,437,896,166,1649,1401,19,30,949,456,968,625,847,1353,224,442,549,33,1997,645,876,0,3441,12,11
11-29-2020,123,4038,117,3203,909,463,475,8505,474,149,440,898,166,1650,1412,19,30,955,457,970,629,849,1365,224,446,552,33,2013,646,884,0,3467,12,11
11-30-2020,123,4065,117,3206,911,472,477,8536,476,149,441,902,166,1650,1415,19,30,963,467,973,631,849,1378,224,453,559,33,2020,650,892,0,3495,12,12
12-01-2020,123,4086,117,3208,914,478,484,8570,480,150,443,904,166,1652,1420,19,30,969,469,978,634,854,1388,226,455,568,33,2032,650,903,0,3507,12,12
12-02-2020,123,4107,117,3212,919,482,491,8600,480,151,447,913,166,1654,1424,19,30,977,473,984,636,854,1403,227,462,571,33,2038,651,919,0,3530,12,12
12-03-2020,123,4130,117,3214,921,487,494,8634,480,151,450,918,166,1656,1425,19,30,981,476,986,638,855,1420,228,473,579,33,2056,653,931,0,3557,12,12
12-04-2020,123,4154,118,3217,927,492,499,8656,480,152,450,923,166,1657,1445,19,32,984,481,988,641,857,1429,229,476,583,33,2062,656,942,0,3572,12,12
12-05-2020,123,4169,118,3221,933,497,505,8681,482,152,453,926,166,1657,1451,19,32,985,482,990,644,862,1444,229,480,593,33,2067,657,951,0,3607,12,12
12-06-2020,123,4184,120,3227,937,505,509,8721,485,152,456,925,166,1657,1455,19,33,990,491,993,645,862,1461,229,486,596,34,2078,657,957,0,3631,12,12
12-07-2020,123,4208,121,3231,942,511,516,8744,487,153,457,927,166,1658,1468,19,33,1000,493,993,648,865,1483,229,492,598,34,2083,658,968,0,3663,12,12
12-08-2020,123,4237,122,3238,946,515,518,8770,488,153,457,929,166,1658,1476,19,33,1006,495,993,653,865,1497,229,498,606,34,2092,659,978,0,3681,12,12
12-09-2020,123,4254,122,3243,951,517,519,8792,489,153,459,930,166,1659,1480,19,33,1011,498,994,658,871,1506,230,500,611,34,2098,661,985,0,3718,12,12
12-10-2020,123,4269,123,3249,956,520,524,8814,491,155,459,931,166,1659,1480,19,34,1015,502,994,661,879,1533,230,502,622,35,2107,661,1003,0,3744,12,12
12-11-2020,123,4289,124,3257,959,523,530,8843,492,156,461,934,166,1659,1495,19,34,1020,502,994,665,885,1548,231,516,626,36,2121,661,1009,0,3767,12,12
12-12-2020,123,4318,125,3262,970,526,535,8880,494,158,463,939,166,1659,1502,19,34,1026,503,995,667,885,1565,232,523,629,36,2130,664,1024,0,3790,12,12
12-13-2020,123,4331,125,3271,976,532,539,8919,496,158,466,941,167,1659,1511,19,35,1030,505,998,673,889,1579,232,530,634,36,2140,665,1038,0,3812,12,12
12-14-2020,123,4348,126,3277,981,535,541,8944,497,158,468,943,167,1659,1517,19,35,1032,508,1005,674,891,1594,233,533,641,36,2149,665,1043,0,3827,12,14
12-15-2020,124,4368,127,3281,983,536,544,8973,498,160,468,945,167,1659,1525,19,35,1034,513,1006,681,894,1605,234,539,644,36,2167,665,1055,0,3845,12,14
12-16-2020,124,4394,127,3290,988,547,550,9009,502,160,468,948,168,1660,1541,19,35,1040,514,1008,683,896,1623,234,539,646,36,2177,667,1064,0,3877,12,14
12-17-2020,124,4394,127,3290,991,549,561,9009,502,162,468,948,168,1660,1542,19,35,1044,515,1008,684,896,1633,234,553,646,36,2181,667,1072,160,3883,12,14
12-18-2020,124,4456,127,3305,999,551,565,9103,504,162,471,956,168,1662,1561,19,35,1050,518,1015,688,903,1678,234,558,664,36,2199,669,1085,0,3928,12,14
12-19-2020,124,4483,129,3312,1004,553,573,9137,506,163,476,960,168,1663,1571,19,36,1058,520,1020,693,906,1721,234,565,671,36,2209,669,1105,0,3958,12,14
12-20-2020,124,4503,129,3320,1005,558,579,9185,509,164,479,962,168,1667,1581,19,36,1059,523,1021,694,910,1739,235,574,679,36,2224,669,1118,0,3980,12,14
12-21-2020,124,4524,129,3331,1009,560,585,9224,510,166,481,967,168,1669,1588,19,36,1065,528,1033,699,915,1763,235,574,683,36,2238,670,1118,0,4007,12,14
12-22-2020,124,4552,129,3341,1013,563,590,9280,512,166,484,970,168,1671,1599,19,36,1069,529,1034,705,924,1787,235,586,691,37,2249,671,1143,0,4028,12,14
12-23-2020,124,4575,129,3353,1020,570,596,9323,517,172,487,972,168,1673,1607,19,36,1074,531,1041,711,932,1814,236,600,697,37,2264,671,1149,0,4050,12,14
12-24-2020,124,4602,130,3364,1025,573,606,9381,519,175,490,975,168,1673,1625,19,36,1081,533,1045,716,939,1847,238,606,705,37,2284,672,1171,0,4069,12,14
12-25-2020,124,4630,130,3375,1030,577,614,9437,522,176,491,975,169,1675,1636,19,36,1086,533,1045,717,941,1866,239,612,710,37,2298,674,1185,0,4105,12,14
12-26-2020,125,4662,130,3385,1035,585,619,9479,523,177,491,981,169,1675,1652,19,36,1090,536,1051,720,946,1897,239,624,716,37,2312,675,1193,0,4138,12,14
12-27-2020,125,4683,131,3395,1048,592,624,9529,524,177,491,985,169,1675,1664,20,36,1098,536,1052,723,949,1921,239,628,722,38,2328,675,1206,0,4162,12,14
12-28-2020,125,4698,131,3399,1058,597,625,9579,526,179,493,988,169,1676,1673,20,36,1098,540,1052,725,952,1942,241,634,733,38,2344,676,1220,0,4181,12,14
12-29-2020,125,4721,131,3410,1067,602,629,9631,529,180,496,988,169,1676,1683,20,36,1109,540,1059,729,960,1963,241,635,740,38,2359,677,1237,0,4214,12,14
12-30-2020,125,4728,132,3410,1077,609,635,9631,529,182,496,989,169,1676,1684,20,37,1113,540,1059,732,960,1975,243,643,740,39,2361,677,1245,195,4232,12,14
12-31-2020,125,4786,134,3433,1092,614,640,9788,530,182,502,995,169,1678,1712,20,37,1125,541,1072,741,974,2010,244,652,752,39,2383,678,1265,0,4274,12,14
01-01-2021,125,4817,134,3443,1107,620,644,9868,533,182,505,996,169,1679,1726,20,37,1130,545,1075,745,987,2022,245,659,760,39,2405,679,1276,0,4297,12,14
01-02-2021,125,4848,134,3452,1115,630,650,9934,533,182,507,999,169,1680,1736,20,37,1135,547,1079,747,998,2045,245,668,770,39,2417,681,1288,0,4329,12,14
01-03-2021,125,4864,134,3462,1128,638,652,9981,534,184,507,1000,169,1680,1746,20,37,1141,547,1085,751,1006,2057,245,672,779,39,2425,681,1304,0,4345,13,14
01-04-2021,125,4871,134,3462,1128,642,659,9981,534,185,507,1000,169,1680,1746,20,37,1143,547,1085,751,1006,2072,246,672,779,40,2431,681,1311,167,4349,13,14
01-05-2021,125,4929,134,3481,1132,647,663,10131,536,187,509,1002,169,1682,1756,20,37,1145,548,1090,756,1022,2092,247,676,797,40,2449,684,1318,0,4397,13,14
01-06-2021,126,4965,135,3489,1135,651,673,10203,536,186,509,1004,169,1682,1773,20,37,1154,548,1092,759,1027,2123,248,680,808,40,2468,684,1333,0,4439,13,14
01-07-2021,127,5004,135,3504,1142,660,682,10286,538,190,513,1009,169,1682,1783,20,37,1159,551,1094,762,1041,2157,248,687,818,40,2483,684,1354,0,4481,13,14
01-08-2021,127,5031,136,3518,1153,670,691,10387,543,190,518,1012,169,1683,1799,20,37,1170,556,1101,767,1059,2171,250,698,829,41,2508,684,1373,0,4513,13,14
01-09-2021,127,5070,137,3534,1159,678,699,10472,546,191,521,1014,169,1683,1831,20,37,1183,558,1107,776,1065,2189,252,706,843,41,2530,685,1379,0,4555,13,14
01-10-2021,127,5112,137,3550,1162,684,704,10564,550,191,522,1016,169,1683,1854,20,37,1189,558,1109,778,1074,2198,255,715,849,42,2542,685,1419,0,4591,13,15
01-11-2021,127,5146,137,3566,1169,696,712,10650,552,191,526,1020,169,1685,1884,20,37,1196,562,1113,784,1083,2210,258,721,859,42,2556,686,1437,0,4629,13,15
01-12-2021,128,5180,139,3575,1174,699,716,10743,555,193,530,1024,169,1686,1916,20,37,1209,565,1121,789,1096,2224,260,729,867,42,2575,686,1462,0,4644,13,16
01-13-2021,128,5214,143,3587,1177,703,724,10829,558,194,532,1028,169,1686,1934,20,37,1217,567,1124,797,1107,2262,261,736,882,42,2591,686,1483,0,4676,13,17
01-14-2021,128,5252,143,3605,1185,707,731,10922,559,197,535,1031,169,1687,1968,20,37,1233,568,1126,800,1113,2279,263,747,894,42,2609,687,1504,0,4720,13,17
01-15-2021,128,5282,143,3615,1189,715,738,11048,563,198,543,1034,169,1689,1989,20,37,1237,571,1131,807,1123,2305,263,755,904,42,2624,688,1528,0,4760,13,17
01-16-2021,129,5336,144,3628,1189,723,748,11162,565,200,549,1039,169,1689,2008,20,37,1249,572,1135,814,1139,2321,263,764,913,42,2643,690,1551,0,4795,13,17
01-17-2021,129,5393,145,3640,1192,734,758,11243,570,200,551,1042,169,1692,2040,20,37,1263,574,1137,815,1149,2333,264,769,923,42,2660,690,1579,0,4847,13,18
01-18-2021,130,5441,147,3653,1193,745,761,11347,571,203,557,1043,170,1692,2077,20,37,1272,576,1140,823,1162,2349,267,775,930,42,2681,691,1599,0,4877,13,20
01-19-2021,131,5467,147,3665,1202,753,768,11462,572,203,562,1048,171,1693,2101,20,37,1289,578,1143,828,1177,2374,267,783,936,42,2712,692,1628,0,4918,13,20
01-20-2021,132,5506,147,3678,1207,767,775,11580,572,205,566,1050,172,1695,2134,20,38,1311,580,1144,833,1193,2387,268,786,945,42,2729,693,1651,0,4953,13,20
01-21-2021,132,5538,147,3695,1218,786,786,11697,574,205,573,1055,172,1698,2165,20,38,1331,580,1147,837,1213,2402,269,789,949,42,2741,695,1667,0,4993,13,20
01-22-2021,132,5582,148,3713,1221,797,797,11787,577,208,579,1058,172,1702,2200,20,38,1345,582,1152,844,1227,2411,270,792,958,42,2757,697,1700,0,5045,13,20
