Admin2,,,,,,,,,,,,,,,,
Province/State,Aruba,Curacao,Drenthe,Flevoland,Friesland,Gelderland,Groningen,Limburg,Noord-Brabant,Noord-Holland,Overijssel,Sint Maarten,Unknown,Utrecht,Zeeland,Zuid-Holland
Country/Region,Netherlands,Netherlands,Netherlands,Netherlands,Netherlands,Netherlands,Netherlands,Netherlands,Netherlands,Netherlands,Netherlands,Netherlands,Netherlands,Netherlands,Netherlands,Netherlands
07-17-2020,111,28,536,981,642,6518,367,4885,9747,7459,3137,79,488,4137,771,11786
07-18-2020,111,28,539,981,643,6524,367,4890,9763,7479,3139,79,490,4147,785,11834
07-19-2020,113,28,539,981,643,6527,368,4891,9782,7523,3143,79,489,4162,791,11886
07-20-2020,115,28,539,981,643,6527,368,4891,9782,7523,3143,79,674,4162,791,11886
07-21-2020,117,28,540,983,643,6544,369,4898,9819,7592,3156,79,494,4196,800,12039
07-22-2020,117,28,542,983,645,6550,369,4899,9845,7628,3160,79,496,4209,803,12112
07-23-2020,117,28,545,984,645,6553,369,4899,9854,7659,3160,81,498,4225,809,12204
07-24-2020,118,29,546,986,647,6558,370,4903,9878,7700,3161,84,496,4229,815,12306
07-25-2020,119,29,548,989,647,6565,372,4906,9892,7731,3163,93,497,4248,822,12352
07-26-2020,119,29,548,989,647,6565,372,4906,9892,7731,3163,114,497,4248,822,12352
07-27-2020,119,29,549,991,648,6583,377,4912,9935,7838,3168,114,502,4273,835,12540
07-28-2020,119,29,549,993,648,6588,379,4914,9970,7887,3168,114,502,4283,843,12650
07-29-2020,119,29,549,997,649,6593,380,4917,10009,7930,3174,115,507,4307,851,12758
07-30-2020,120,29,550,998,650,6605,382,4921,10052,8026,3174,126,512,4330,859,12904
07-31-2020,121,29,551,1007,652,6620,385,4923,10088,8098,3177,128,511,4366,863,13060
08-01-2020,121,29,552,1015,653,6642,388,4930,10138,8193,3184,128,520,4388,867,13262
08-02-2020,122,29,553,1019,656,6656,390,4933,10199,8251,3187,146,523,4412,872,13447
08-03-2020,124,29,554,1027,657,6657,393,4938,10252,8323,3194,150,524,4429,880,13642
08-04-2020,132,29,554,1033,657,6665,400,4942,10303,8501,3197,150,521,4455,890,13837
08-05-2020,171,29,559,1036,657,6672,405,4949,10356,8590,3202,156,527,4480,896,14052
08-06-2020,263,31,562,1041,657,6691,411,4951,10416,8791,3213,176,529,4531,901,14288
08-07-2020,396,31,563,1046,658,6714,418,4960,10486,8906,3225,176,530,4582,905,14508
08-08-2020,509,31,566,1050,661,6733,425,4967,10558,9040,3235,177,531,4618,912,14691
08-09-2020,563,31,571,1055,663,6764,432,4984,10643,9168,3240,189,543,4652,918,14931
08-10-2020,630,32,571,1057,677,6784,441,4996,10709,9378,3248,189,546,4685,918,15184
08-11-2020,717,32,573,1102,690,6819,446,5017,10816,9563,3255,205,549,4728,944,15471
08-12-2020,798,32,575,1112,701,6851,456,5030,10873,9717,3269,248,556,4772,950,15765
08-13-2020,894,32,578,1121,710,6876,470,5047,10924,9837,3284,263,568,4823,954,16012
08-14-2020,973,32,579,1140,721,6901,482,5065,10995,10031,3301,269,570,4859,957,16239
08-15-2020,1048,33,581,1146,726,6922,490,5101,11064,10225,3308,300,576,4888,962,16506
08-16-2020,1102,34,582,1156,732,6951,500,5122,11136,10355,3319,317,585,4923,967,16674
08-17-2020,1121,36,585,1169,743,6970,509,5128,11197,10517,3328,326,587,4954,968,16829
08-18-2020,1205,36,586,1176,755,6991,520,5139,11264,10674,3343,333,588,4977,971,16989
08-19-2020,1296,36,587,1191,763,7024,525,5152,11330,10830,3351,348,594,5022,980,17176
08-20-2020,1387,36,590,1204,767,7050,533,5175,11380,10996,3369,353,593,5055,987,17355
08-21-2020,1464,37,592,1217,771,7086,540,5198,11462,11136,3393,353,594,5090,993,17517
08-22-2020,1534,39,595,1233,777,7115,549,5221,11523,11224,3408,368,598,5138,1008,17708
08-23-2020,1568,39,599,1244,784,7156,555,5249,11591,11329,3421,396,604,5170,1017,17835
08-24-2020,1628,47,599,1250,789,7208,558,5268,11676,11497,3433,408,603,5205,1022,18020
08-25-2020,1670,49,602,1262,793,7244,563,5293,11735,11639,3438,408,603,5229,1024,18118
08-26-2020,1760,53,603,1270,801,7279,568,5317,11834,11771,3454,442,603,5267,1025,18322
08-27-2020,1848,55,605,1279,804,7315,574,5339,11906,11903,3460,444,609,5316,1032,18482
08-28-2020,1906,62,606,1291,807,7359,584,5357,11994,12036,3467,444,608,5350,1036,18636
08-29-2020,1975,62,607,1307,814,7390,588,5383,12080,12163,3480,444,610,5388,1048,18774
08-30-2020,1997,67,609,1315,819,7424,590,5400,12145,12264,3492,460,613,5438,1051,18980
08-31-2020,2006,68,610,1318,824,7451,598,5424,12215,12424,3502,476,615,5487,1054,19145
09-01-2020,2104,71,610,1331,825,7480,600,5443,12266,12554,3505,482,616,5524,1054,19321
09-02-2020,2211,75,610,1345,827,7521,604,5466,12336,12752,3523,495,621,5594,1056,19608
09-03-2020,2292,78,612,1362,832,7553,612,5483,12400,12903,3539,504,627,5626,1059,19856
09-04-2020,2358,78,615,1370,838,7592,619,5509,12474,13110,3548,511,635,5699,1065,20134
09-05-2020,2428,88,617,1387,840,7637,626,5531,12554,13290,3565,511,645,5765,1075,20330
09-06-2020,2449,92,620,1411,846,7710,632,5556,12651,13497,3589,511,649,5836,1087,20703
09-07-2020,2482,102,626,1429,854,7778,644,5574,12737,13712,3604,516,655,5921,1090,20960
09-08-2020,2589,107,626,1448,855,7848,657,5592,12827,14011,3617,527,663,6018,1097,21289
09-09-2020,2730,116,629,1475,864,7936,673,5618,12941,14274,3644,530,675,6120,1101,21738
09-10-2020,2819,131,636,1491,869,8030,690,5649,13025,14498,3668,530,673,6165,1101,22016
09-11-2020,2898,135,637,1516,875,8120,719,5685,13126,14802,3701,531,678,6262,1115,22545
09-12-2020,2994,145,642,1538,880,8229,753,5722,13238,15114,3718,533,701,6372,1125,22980
09-13-2020,3046,157,650,1561,890,8301,775,5760,13357,15440,3749,549,712,6439,1135,23330
09-14-2020,3060,161,655,1588,902,8432,809,5794,13470,15755,3793,549,714,6547,1139,23801
09-15-2020,3152,169,663,1613,921,8550,850,5819,13579,16167,3834,549,718,6659,1147,24258
09-16-2020,3328,192,673,1653,938,8689,884,5852,13701,16580,3878,557,728,6774,1155,24815
09-17-2020,3382,210,688,1683,962,8828,920,5900,13869,17012,3938,565,754,6953,1177,25389
09-18-2020,3460,228,706,1714,984,8969,962,5932,14065,17573,3978,574,768,7116,1192,26088
09-19-2020,3460,247,722,1762,1011,9126,1011,5990,14278,18087,4041,584,792,7260,1210,26644
09-20-2020,3551,268,745,1787,1056,9257,1064,6028,14422,18577,4112,584,807,7391,1224,27308
09-21-2020,3587,282,791,1812,1083,9481,1144,6067,14670,19041,4167,591,829,7574,1246,28090
09-22-2020,3665,291,807,1852,1113,9649,1229,6104,14935,19662,4231,594,853,7732,1252,28821
09-23-2020,3721,301,842,1901,1142,9906,1315,6167,15251,20185,4298,616,873,7934,1270,29513
09-24-2020,3756,315,888,1952,1171,10123,1376,6222,15574,20729,4415,618,885,8156,1297,30353
09-25-2020,3799,329,951,2004,1232,10422,1454,6292,15898,21382,4527,627,903,8386,1311,31156
09-26-2020,3832,337,984,2049,1312,10658,1503,6344,16169,22051,4615,633,931,8607,1325,32083
09-27-2020,3844,360,1030,2083,1356,10893,1546,6428,16501,22828,4724,644,3265,8837,1335,33110
09-28-2020,3872,364,1030,2083,1356,10893,1546,6428,16501,22828,4724,645,3869,8837,1335,33110
09-29-2020,3934,370,1030,2083,1356,10893,1546,6428,16501,22828,4724,659,6880,8837,1335,33110
09-30-2020,3963,392,1201,2247,1593,11741,1802,6699,17542,24811,5065,667,1025,9615,1377,36127
10-01-2020,3998,399,1250,2295,1684,12050,1871,6802,17891,25534,5205,668,1048,9899,1406,37162
10-02-2020,4038,411,1323,2342,1783,12415,1940,6889,18424,26250,5454,674,1063,10228,1427,38384
10-03-2020,4074,429,1379,2408,1852,12679,2147,7001,18980,27047,5544,678,1106,10639,1450,39657
10-04-2020,4079,452,1446,2482,1916,13021,2264,7144,19464,27918,5720,679,1133,10971,1500,40913
10-05-2020,4094,462,1446,2482,1916,13021,2264,7144,19464,27918,5720,686,1133,10971,1500,40913
10-06-2020,4108,476,1559,2647,2110,13958,2498,7376,20760,29644,6312,689,1188,11753,1574,43620
10-07-2020,4133,505,1613,2715,2216,14342,2593,7535,21417,30693,6615,698,1223,12251,1612,45163
10-08-2020,4150,532,1710,2789,2349,14938,2742,7714,22216,31736,6909,699,1298,12765,1674,46970
10-09-2020,4167,549,1806,2894,2457,15496,2871,7872,22989,32851,7168,703,1327,13378,1727,48945
10-10-2020,4188,571,1966,3011,2571,16130,2981,8138,24078,34055,7504,707,1388,13992,1770,50696
10-11-2020,4194,583,2186,3104,2750,16722,3136,8394,25045,35110,7849,710,1429,14546,1841,52541
10-12-2020,4197,585,2391,3223,3044,17313,3329,8671,25954,36319,8272,710,1473,15157,1891,54461
10-13-2020,4229,619,2525,3354,3187,18003,3499,8909,26906,37834,8724,719,1525,15989,1912,56509
10-14-2020,4255,645,2655,3500,3312,18727,3619,9190,28162,39307,9043,729,1587,16485,1995,58581
10-15-2020,4285,673,2834,3627,3507,19529,3823,9430,29550,40498,9327,737,1623,17342,2068,60796
10-16-2020,4289,698,2985,3811,3665,20189,3979,9706,30758,42151,9955,746,1654,18121,2144,62820
10-17-2020,4304,715,3125,3994,3812,20949,4122,10057,31863,43883,10525,749,1698,18861,2233,64930
10-18-2020,4322,744,3334,4066,3983,21658,4351,10448,32918,45320,10996,753,1726,19660,2311,67463
10-19-2020,4334,751,3543,4175,4130,22380,4511,10798,34040,46780,11569,756,1772,20533,2390,69605
10-20-2020,4355,759,3690,4330,4288,23177,4660,11090,35516,48423,12027,756,1822,21171,2427,71770
10-21-2020,4369,785,3817,4508,4426,24023,4775,11409,37061,50300,12440,769,1869,21897,2505,74104
10-22-2020,4389,804,3968,4703,4558,24760,4897,11828,38327,52071,12922,769,1905,22779,2555,77132
10-23-2020,4401,818,4120,4881,4710,25537,5031,12249,39742,53951,13831,776,1968,23703,2648,80030
10-24-2020,4410,837,4241,5078,4866,26271,5113,12596,41028,55343,14605,780,2022,24530,2699,82660
10-25-2020,4420,858,4409,5316,4969,27191,5206,13006,42300,57288,15450,784,2088,25595,2780,85656
10-26-2020,4422,873,4551,5453,5177,27960,5315,13650,44516,58828,16113,789,2140,26447,2888,88559
10-27-2020,4437,884,4673,5595,5267,28933,5440,14078,46189,60711,16804,792,2165,27286,3010,91738
10-28-2020,4455,907,4756,5776,5361,29851,5693,14391,47869,62062,17183,805,2203,27856,3104,93886
10-29-2020,4472,944,4850,5943,5483,30823,5810,14761,49763,63747,17886,805,2276,28927,3254,96732
10-30-2020,4494,958,4986,6167,5632,32350,5924,15169,51282,65454,18778,822,2344,30019,3364,99905
10-31-2020,4513,970,5141,6397,5763,33544,6020,15610,52889,66979,19650,826,2383,30744,3491,102567
11-01-2020,4519,987,5272,6538,5895,34482,6099,16041,54523,68316,20222,831,2414,31370,3610,105079
11-02-2020,4524,995,5392,6679,6030,35379,6197,16399,56307,69378,20636,844,2450,32001,3738,107561
11-03-2020,4538,1000,5479,6916,6157,36119,6273,16710,58008,70531,21026,859,2481,32516,3825,109849
11-04-2020,4553,1021,5579,7119,6232,36935,6334,17093,59583,71629,21607,870,2508,33144,3961,111799
11-05-2020,4564,1030,5665,7246,6322,37674,6420,17538,60592,72947,22076,877,2513,33660,4119,113716
11-06-2020,4578,1053,5771,7412,6409,38426,6497,17947,61827,73995,22692,877,2549,34162,4226,115817
11-07-2020,4589,1077,5879,7566,6485,39146,6581,18279,63052,75171,23158,886,2570,34611,4316,117587
11-08-2020,4600,1097,5971,7713,6561,39788,6646,18607,63970,76060,23590,890,2583,35069,4410,119097
11-09-2020,4606,1102,6044,7827,6634,40239,6724,18878,64727,77007,23815,896,2622,35380,4492,120356
11-10-2020,4622,1131,6109,7926,6714,40838,6763,19119,65485,77711,24246,908,2622,35781,4560,121538
11-11-2020,4631,1182,6193,8083,6806,41336,6824,19426,66457,78607,24549,910,2633,36194,4640,123071
11-12-2020,4639,1215,6270,8238,6883,41945,6885,19740,67140,79614,25034,914,2643,36693,4771,124597
11-13-2020,4650,1261,6347,8365,6978,42652,6974,20027,68055,80752,25537,923,2678,37208,4887,126084
11-14-2020,4658,1307,6425,8538,7068,43244,7043,20409,69264,81642,25894,923,2720,37635,4967,127609
11-15-2020,4662,1340,6503,8656,7138,43814,7124,20736,70098,82497,26317,933,2716,38043,5041,129188
11-16-2020,4668,1374,6606,8757,7257,44224,7219,20987,71078,83329,26530,939,2725,38401,5147,130441
11-17-2020,4676,1415,6671,8911,7359,44685,7275,21253,71925,83962,26875,954,2742,38714,5210,131421
11-18-2020,4685,1482,6809,9154,7475,45118,7333,21586,72582,84666,27133,964,2767,39068,5304,132617
11-19-2020,4693,1561,6829,9270,7603,45820,7402,21860,73618,85385,27563,973,2790,39625,5485,134007
11-20-2020,4698,1620,6935,9436,7692,46537,7527,22102,74623,86369,27875,983,2843,40184,5520,135547
11-21-2020,4724,1682,7088,9625,7795,47212,7649,22455,75627,87453,28302,996,2854,40552,5598,137050
11-22-2020,4731,1749,7178,9774,7886,47762,7752,22764,76580,88405,28559,1007,2885,41025,5686,138392
11-23-2020,4737,1773,7283,9982,8008,48305,7880,23075,77461,89161,29044,1012,2903,41374,5775,139567
11-24-2020,4751,1827,7344,10164,8103,48777,7937,23325,78130,89798,29383,1020,2906,41659,5815,140403
11-25-2020,4778,1929,7426,10328,8198,49336,8001,23536,79007,90523,29692,1036,2909,42039,5892,141766
11-26-2020,4791,2046,7515,10505,8275,49839,8099,23830,79639,91183,29986,1041,2955,42501,5976,142820
11-27-2020,4808,2157,7591,10729,8366,50510,8233,24187,80713,92137,30301,1053,2953,42978,6077,144091
11-28-2020,4833,2258,7682,10883,8468,50988,8320,24465,81363,92843,30692,1062,2969,43318,6141,145193
11-29-2020,4838,2364,7735,10996,8579,51737,8418,24802,82310,93721,31148,1062,2992,43745,6215,146512
11-30-2020,4845,2379,7807,11152,8691,52188,8516,25123,83071,94432,31652,1066,2984,44126,6266,147470
12-01-2020,4872,2503,7860,11303,8779,52680,8596,25471,83734,95162,31895,1069,2982,44460,6312,148289
12-02-2020,4902,2658,7940,11464,8868,53144,8695,25774,84469,95881,32289,1072,3011,44860,6367,149682
12-03-2020,4923,2740,8022,11650,8978,53863,8843,26131,85375,96821,32585,1105,3017,45294,6451,151020
12-04-2020,4942,2890,8099,11796,9101,54801,8961,26508,86402,97641,32964,1120,3043,45967,6546,152095
12-05-2020,4957,3011,8207,11948,9244,55640,9074,26940,87627,98782,33342,1139,3063,46597,6632,153349
12-06-2020,4965,3136,8285,12247,9379,56489,9217,27473,88647,99889,33816,1139,3074,47185,6710,154813
12-07-2020,4966,3174,8376,12461,9529,57316,9444,28038,89783,100853,34453,1155,3077,47682,6802,156477
12-08-2020,4984,3246,8447,12675,9653,57956,9609,28510,90836,101738,34979,1161,3113,48252,6863,157806
12-09-2020,4996,3325,8562,12834,9788,58721,9712,29035,91832,102907,35467,1185,3124,48899,6944,159140
12-10-2020,5011,3404,8698,13134,9951,59870,9907,29684,93198,104111,36134,1201,3140,49681,7073,161104
12-11-2020,5031,3501,8829,13222,10128,61215,10125,30411,94581,105492,36561,1225,3181,50466,7284,163028
12-12-2020,5044,3576,8957,13515,10294,62098,10293,31194,96028,106914,37243,1232,3186,51279,7435,165167
12-13-2020,5049,3624,9215,13826,10472,63405,10502,32102,97659,108254,37940,1232,3249,52147,7578,167138
12-14-2020,5056,3661,9404,14160,10735,64550,10740,32805,98978,109505,38452,1249,3259,52873,7677,168806
12-15-2020,5079,3699,9507,14424,10850,65148,10893,33484,100065,110594,39051,1269,3242,53695,7745,169879
12-16-2020,5106,3767,9740,14805,11070,66672,11179,34255,101977,112265,39878,1276,3291,54806,7884,171924
12-17-2020,5124,3823,10031,15196,11329,68194,11519,35488,103858,114128,41010,1294,3368,55461,8083,174860
12-18-2020,5138,3881,10287,15530,11541,70010,11789,36322,105652,115968,41821,1315,3404,56628,8309,177195
12-19-2020,5155,3920,10615,15793,11828,71453,12023,37451,107455,117781,43219,1323,3433,57632,8543,179447
12-20-2020,5163,3947,10905,16187,12150,73361,12301,38477,109521,119636,44398,1328,3478,58731,8661,181899
12-21-2020,5176,3974,11141,16558,12441,74818,12672,39450,111147,121333,45276,1338,3498,59661,8876,184002
12-22-2020,5199,4006,11373,16920,12637,76148,12865,40377,112621,122948,46069,1362,3507,60445,9040,185733
12-23-2020,5228,4051,11588,17291,12862,77551,13106,41469,114029,124682,46765,1370,3509,61264,9263,187692
12-24-2020,5257,4099,11823,17618,13130,79140,13387,42416,115590,126532,47785,1385,3540,62069,9475,190065
12-25-2020,5268,4138,12104,17928,13408,80665,13665,43249,117197,128145,49101,1393,3590,63114,9693,192198
12-26-2020,5287,4140,12360,18167,13708,82049,13953,43898,118595,129700,49958,1393,3635,63860,9822,194200
12-27-2020,5305,4144,12544,18470,13937,83438,14251,44925,119932,131248,50627,1393,3663,64401,9975,195574
12-28-2020,5323,4151,12733,18738,14105,84632,14486,45557,121000,132393,51110,1411,3656,64962,10084,196944
12-29-2020,5373,4179,12941,18951,14308,85574,14616,46196,122040,133465,52061,1423,3646,65482,10177,198445
12-30-2020,5442,4230,13185,19268,14520,86967,14818,46773,123334,134953,52989,1434,3634,66152,10316,200391
12-31-2020,5489,4260,13482,19538,14776,88252,15022,47476,124623,136570,54019,1456,3668,66856,10462,202237
01-01-2021,5509,4289,13717,19702,15035,89545,15255,47994,125767,137776,54919,1458,3700,67465,10629,203660
01-02-2021,5532,4294,13932,19994,15321,90859,15428,48732,126821,139116,55657,1462,3725,68113,10796,205271
01-03-2021,5564,4317,14201,20224,15610,91687,15732,49390,128111,140257,56332,1462,3738,68537,10943,206401
01-04-2021,5606,4323,14388,20414,15857,92554,16069,49840,128977,141210,56865,1465,3729,69035,11043,207745
01-05-2021,5716,4342,14578,20534,16061,93304,16242,50348,130099,142103,57509,1504,3721,69474,11134,208957
01-06-2021,5811,4378,14743,20734,16233,94237,16398,50979,131051,143238,58172,1512,3721,69990,11247,210420
01-07-2021,5883,4405,14987,20942,16472,95745,18040,51574,133150,144790,59053,1531,1674,70646,11440,212277
01-08-2021,5977,4422,15211,21155,16796,96719,18353,52195,134462,145930,59985,1554,1704,71166,11643,213595
01-09-2021,6013,4445,15458,21355,17027,97831,18532,52864,135579,146857,60609,1554,1693,71649,11852,214929
01-10-2021,6042,4458,15658,21496,17235,98736,18679,53481,136549,147871,61342,1555,1702,72053,11986,216059
01-11-2021,6068,4464,15832,21640,17429,99461,18863,54180,137323,148650,61786,1575,1690,72383,12104,216922
01-12-2021,6154,4469,15962,21784,17587,100100,19052,54719,137937,149525,62160,1589,1671,72622,12194,217822
01-13-2021,6228,4488,16147,21925,17757,100921,19218,55229,138760,150293,62759,1607,1661,73181,12326,219044
01-14-2021,6296,4498,16384,22082,17995,101802,19427,55830,139641,151361,63276,1629,1663,73551,12470,220205
01-15-2021,6350,4505,16564,22195,18269,102580,19638,56253,140607,152280,63735,1641,1654,73966,12610,221345
01-16-2021,6405,4514,16686,22296,18460,103270,19795,56808,141525,153074,64175,1641,1640,74361,12738,222128
01-17-2021,6435,4514,16843,22428,18686,103953,19999,57471,142253,154047,64636,1656,1600,74715,12859,223064
01-18-2021,6451,4523,16978,22547,18951,104540,20198,57991,142970,154742,65040,1669,1619,74997,12943,223792
01-19-2021,6523,4527,17081,22655,19152,105134,20334,58415,143625,155461,65434,1677,1640,75220,13031,224398
01-20-2021,6562,4535,17218,22755,19348,105848,20620,58855,144428,156316,65895,1703,1549,75565,13135,225578
01-21-2021,6623,4537,17376,22884,19589,106536,20751,59346,145322,157322,66357,1708,1560,75937,13285,226619
01-22-2021,6656,4543,17512,22959,19822,107187,20979,59830,146255,158189,66831,1724,1569,76304,13414,227777
01-23-2021,6708,4543,17619,23058,19991,107873,21141,60358,147102,159169,67254,1724,1566,76693,13575,228643
01-24-2021,6723,4548,17732,23169,20234,108423,21307,60819,147906,159964,67665,1753,1585,77003,13649,229477
01-25-2021,6742,4548,17855,23242,20392,108888,21428,61190,148567,160529,68017,1758,1553,77202,13775,230312
01-26-2021,6768,4558,17931,23305,20566,109343,21509,61530,149187,161358,68286,1767,1540,77427,13853,231032
01-27-2021,6809,4567,18040,23413,20738,109836,21666,61856,150081,162111,68664,1807,1584,77709,13964,231931
01-28-2021,6858,4574,18151,23521,20895,110353,21802,62276,150910,162977,68934,1822,1582,78014,14066,232771
01-29-2021,6896,4579,18248,23629,21080,110874,21903,62652,151719,163691,69243,1847,1562,78280,14174,233547
01-30-2021,6944,4582,18364,23718,21261,111316,22061,63045,152470,164335,69577,1853,1541,78553,14273,234261
01-31-2021,6966,4585,18487,23799,21412,111632,22163,63411,153137,165004,69854,1853,1535,78744,14362,234935
02-01-2021,6986,4585,18590,23869,21551,112022,22257,63760,153683,165511,70015,1870,1556,78917,14440,235492
02-02-2021,7028,4591,18684,23956,21715,112398,22333,64051,154216,166143,70229,1885,1547,79171,14495,236286
02-03-2021,7083,4595,18808,24039,21890,112883,22451,64414,154956,166842,70501,1899,1549,79410,14589,236905
02-04-2021,7134,4597,18957,24130,22076,113258,22580,64796,155672,167616,70727,1911,1556,79732,14665,237665
02-05-2021,7168,4600,19043,24191,22250,113724,22680,65170,156390,168366,71005,1921,1540,80047,14745,238600
02-06-2021,7202,4605,19184,24264,22456,114154,22811,65529,157182,169017,71211,1928,1545,80318,14809,239346
02-07-2021,7223,4613,19292,24348,22699,114568,22954,65854,157826,169707,71445,1928,1532,80624,14871,240040
02-08-2021,7238,4613,19399,24420,22848,114717,23007,66076,158162,170095,71578,1938,1533,80776,14921,240449
02-09-2021,7286,4620,19420,24447,22939,114912,23061,66221,158527,170482,71629,1952,1519,80849,14939,240780
02-10-2021,7319,4628,19501,24486,23059,115176,23200,66471,159079,170988,71922,1972,1532,81114,15021,241359
02-11-2021,7338,4633,19582,24552,23283,115627,23346,66811,159709,171861,72115,1985,1517,81452,15117,242330
02-12-2021,7368,4643,19752,24650,23485,116010,23512,67123,160401,172687,72334,1991,1538,81783,15192,243176
02-13-2021,7400,4643,19935,24725,23674,116390,23697,67421,160953,173466,72585,1994,1562,82078,15275,244076
02-14-2021,7413,4650,20041,24797,23825,116670,23846,67695,161518,174188,72775,1998,1566,82336,15338,244689
02-15-2021,7438,4652,20169,24865,23997,116951,23922,67896,161959,174747,72930,2001,1569,82535,15415,245139
02-16-2021,7461,4655,20277,24908,24115,117178,24034,68102,162374,175342,73058,2013,1551,82711,15452,245693
02-17-2021,7513,4658,20339,24962,24226,117451,24156,68335,162887,176160,73195,2021,1568,82936,15521,246420
02-18-2021,7553,4666,20507,25024,24411,117915,24297,68602,163641,176930,73495,2027,1590,83263,15619,247380
02-19-2021,7599,4675,20670,25095,24629,118296,24446,68895,164443,177949,73744,2033,1623,83556,15726,248328
02-20-2021,7647,4681,20826,25181,24825,118762,24643,69232,165258,178796,73990,2033,1644,83834,15831,249143
02-21-2021,7674,4681,20940,25249,25066,119187,24846,69621,166119,179755,74162,2033,1669,84158,15910,249957
02-22-2021,7692,4694,21039,25315,25271,119495,25055,69949,166863,180576,74359,2042,1684,84449,15987,250759
02-23-2021,7735,4696,21127,25404,25408,119845,25210,70173,167543,181416,74514,2047,1700,84719,16069,251470
02-24-2021,7775,4705,21212,25472,25563,120244,25354,70423,168354,182302,74800,2050,1724,85052,16186,252274
02-25-2021,7804,4708,21381,25530,25757,120729,25507,70681,169291,183224,75023,2051,1756,85402,16276,253414
02-26-2021,7849,4717,21523,25638,26015,121052,25704,70992,170152,184303,75340,2053,1765,85866,16396,254338
02-27-2021,7876,4727,21678,25719,26180,121556,26004,71285,170903,185330,75580,2055,1771,86200,16480,255335
02-28-2021,7891,4730,21791,25792,26350,121948,26166,71561,171603,186565,75739,2057,1783,86553,16551,256288
03-01-2021,7908,4731,21877,25867,26487,122255,26317,71794,172137,187376,75948,2060,1775,86855,16613,257151
03-02-2021,7938,4736,22039,25943,26618,122672,26439,71995,172691,188142,76212,2061,1781,87157,16707,258037
03-03-2021,7973,4740,22169,26032,26754,123094,26594,72274,173551,189400,76431,2065,1800,87431,16822,259078
03-04-2021,8009,4751,22306,26111,26916,123543,26734,72474,174099,190116,76666,2066,1828,87795,16914,260042
03-05-2021,8054,4769,22423,26188,27087,124011,26880,72738,174884,191111,76872,2067,1857,88087,16993,261082
03-06-2021,8089,4790,22549,26306,27266,124461,27031,73083,175792,192352,77153,2070,1848,88428,17118,262162
03-07-2021,8110,4807,22650,26387,27406,124868,27143,73301,176547,193445,77392,2070,1878,88682,17218,263158
03-08-2021,8110,4813,22735,26466,27570,125282,27202,73570,177070,194185,77590,2074,1873,88962,17313,264091
03-09-2021,8177,4830,22852,26528,27714,125743,27344,73845,177738,195010,77858,2076,1899,89220,17390,265061
03-10-2021,8227,4862,23021,26627,27920,126267,27437,74092,178545,196089,78173,2077,1981,89681,17539,266102
03-11-2021,8272,4915,23170,26712,28093,126830,27683,74322,179370,196939,78496,2078,2034,90101,17660,267386
03-12-2021,8320,4960,23297,26809,28250,127428,27840,74681,180337,198224,78812,2082,2101,90529,17786,268728
03-13-2021,8376,5051,23464,26899,28474,128118,27967,75061,181280,199485,79173,2082,2200,91011,17953,270133
03-14-2021,8395,5110,23586,27009,28794,128684,28134,75380,182318,200458,79506,2082,2222,91411,18084,271606
03-15-2021,8421,5138,23764,27083,29002,129192,28231,75738,183152,201577,79769,2085,2229,91724,18226,272974
03-16-2021,8482,5238,23926,27157,29194,129740,28354,75993,183993,202529,80010,2088,2255,91960,18323,274129
03-17-2021,8551,5380,24106,27278,29432,130386,28462,76280,184873,203613,80257,2093,2287,92398,18476,275639
03-18-2021,8624,5520,24243,27402,29699,130969,28680,76636,185753,204654,80695,2093,2319,92898,18622,277042
03-19-2021,8664,5676,24385,27518,29935,131784,28922,76940,186833,206055,81015,2099,2365,93494,18749,278992
03-20-2021,8731,5839,24593,27610,30175,132616,29094,77568,188199,207439,81399,2101,2363,93970,18947,280607
03-21-2021,8771,5997,24809,27752,30412,133287,29211,78008,189341,208726,81774,2101,2374,94434,19090,282327
03-22-2021,8800,6041,24996,27902,30587,133910,29296,78459,190301,209757,82071,2104,2393,94929,19230,283975
03-23-2021,8902,6174,25185,28016,30801,134549,29428,78822,191163,210701,82308,2108,2400,95367,19353,285273
03-24-2021,8985,6424,25375,28163,31059,135365,29621,79166,192470,211954,82698,2114,2433,95987,19517,287137
03-25-2021,9073,6648,25575,28314,31357,136185,29813,79690,193560,213237,83118,2118,2465,96547,19747,289039
03-26-2021,9142,7057,25763,28430,31610,137142,29962,80110,194642,214501,83486,2118,2510,97256,19934,290863
03-27-2021,9214,7335,25967,28606,31880,138101,30212,80620,196125,216096,83946,2130,2532,97747,20116,293059
03-28-2021,9259,7558,26216,28743,32155,138782,30348,81220,197385,217336,84306,2130,2543,98146,20304,294953
03-29-2021,9294,7740,26410,28879,32371,139433,30478,81747,198455,218527,84617,2134,2537,98623,20518,296560
03-30-2021,9374,7898,26561,29013,32546,140121,30581,82164,199408,219388,84862,2134,2554,99005,20616,298164
03-31-2021,9443,8404,26720,29124,32749,140927,30730,82689,200581,220654,85289,2147,2615,99561,20788,300189
04-01-2021,9503,8834,26891,29289,33007,141774,30917,83219,201803,221885,85711,2151,2640,100063,20981,302263
04-02-2021,9560,9171,27058,29415,33279,142532,31047,83772,202874,222989,86017,2151,2693,100600,21177,304243
04-03-2021,9607,9635,27199,29554,33516,143368,31208,84409,204245,224163,86424,2151,2713,101080,21313,306132
04-04-2021,9638,9890,27347,29688,33710,144153,31317,85047,205408,225228,86759,2151,2735,101515,21458,307781
04-05-2021,9681,10066,27442,29786,33904,144693,31407,85458,206379,226082,87018,2151,2724,101818,21609,309146
04-06-2021,9760,10185,27545,29921,34106,145364,31544,85883,207265,226914,87267,2164,2739,102297,21715,310447
04-07-2021,9834,10185,27680,30056,34307,146053,31662,86300,208376,227892,87538,2174,2751,102698,21887,312153
04-08-2021,9896,10632,27859,30159,34536,147037,31826,86936,209584,228881,87925,2174,2828,103310,22053,314202
04-09-2021,9958,10909,28018,30319,34758,147810,31973,87501,210836,229913,88329,2182,2880,103878,22242,316314
04-10-2021,10016,11180,28151,30471,34979,148735,32156,88212,212144,231018,88723,2185,2918,104331,22386,318223
04-11-2021,10050,11355,28294,30626,35161,149740,32272,88971,213544,232262,89148,2185,2991,104820,22508,320328
04-12-2021,10076,11385,28420,30779,35371,150511,32397,89551,214829,233322,89444,2185,2985,105232,22653,321846
04-13-2021,10122,11430,28558,30895,35573,151260,32520,90113,215853,234266,89795,2188,3002,105676,22830,323684
04-14-2021,10159,11581,28701,31048,35715,151641,32582,90581,216874,234924,90160,2196,3025,106073,22974,325113
04-15-2021,10219,11674,28811,31228,35996,152910,32844,91174,218351,236147,90643,2199,3077,106687,23124,327153
04-16-2021,10264,11769,28971,31372,36172,153682,32982,91806,220044,237467,91186,2202,3113,107389,23280,329579
04-17-2021,10305,11837,29091,31531,36406,154886,33126,92527,221245,238627,91555,2205,3182,108006,23502,331644
04-18-2021,10324,11882,29204,31670,36666,155818,33315,93208,222742,239880,91939,2205,3235,108580,23681,333895
04-19-2021,10345,11903,29318,31870,36862,156568,33455,93758,223988,240888,92330,2207,3228,109124,23851,335710
04-20-2021,10399,11903,29412,32031,37024,157222,33617,94319,225155,241894,92665,2211,3213,109646,23998,337576
04-21-2021,10437,11983,29549,32166,37246,158225,33752,94947,226836,242977,93112,2212,3257,110310,24197,339669
04-22-2021,10469,12022,29698,32380,37495,159462,34014,95621,228362,244312,93670,2212,3339,110995,24409,342097
04-23-2021,10505,12058,29861,32512,37719,160476,34236,96447,229985,245594,94198,2214,3370,111740,24646,344280
04-24-2021,10522,12087,29974,32654,37912,161528,34414,97142,231409,246687,94620,2215,3412,112307,24813,346252
04-25-2021,10538,12119,30085,32811,38135,162383,34543,97925,233053,247656,95110,2215,3424,112816,25001,348195
04-26-2021,10555,12129,30184,32939,38313,163154,34671,98484,234109,248542,95522,2220,3431,113213,25123,349652
04-27-2021,10570,12146,30311,33042,38493,163670,34811,99048,235147,249366,95782,2220,3444,113586,25243,350731
04-28-2021,10585,12146,30437,33217,38684,164846,34979,99659,236847,250369,96297,2226,3474,114098,25454,352962
04-29-2021,10608,12181,30563,33324,38848,165595,35183,100339,238213,251268,96782,2226,3527,114591,25634,354727
04-30-2021,10638,12195,30686,33470,38998,166624,35321,101059,239635,252195,97252,2230,3551,115177,25845,356539
05-01-2021,10650,12207,30798,33574,39169,167201,35411,101659,240825,252949,97611,2230,3588,115585,25977,357760
05-02-2021,10650,12210,30879,33622,39199,167991,35536,101895,241690,253835,97902,2230,3663,116031,26045,359327
05-03-2021,10679,12213,31073,33844,39494,169150,35693,102690,243247,255220,98491,2240,3673,116632,26193,361402
05-04-2021,10704,12217,31225,33986,39715,169957,35861,103408,244649,256265,98883,2240,3690,117110,26330,363448
05-05-2021,10721,12218,31338,34118,39860,170758,35973,104026,245972,257254,99457,2243,3689,117595,26566,365194
05-06-2021,10721,12222,31492,34231,40023,171484,36131,104633,247276,258335,99861,2247,3721,118075,26735,366592
05-07-2021,10736,12228,31594,34395,40179,172449,36284,105194,248587,259409,100327,2250,3752,118594,26933,368373
05-08-2021,10757,12234,31722,34523,40364,173338,36416,105750,249984,260515,100823,2260,3787,119112,27092,370043
05-09-2021,10770,12235,31868,34633,40539,174070,36517,106321,251344,261351,101135,2260,3764,119594,27242,371644
05-10-2021,10781,12236,31960,34790,40671,174765,36604,106810,252353,262262,101625,2263,3777,120000,27412,372851
05-11-2021,10795,12236,32034,34872,40823,175503,36751,107191,253354,263036,102077,2268,3791,120425,27522,374019
05-12-2021,10814,12236,32122,35005,40985,176252,36888,107713,254524,263873,102485,2272,3819,120837,27682,375569
05-13-2021,10826,12244,32262,35147,41152,176880,37020,108239,255529,264554,102943,2272,3832,121350,27822,377037
05-14-2021,10838,12246,32329,35251,41289,177415,37139,108683,256628,265312,103387,2277,3847,121747,27943,378312
05-15-2021,10849,12249,32395,35354,41457,177925,37227,109081,257490,265913,103667,2282,3865,122024,28056,379274
05-16-2021,10854,12254,32521,35439,41587,178437,37309,109483,258313,266429,103990,2282,3852,122357,28187,380260
05-17-2021,10857,12256,32607,35515,41706,178756,37369,109742,258714,266761,104179,2292,3819,122525,28268,381032
05-18-2021,10869,12257,32677,35574,41834,179456,37517,110071,259838,267442,104575,2307,3850,122890,28382,382213
05-19-2021,10879,12262,32773,35652,41948,179907,37624,110371,260568,268000,105031,2326,3878,123204,28481,383431
05-20-2021,10892,12266,32858,35736,42073,180466,37720,110718,261477,268573,105358,2346,3882,123538,28610,384491
05-21-2021,10902,12268,32941,35823,42195,180939,37801,111064,262218,269120,105648,2356,3877,123785,28695,385542
05-22-2021,10915,12271,33007,35886,42292,181221,37890,111367,262701,269546,105887,2356,3888,123999,28751,386375
05-23-2021,10917,12271,33061,35967,42388,181616,37961,111661,263330,269910,106193,2366,3892,124239,28820,387194
05-24-2021,10922,12271,33108,36030,42496,181874,38015,111875,263775,270258,106420,2366,3890,124413,28905,387863
05-25-2021,10936,12271,33152,36075,42551,182209,38154,112059,264174,270598,106578,2386,3861,124578,28938,388457
05-26-2021,10951,12271,33205,36119,42637,182570,38217,112265,264765,270957,106762,2394,3869,124768,28969,389035
05-27-2021,10957,12271,33274,36180,42746,182885,38285,112520,265269,271408,107070,2404,3869,125058,29021,389881
05-28-2021,10969,12271,33374,36242,42833,183397,38405,112748,265952,271882,107345,2411,3875,125357,29071,390837
05-29-2021,10974,12271,33459,36282,42939,183790,38476,113085,266579,272379,107545,2411,3882,125577,29147,391559
05-30-2021,10978,12272,33520,36327,43011,184124,38527,113264,267114,272693,107725,2414,3891,125752,29209,392261
05-31-2021,10985,12272,33573,36369,43082,184391,38582,113439,267497,272946,107864,2414,3882,125848,29249,392738
06-01-2021,10993,12273,33643,36413,43145,184726,38644,113627,267715,273220,108080,2433,3873,126041,29280,393373
06-02-2021,11006,12273,33728,36460,43230,185017,38710,113813,268169,273554,108231,2433,3875,126170,29293,394032
06-03-2021,11018,12276,33790,36518,43283,185385,38783,113999,268617,273894,108451,2448,3884,126422,29314,394677
06-04-2021,11033,12277,33860,36557,43338,185637,38843,114157,268995,274222,108648,2454,3881,126600,29347,395314
06-05-2021,11041,12278,33899,36588,43368,185908,38882,114302,269417,274481,108816,2471,3885,126740,29369,395865
06-06-2021,11057,12279,33917,36620,43407,186111,38914,114416,269651,274694,108948,2479,3871,126851,29396,396254
06-07-2021,11059,12280,33949,36648,43455,186292,38957,114492,269920,274889,109050,2484,3826,126935,29424,396590
06-08-2021,11064,12281,33985,36680,43488,186497,38989,114577,270158,275118,109141,2495,3828,127051,29438,396896
06-09-2021,11068,12287,34023,36711,43508,186753,39015,114702,270422,275311,109252,2503,3822,127212,29475,397354
06-10-2021,11069,12291,34057,36732,43543,186949,39049,114821,270690,275506,109358,2511,3815,127347,29498,397756
06-11-2021,11072,12293,34091,36768,43570,187118,39067,114932,270903,275664,109427,2518,3813,127446,29527,398172
06-12-2021,11076,12293,34119,36796,43594,187260,39092,114988,271090,275867,109499,2522,3816,127549,29548,398485
06-13-2021,11080,12295,34141,36819,43610,187406,39107,115073,271261,276023,109557,2522,3814,127625,29568,398740
06-14-2021,11081,12296,34161,36836,43622,187518,39126,115137,271381,276140,109626,2532,3821,127692,29582,398954
06-15-2021,11084,12296,34177,36865,43644,187654,39138,115196,271502,276321,109702,2543,3826,127783,29597,399223
06-16-2021,11089,12304,34188,36877,43658,187800,39153,115263,271650,276511,109740,2554,3823,127860,29619,399502
06-17-2021,11099,12308,34198,36895,43679,187933,39172,115319,271788,276688,109825,2561,3827,127974,29650,399760
06-18-2021,11103,12314,34213,36905,43700,188020,39183,115344,271914,276858,109885,2564,3825,128026,29670,400053
06-19-2021,11106,12317,34221,36915,43713,188084,39200,115384,272002,276997,109928,2570,3821,128101,29686,400230
06-20-2021,11108,12318,34228,36927,43724,188164,39217,115411,272129,277125,109960,2570,3824,128161,29704,400409
06-21-2021,11112,12319,34236,36935,43737,188217,39228,115448,272197,277231,109992,2575,3825,128213,29733,400550
06-22-2021,11116,12321,34244,36949,43750,188300,39241,115472,272312,277357,110034,2582,3812,128263,29751,400743
06-23-2021,11118,12322,34263,36965,43759,188362,39251,115497,272413,277462,110050,2585,3816,128321,29785,400936
06-24-2021,11125,12327,34268,36972,43767,188427,39261,115524,272508,277595,110098,2594,3821,128380,29812,401147
06-25-2021,11126,12327,34275,36978,43779,188492,39273,115555,272590,277701,110127,2601,3824,128437,29834,401356
06-26-2021,11131,12330,34281,36980,43784,188535,39286,115577,272685,277808,110172,2601,3825,128483,29846,401511
06-27-2021,11131,12330,34285,36988,43795,188596,39292,115598,272748,277906,110200,2601,3822,128522,29867,401652
06-28-2021,11132,12332,34290,36997,43799,188661,39304,115627,272806,278012,110222,2613,3827,128556,29876,401851
06-29-2021,11135,12339,34295,37001,43810,188728,39325,115651,272883,278109,110250,2614,3829,128600,29889,401996
06-30-2021,11138,12342,34300,37009,43825,188770,39351,115680,272986,278220,110283,2618,3840,128639,29923,402174
07-01-2021,11140,12343,34307,37016,43835,188854,39385,115709,273094,278391,110326,2618,3845,128707,29945,402411
07-02-2021,11144,12345,34310,37024,43850,188944,39421,115738,273214,278627,110413,2618,3843,128762,29976,402644
07-03-2021,11144,12349,34319,37038,43866,189074,39475,115761,273410,278860,110518,2620,3849,128838,29996,402887
07-04-2021,11144,12349,34331,37057,43885,189173,39540,115809,273586,279179,110620,2620,3862,128909,30010,403145
07-05-2021,11144,12349,34340,37068,43908,189277,39619,115853,273828,279614,110690,2627,3862,129059,30025,403482
07-06-2021,11144,12350,34355,37083,43935,189454,39739,115902,274165,280216,110799,2630,3889,129190,30046,404061
07-07-2021,11144,12354,34396,37109,43983,189734,39977,115994,274525,281112,110931,2632,3915,129579,30078,405147
07-08-2021,11144,12364,34460,37178,44064,190144,40392,116103,275228,282534,111124,2633,3952,130187,30117,406428
07-09-2021,11169,12371,34540,37256,44198,190832,40871,116270,275781,284132,111567,2633,3995,131265,30178,407952
07-10-2021,11169,12380,34650,37335,44403,191512,41408,116512,277259,286251,112182,2638,4064,132787,30246,410511
07-11-2021,11169,12389,34793,37464,44581,192197,42062,116788,278330,288753,112790,2638,4101,133738,30304,412537
07-12-2021,11169,12395,34931,37568,44897,192923,42584,117112,279269,291076,113252,2641,4138,134594,30358,414177
07-13-2021,11180,12418,35062,37751,45118,193622,43058,117393,280178,293212,113669,2650,4136,135272,30444,415785
07-14-2021,11186,12453,35210,37858,45275,194644,43681,117706,281406,295848,114180,2656,4249,136309,30547,418213
07-15-2021,11199,12537,35322,38007,45531,195920,44249,118101,282975,298642,114778,2659,4297,137167,30667,420446
07-16-2021,11199,12605,35532,38209,45758,197365,44413,118575,284658,301349,115432,2659,4419,138024,30835,422830
07-17-2021,11223,12699,35678,38361,46045,198516,44828,119123,286651,303717,115992,2664,4502,139048,30952,425022
07-18-2021,11235,12775,35806,38564,46272,199836,45254,119636,287957,306055,116468,2664,4546,139742,31055,427379
07-19-2021,11244,12804,35973,38651,46533,200725,45716,119979,289099,307808,117246,2677,4574,140357,31142,429641
07-20-2021,11257,12883,36058,38788,46705,201329,45837,120440,290272,309315,117595,2687,4584,140810,31228,431182
07-21-2021,11272,12962,36146,38912,46843,202015,46073,120871,291217,310785,118016,2695,4633,141336,31337,432856
07-22-2021,11293,13038,36234,39054,46997,202652,46219,121252,292376,312117,118387,2698,4667,141795,31438,434085
07-23-2021,11325,13135,36305,39183,47122,203422,46434,121604,293580,313441,118722,2698,4712,142209,31521,435413
07-24-2021,11354,13217,36375,39284,47259,204026,46575,122024,294440,314448,118940,2707,4781,142616,31582,436587
07-25-2021,11382,13252,36454,39409,47389,204586,46692,122409,295242,315247,119222,2707,4824,142920,31642,437485
07-26-2021,11405,13300,36515,39512,47504,204940,46810,122670,295838,316067,119454,2723,4893,143121,31702,438346
07-27-2021,11460,13378,36561,39595,47622,205344,46924,122914,296439,316808,119685,2729,4922,143375,31766,439374
07-28-2021,11521,13447,36622,39684,47730,205714,46970,123200,296943,317447,119918,2743,4988,143682,31820,440066
07-29-2021,11584,13493,36680,39752,47830,206080,47128,123465,297668,318313,120198,2760,4999,143968,31879,441239
07-30-2021,11651,13567,36729,39897,47923,206518,47230,123750,298191,318879,120359,2770,5034,144180,31919,441977
07-31-2021,11730,13625,36780,40005,48021,206783,47301,123956,298613,319388,120523,2770,5054,144364,31978,442745
08-01-2021,11765,13669,36837,40059,48091,206993,47329,124109,298940,319852,120718,2770,5094,144478,32028,443287
08-02-2021,11807,13692,36864,40172,48182,207249,47419,124240,299238,320191,120856,2770,5129,144619,32067,443683
08-03-2021,11877,13757,36905,40224,48246,207461,47482,124413,299571,320655,120988,2824,5151,144725,32083,444189
08-04-2021,12000,13835,36945,40297,48339,207801,47562,124586,299972,321176,121116,2848,5167,144904,32140,444851
08-05-2021,12000,13907,36986,40363,48414,208033,47647,124779,300458,321843,121332,2891,5212,145101,32207,445839
08-06-2021,12262,13988,37029,40477,48494,208325,47717,125020,300853,322394,121535,2924,5247,145266,32298,446466
08-07-2021,12371,14055,37059,40579,48565,208560,47774,125217,301168,322827,121692,2950,5272,145418,32345,447037
08-08-2021,12455,14122,37096,40655,48638,208783,47827,125355,301408,323310,121859,2950,5284,145632,32401,447557
08-09-2021,12529,14137,37112,40724,48711,208992,47870,125533,301660,323750,122015,2950,5299,145736,32444,447985
08-10-2021,12636,14210,37143,40794,48789,209220,47927,125656,301931,324168,122159,3001,5312,145881,32492,448520
08-11-2021,12791,14333,37181,40874,48855,209436,47965,125839,302137,324639,122272,3045,5332,146019,32553,449002
