Admin2,,,,,,,,,,,,,,,,,,,,,,,,,,,
Province/State,Cherkasy Oblast,Chernihiv Oblast,Chernivtsi Oblast,Crimea Republic*,Dnipropetrovsk Oblast,Donetsk Oblast,Ivano-Frankivsk Oblast,Kharkiv Oblast,Kherson Oblast,Khmelnytskyi Oblast,Kiev,Kiev Oblast,Kirovohrad Oblast,Luhansk Oblast,Lviv Oblast,Mykolaiv Oblast,Odessa Oblast,Poltava Oblast,Rivne Oblast,Sevastopol*,Sumy Oblast,Ternopil Oblast,Vinnytsia Oblast,Volyn Oblast,Zakarpattia Oblast,Zaporizhia Oblast,Zhytomyr Oblast
Country/Region,Ukraine,Ukraine,Ukraine,Ukraine,Ukraine,Ukraine,Ukraine,Ukraine,Ukraine,Ukraine,Ukraine,Ukraine,Ukraine,Ukraine,Ukraine,Ukraine,Ukraine,Ukraine,Ukraine,Ukraine,Ukraine,Ukraine,Ukraine,Ukraine,Ukraine,Ukraine,Ukraine
06-01-2020,406,177,3377,385,942,163,1420,1083,178,454,3043,1600,514,47,1700,294,896,270,1770,165,170,1176,1005,932,1206,447,742
06-02-2020,411,188,3410,387,943,164,1442,1105,178,458,3071,1623,516,47,1734,294,896,271,1823,168,173,1180,1029,942,1216,450,776
06-03-2020,416,203,3442,392,950,166,1465,1131,179,469,3133,1652,523,49,1830,295,913,272,1873,170,174,1200,1050,959,1236,463,780
06-04-2020,429,238,3481,399,957,174,1491,1166,179,497,3210,1673,526,51,1915,295,933,272,1905,171,177,1220,1077,986,1257,469,833
06-05-2020,432,250,3519,405,960,195,1507,1196,179,501,3292,1711,538,51,1988,307,970,272,1962,173,188,1233,1093,1008,1280,477,855
06-06-2020,448,257,3585,413,965,203,1533,1222,179,509,3375,1748,546,52,2053,307,986,273,2014,174,192,1255,1116,1037,1301,488,870
06-07-2020,460,279,3639,424,971,231,1562,1251,179,518,3418,1784,553,54,2121,309,996,274,2046,176,193,1275,1136,1052,1322,495,881
06-08-2020,469,299,3698,438,971,231,1582,1287,179,518,3490,1812,559,54,2162,309,1002,274,2071,177,193,1294,1150,1079,1386,496,897
06-09-2020,490,304,3729,446,971,235,1602,1305,179,518,3523,1836,562,54,2211,309,1010,274,2094,177,198,1305,1175,1113,1425,499,935
06-10-2020,501,320,3757,457,973,246,1622,1338,179,520,3580,1865,562,54,2289,309,1028,276,2122,177,198,1313,1192,1214,1448,502,973
06-11-2020,506,341,3793,458,981,269,1649,1374,179,523,3671,1919,563,54,2414,311,1045,276,2175,178,203,1349,1236,1266,1471,510,992
06-12-2020,517,366,3831,483,983,279,1669,1426,179,529,3766,1931,568,54,2526,316,1065,277,2231,179,204,1372,1317,1313,1506,515,1013
06-13-2020,536,385,3869,490,990,290,1695,1482,179,544,3838,1961,577,56,2658,320,1081,278,2297,181,208,1403,1369,1354,1583,521,1032
06-14-2020,543,410,3916,512,998,292,1728,1521,180,556,3904,1995,582,56,2797,321,1099,278,2341,185,215,1427,1393,1398,1632,527,1045
06-15-2020,552,424,3959,539,998,334,1766,1542,183,559,3957,2024,586,57,2933,321,1117,278,2369,187,227,1467,1423,1438,1680,529,1087
06-16-2020,562,427,4013,546,1004,338,1809,1595,183,560,3985,2049,590,60,3072,321,1133,279,2473,187,228,1483,1455,1499,1726,531,1101
06-17-2020,564,440,4082,561,1012,338,1849,1652,183,577,4026,2078,592,66,3227,323,1158,281,2499,191,230,1510,1500,1554,1808,538,1147
06-18-2020,568,448,4135,575,1021,349,1893,1707,184,587,4084,2119,604,68,3398,323,1188,287,2572,195,236,1542,1563,1610,1882,541,1154
06-19-2020,585,459,4211,575,1021,350,1940,1744,185,608,4176,2142,604,71,3540,338,1200,289,2693,196,246,1605,1596,1673,1960,547,1201
06-20-2020,592,467,4268,590,1036,355,1981,1779,185,612,4252,2174,612,72,3679,349,1232,290,2776,200,252,1643,1627,1743,2069,551,1229
06-21-2020,603,475,4324,595,1042,362,2015,1805,186,622,4325,2208,620,72,3780,358,1266,291,2872,206,257,1688,1647,1782,2149,554,1257
06-22-2020,603,480,4357,608,1042,362,2056,1811,188,622,4368,2236,627,72,3980,366,1304,293,2963,207,258,1728,1660,1852,2188,555,1270
06-23-2020,605,485,4419,613,1049,368,2091,1844,188,622,4429,2285,631,73,4220,366,1333,296,3038,214,263,1744,1690,1894,2291,555,1295
06-24-2020,614,494,4478,623,1060,376,2124,1891,188,627,4528,2332,634,75,4423,368,1370,300,3164,215,272,1786,1723,1955,2369,559,1304
06-25-2020,616,506,4531,631,1069,399,2171,1947,188,645,4613,2373,636,75,4627,377,1465,301,3248,215,277,1815,1753,2024,2454,561,1337
06-26-2020,627,514,4582,638,1081,412,2217,1993,190,724,4726,2419,640,76,4836,384,1529,304,3364,220,284,1857,1788,2096,2547,561,1366
06-27-2020,635,519,4631,644,1087,415,2253,2046,191,777,4866,2469,642,76,5004,392,1567,309,3475,223,287,1876,1811,2161,2640,565,1371
06-28-2020,642,526,4686,646,1087,479,2300,2082,191,791,4935,2506,646,80,5177,436,1601,310,3568,228,295,1893,1833,2228,2726,568,1396
06-29-2020,642,535,4745,681,1087,481,2350,2098,191,798,4980,2546,646,80,5292,442,1632,312,3638,229,296,1913,1846,2312,2792,570,1404
06-30-2020,642,536,4801,685,1087,481,2395,2134,191,803,5037,2585,646,80,5435,444,1698,314,3712,235,297,1919,1864,2368,2889,572,1404
07-01-2020,645,538,4850,691,1090,484,2438,2169,193,805,5138,2610,647,80,5578,447,1712,319,3784,235,297,1930,1876,2427,2961,572,1408
07-02-2020,645,547,4894,698,1095,562,2489,2207,194,808,5242,2655,650,83,5730,447,1736,320,3877,236,302,1958,1895,2508,3046,576,1421
07-03-2020,653,554,4935,706,1103,599,2544,2255,195,822,5347,2702,653,84,5883,450,1792,322,3950,236,304,1990,1915,2571,3126,579,1435
07-04-2020,657,560,4972,712,1110,599,2598,2311,196,828,5465,2747,657,84,6059,455,1835,322,4041,239,308,2025,1936,2663,3214,588,1447
07-05-2020,661,572,5002,723,1115,680,2655,2348,196,839,5543,2774,658,84,6197,458,1865,324,4108,245,317,2069,1951,2705,3321,597,1461
07-06-2020,670,576,5018,761,1115,681,2700,2371,196,842,5602,2789,659,84,6301,461,1883,324,4190,249,321,2101,1967,2752,3375,597,1468
07-07-2020,678,576,5032,761,1116,686,2744,2416,196,842,5665,2809,663,85,6445,461,1919,325,4228,254,321,2108,1979,2788,3458,598,1469
07-08-2020,695,578,5051,789,1120,713,2797,2466,201,863,5779,2853,664,87,6562,463,1984,326,4304,254,323,2142,2002,2825,3533,599,1484
07-09-2020,707,585,5074,804,1130,749,2857,2521,201,865,5872,2895,669,90,6681,465,2052,327,4380,257,328,2153,2021,2875,3622,605,1500
07-10-2020,725,592,5096,815,1137,751,2915,2577,203,881,5990,2940,670,90,6763,467,2108,330,4454,258,332,2174,2060,2932,3734,610,1512
07-11-2020,738,594,5117,831,1140,758,2971,2621,204,888,6115,2986,670,93,6882,477,2141,331,4520,267,337,2217,2081,2987,3842,612,1521
07-12-2020,748,607,5140,855,1144,759,3029,2649,204,908,6182,3026,673,93,7003,481,2174,331,4598,271,340,2231,2097,3042,3909,621,1532
07-13-2020,754,608,5161,871,1144,759,3071,2677,204,908,6238,3068,674,93,7107,482,2208,334,4697,281,341,2260,2122,3071,3988,622,1542
07-14-2020,755,612,5184,878,1146,765,3127,2723,204,909,6350,3090,674,95,7254,487,2258,334,4740,282,341,2276,2148,3080,4055,622,1542
07-15-2020,771,624,5208,889,1155,767,3178,2787,205,922,6497,3128,674,97,7425,494,2314,337,4782,283,346,2292,2194,3117,4112,631,1550
07-16-2020,783,628,5232,900,1163,776,3242,2845,206,930,6613,3144,675,98,7622,498,2375,343,4852,285,348,2337,2221,3147,4166,642,1569
07-17-2020,800,632,5262,917,1174,781,3309,2909,207,942,6689,3184,677,100,7754,504,2435,347,4940,285,352,2358,2253,3188,4229,658,1580
07-18-2020,818,632,5289,931,1183,791,3385,2971,209,963,6797,3229,677,105,7891,510,2492,348,5015,291,355,2394,2271,3219,4318,665,1584
07-19-2020,833,642,5311,943,1207,792,3464,3014,213,980,6884,3271,681,106,8000,513,2532,351,5082,292,370,2430,2299,3251,4354,669,1593
07-20-2020,845,642,5332,969,1209,794,3536,3033,213,980,6961,3308,682,106,8115,522,2573,353,5144,305,371,2456,2317,3281,4440,678,1602
07-21-2020,847,649,5363,983,1224,797,3611,3082,216,991,7034,3332,686,110,8229,524,2638,356,5183,305,371,2466,2330,3318,4518,682,1609
07-22-2020,853,654,5404,994,1260,813,3689,3139,217,994,7166,3359,688,110,8353,527,2660,360,5232,306,383,2508,2364,3359,4578,691,1634
07-23-2020,870,667,5443,1012,1275,818,3765,3203,218,1008,7278,3391,689,116,8462,530,2691,371,5303,306,393,2548,2416,3401,4641,700,1654
07-24-2020,888,679,5485,1038,1302,830,3852,3277,218,1021,7396,3421,689,118,8588,536,2749,378,5399,312,397,2604,2462,3446,4706,712,1670
07-25-2020,897,690,5548,1056,1317,842,3937,3342,219,1037,7525,3461,690,119,8702,539,2846,388,5542,332,411,2672,2512,3503,4774,725,1691
07-26-2020,897,711,5592,1077,1329,850,4025,3381,219,1059,7620,3503,693,120,8832,546,2907,394,5623,335,430,2725,2549,3560,4841,734,1709
07-27-2020,902,720,5634,1104,1330,850,4121,3431,220,1059,7690,3548,695,120,8952,559,2960,394,5701,336,445,2773,2589,3616,4874,750,1723
07-28-2020,906,726,5692,1116,1334,852,4224,3478,221,1069,7800,3590,697,121,9099,562,3031,401,5784,339,454,2822,2627,3648,4940,753,1744
07-29-2020,910,745,5751,1139,1364,861,4342,3556,224,1086,7932,3629,697,122,9248,563,3104,414,5837,342,467,2852,2660,3694,5008,767,1764
07-30-2020,919,789,5812,1163,1394,865,4446,3626,224,1109,8131,3672,702,122,9379,578,3150,431,5942,343,484,2922,2698,3735,5078,779,1807
07-31-2020,924,823,5875,1176,1402,881,4557,3711,227,1138,8241,3716,703,126,9526,590,3214,440,6024,344,485,2976,2736,3783,5146,790,1850
08-01-2020,942,843,5964,1204,1413,889,4680,3786,227,1163,8342,3787,704,127,9671,602,3315,446,6111,349,509,3035,2766,3828,5210,800,1896
08-02-2020,949,883,6061,1241,1421,898,4795,3862,230,1180,8452,3823,710,128,9783,621,3414,459,6195,352,529,3086,2790,3888,5267,823,1921
08-03-2020,954,900,6143,1269,1438,898,4914,3950,230,1189,8554,3845,711,128,9921,642,3482,459,6270,354,541,3113,2815,3949,5318,846,1948
08-04-2020,955,909,6229,1305,1459,903,5041,4093,230,1200,8662,3877,711,130,10067,648,3545,466,6355,356,560,3121,2848,4008,5384,851,1967
08-05-2020,959,920,6298,1323,1474,926,5168,4239,236,1232,8812,3942,711,135,10223,658,3638,472,6442,356,570,3149,2880,4064,5462,871,2009
08-06-2020,969,937,6383,1347,1492,941,5295,4381,242,1257,8992,3980,713,135,10420,666,3748,477,6538,360,594,3177,2898,4108,5539,890,2036
08-07-2020,975,965,6477,1386,1508,945,5426,4527,255,1286,9178,4058,714,146,10572,682,3904,489,6638,371,636,3212,2932,4162,5615,895,2064
08-08-2020,996,991,6565,1410,1525,965,5552,4661,259,1323,9378,4128,718,152,10726,696,4069,491,6747,374,653,3257,2955,4226,5697,919,2101
08-09-2020,1022,1014,6669,1437,1547,975,5676,4784,267,1346,9498,4176,721,153,10851,705,4165,494,6840,381,668,3289,2974,4282,5765,937,2131
08-10-2020,1036,1024,6777,1469,1571,976,5797,4901,269,1368,9564,4197,724,155,10981,716,4230,497,6923,386,699,3324,2985,4327,5809,953,2154
08-11-2020,1039,1038,6867,1517,1571,982,5911,5030,271,1376,9687,4239,725,157,11142,729,4364,503,7018,391,702,3375,3002,4375,5875,959,2178
08-12-2020,1049,1080,6980,1557,1602,1011,6039,5169,276,1413,9869,4307,728,160,11308,744,4458,514,7114,399,716,3413,3043,4423,5946,971,2215
08-13-2020,1067,1107,7110,1595,1630,1027,6177,5378,286,1468,10002,4377,733,170,11474,755,4572,516,7206,401,754,3489,3086,4471,6009,1010,2266
08-14-2020,1092,1154,7264,1637,1658,1049,6320,5583,290,1514,10160,4429,739,171,11658,770,4732,533,7326,408,783,3538,3129,4529,6080,1038,2333
08-15-2020,1114,1174,7434,1664,1699,1073,6468,5837,294,1539,10392,4495,739,178,11824,797,4871,544,7433,412,815,3635,3175,4590,6170,1052,2377
08-16-2020,1148,1206,7617,1715,1725,1088,6626,6065,299,1581,10538,4530,742,178,11951,808,4964,548,7538,419,854,3732,3213,4644,6246,1085,2430
08-17-2020,1165,1233,7782,1760,1750,1094,6790,6156,301,1618,10642,4554,743,184,12079,819,5062,557,7716,427,891,3817,3234,4707,6329,1118,2479
08-18-2020,1167,1250,7954,1784,1772,1100,6959,6360,304,1628,10730,4620,746,185,12260,832,5158,565,7828,433,966,3902,3272,4792,6435,1154,2497
08-19-2020,1175,1278,8108,1820,1816,1122,7122,6607,312,1678,10945,4685,748,194,12448,857,5281,582,7953,435,1023,4001,3323,4878,6552,1179,2536
08-20-2020,1200,1314,8297,1833,1873,1156,7290,6849,321,1768,11172,4727,749,204,12631,893,5408,594,8091,440,1078,4116,3405,4929,6662,1213,2597
08-21-2020,1219,1366,8505,1855,1894,1183,7462,7033,329,1828,11328,4805,751,213,12793,912,5578,614,8238,450,1124,4301,3478,4989,6771,1234,2695
08-22-2020,1248,1423,8713,1910,1932,1215,7631,7324,332,1904,11507,4881,756,232,12965,938,5788,636,8383,456,1145,4507,3553,5052,6885,1287,2734
08-23-2020,1286,1468,8926,1957,1966,1234,7805,7493,334,1946,11814,4952,764,243,13111,981,5909,642,8460,464,1165,4626,3592,5102,6987,1331,2821
08-24-2020,1297,1520,9167,2009,2005,1237,7975,7634,336,2010,12023,5025,768,244,13253,997,6054,663,8559,468,1187,4765,3624,5147,7026,1377,2864
08-25-2020,1300,1552,9371,2064,2050,1238,8154,7807,337,2047,12153,5115,769,244,13389,1004,6166,677,8644,470,1246,4923,3649,5187,7063,1407,2923
08-26-2020,1305,1570,9541,2097,2055,1256,8321,7984,346,2062,12248,5211,771,247,13560,1023,6352,684,8737,471,1269,5104,3677,5221,7143,1439,2959
08-27-2020,1318,1618,9700,2131,2095,1278,8485,8202,363,2102,12468,5305,780,264,13763,1040,6537,695,8818,473,1302,5245,3736,5268,7225,1454,2998
08-28-2020,1390,1676,9855,2187,2162,1318,8661,8444,374,2194,12719,5397,790,274,13978,1077,6751,705,8921,488,1361,5478,3800,5320,7302,1487,3063
08-29-2020,1482,1745,9997,2271,2236,1369,8843,8691,386,2297,12984,5489,795,295,14168,1118,6921,738,9019,502,1398,5705,3872,5370,7385,1520,3155
08-30-2020,1538,1777,10145,2347,2306,1416,9014,8889,392,2402,13093,5580,810,312,14356,1169,7094,770,9098,509,1456,5865,3948,5417,7456,1558,3213
08-31-2020,1573,1894,10303,2399,2349,1418,9179,9076,396,2481,13370,5669,814,315,14510,1252,7283,789,9182,518,1470,6014,3993,5471,7516,1596,3302
09-01-2020,1594,1941,10420,2453,2398,1448,9348,9338,400,2519,13546,5755,816,320,14703,1284,7494,808,9269,523,1532,6194,4044,5523,7600,1627,3382
09-02-2020,1642,1990,10487,2511,2454,1505,9522,9640,424,2630,13878,5842,826,346,14907,1320,7697,832,9396,524,1571,6395,4109,5589,7697,1657,3442
09-03-2020,1670,2050,10624,2542,2518,1549,9685,9941,435,2740,14158,5931,833,373,15116,1372,7813,855,9476,530,1629,6637,4194,5662,7788,1708,3471
09-04-2020,1756,2150,10786,2582,2570,1576,9845,10312,444,2848,14477,6017,841,393,15312,1446,8038,886,9535,536,1680,6841,4269,5723,7888,1768,3550
09-05-2020,1849,2230,10958,2625,2625,1591,10011,10692,464,2979,14792,6105,846,415,15507,1504,8260,916,9634,554,1769,7067,4324,5791,7988,1848,3622
09-06-2020,1894,2286,11109,2706,2697,1627,10187,10833,496,3100,15032,6192,854,431,15695,1581,8380,945,9660,571,1858,7225,4375,5828,8049,1882,3678
09-07-2020,1950,2372,11272,2778,2767,1630,10348,10972,500,3195,15276,6278,858,434,15881,1665,8525,973,9762,578,1963,7390,4406,5883,8091,1931,3746
09-08-2020,2046,2450,11431,2845,2843,1675,10508,11202,518,3253,15511,6370,867,448,16073,1690,8721,997,9860,590,2070,7580,4450,5943,8180,1981,3812
09-09-2020,2121,2515,11581,2891,2923,1762,10659,11493,538,3355,15821,6459,870,480,16269,1714,8827,1018,9943,590,2143,7824,4503,6015,8277,2041,3879
09-10-2020,2177,2545,11715,2943,3012,1852,10802,11832,558,3497,16119,6554,874,503,16452,1766,8874,1069,10073,591,2187,8075,4606,6092,8359,2081,3938
09-11-2020,2294,2574,11847,3010,3093,1942,10953,12112,576,3695,16523,6648,885,532,16626,1851,9157,1130,10217,607,2229,8377,4690,6161,8453,2136,4055
09-12-2020,2384,2654,11988,3080,3176,2026,11083,12404,596,3850,16951,6750,892,562,16774,1929,9382,1161,10369,619,2323,8657,4756,6224,8532,2242,4194
09-13-2020,2495,2714,12117,3149,3262,2095,11215,12584,628,3968,17261,6849,904,586,16914,1953,9482,1195,10469,638,2401,8882,4808,6289,8625,2347,4292
09-14-2020,2579,2788,12252,3226,3342,2101,11357,12853,644,4008,17429,6961,909,600,17057,2051,9687,1223,10555,656,2502,9234,4844,6353,8675,2403,4390
09-15-2020,2688,2846,12394,3301,3430,2154,11510,13160,661,4058,17714,7079,929,620,17243,2114,9993,1253,10635,675,2553,9624,4887,6428,8756,2503,4470
09-16-2020,2739,2922,12493,3341,3539,2180,11677,13432,702,4133,18070,7207,934,653,17430,2171,10277,1307,10707,693,2640,10004,4976,6504,8829,2591,4543
09-17-2020,2820,3034,12640,3416,3653,2272,11856,13915,737,4198,18449,7342,951,689,17664,2252,10602,1363,10797,713,2724,10394,5039,6593,8931,2673,4656
09-18-2020,2891,3133,12793,3494,3765,2313,12031,14264,766,4339,18740,7476,967,706,17869,2320,10924,1390,10917,737,2807,10705,5114,6689,9031,2748,4774
09-19-2020,2983,3188,12917,3573,3878,2371,12212,14464,790,4481,19140,7611,973,735,18129,2374,11205,1461,11015,763,2916,11016,5200,6783,9110,2829,4931
09-20-2020,3035,3263,13042,3650,3982,2430,12382,14888,813,4631,19483,7744,985,754,18317,2469,11422,1499,11124,791,3023,11247,5268,6856,9154,2879,4988
09-21-2020,3096,3341,13165,3729,4118,2480,12538,15133,818,4823,19758,7880,993,759,18518,2551,11610,1534,11242,818,3117,11439,5322,6936,9189,2934,5059
09-22-2020,3145,3411,13304,3808,4218,2505,12675,15505,837,4937,20028,8020,1005,767,18793,2572,11843,1575,11353,845,3184,11732,5377,7031,9265,3034,5121
09-23-2020,3238,3537,13448,3889,4394,2634,12811,15908,868,5049,20335,8148,1024,814,19045,2643,12130,1630,11459,865,3280,12069,5455,7132,9343,3149,5191
09-24-2020,3355,3647,13562,3972,4692,2767,12952,16193,905,5185,20665,8286,1039,841,19250,2717,12309,1677,11621,888,3352,12334,5556,7235,9416,3288,5262
09-25-2020,3459,3770,13736,4053,4917,2851,13080,16490,954,5361,21045,8430,1052,894,19465,2782,12470,1752,11774,907,3474,12579,5653,7362,9490,3428,5403
09-26-2020,3570,3875,13902,4137,5118,2964,13212,16870,1000,5531,21492,8571,1069,938,19636,2875,12734,1844,11928,925,3549,12863,5784,7500,9580,3568,5531
09-27-2020,3694,3960,14009,4219,5285,3016,13335,17364,1049,5622,21815,8714,1074,974,19784,2980,12876,1910,12032,946,3672,12986,5900,7632,9632,3663,5656
09-28-2020,3759,3996,14113,4305,5351,3046,13445,17703,1062,5747,22143,8854,1077,979,19916,3011,13079,1972,12145,969,3813,13139,5974,7775,9654,3773,5779
09-29-2020,3881,4099,14280,4387,5551,3132,13577,18129,1084,5896,22559,8996,1090,1000,20085,3074,13350,2107,12302,990,4008,13303,6062,7911,9735,3895,5826
09-30-2020,4022,4127,14446,4474,5822,3477,13700,18678,1134,6068,22778,9139,1108,1049,20350,3163,13529,2231,12411,1013,4223,13514,6194,8059,9819,3995,5923
10-01-2020,4165,4254,14605,4564,6088,3557,13837,19128,1168,6188,23155,9279,1127,1091,20590,3270,13789,2345,12554,1033,4435,13767,6308,8194,9918,4128,6088
10-02-2020,4295,4409,14787,4657,6422,3650,13968,19588,1250,6432,23602,9428,1141,1140,20826,3369,14069,2512,12770,1058,4677,13996,6452,8325,10004,4284,6265
10-03-2020,4430,4518,14966,4755,6719,3864,14093,20104,1340,6647,24043,9591,1158,1207,21032,3490,14379,2727,12956,1084,4908,14167,6554,8455,10105,4401,6468
10-04-2020,4480,4595,15123,4855,6931,4187,14232,20518,1427,6801,24450,9752,1179,1288,21194,3650,14539,2812,13107,1107,5171,14295,6716,8591,10168,4507,6749
10-05-2020,4550,4677,15286,4958,7137,4413,14345,20964,1496,6968,24736,9918,1184,1294,21294,3819,14729,2965,13248,1135,5453,14421,6822,8734,10219,4630,6934
10-06-2020,4687,4812,15444,5063,7372,4561,14451,21451,1544,7263,25091,10099,1194,1333,21494,3894,15021,3270,13374,1164,5676,14610,6930,8880,10317,4746,7070
10-07-2020,4917,4907,15589,5170,7688,4824,14562,22136,1591,7473,25474,10291,1215,1394,21696,4025,15337,3497,13532,1191,5885,14737,7074,9037,10373,4862,7221
10-08-2020,5153,5066,15757,5288,7994,5118,14693,22712,1636,7732,25896,10490,1234,1480,21923,4154,15704,3685,13798,1221,6197,14979,7197,9199,10473,5007,7457
10-09-2020,5349,5212,15939,5413,8301,5372,14835,23342,1714,8062,26463,10689,1262,1613,22172,4293,16107,3921,13981,1253,6404,15284,7331,9373,10629,5172,7718
10-10-2020,5479,5425,16137,5553,8580,5599,15000,23852,1806,8464,26995,10892,1288,1712,22386,4394,16445,4206,14259,1286,6633,15590,7466,9527,10761,5346,8024
10-11-2020,5598,5518,16319,5710,8781,5649,15197,24445,1892,8792,27497,11096,1304,1826,22588,4546,16605,4377,14493,1321,6862,15798,7569,9645,10850,5461,8326
10-12-2020,5668,5621,16488,5862,8967,5699,15379,25186,1985,9011,27693,11309,1325,1852,22788,4708,16770,4621,14696,1355,7280,15992,7637,9791,10935,5589,8464
10-13-2020,5849,5812,16649,6010,9272,5961,15580,25625,2024,9230,28090,11525,1355,1917,23129,4867,17047,4906,14868,1385,7485,16250,7726,9955,11042,5762,8661
10-14-2020,6047,6038,16828,6168,9614,6247,15765,26262,2112,9491,28512,11751,1396,2015,23474,5052,17349,5093,15026,1417,7712,16478,7845,10140,11169,5900,8861
10-15-2020,6157,6179,17004,6331,9834,6491,15955,26913,2195,9684,28957,11978,1440,2125,23806,5207,17511,5226,15186,1452,7983,16700,7941,10320,11305,6012,9130
10-16-2020,6387,6379,17203,6502,10257,6658,16163,27457,2264,10098,29412,12207,1468,2229,24171,5336,18013,5469,15398,1494,8252,16916,8070,10515,11461,6162,9286
10-17-2020,6619,6582,17450,6673,10721,6776,16377,27929,2380,10480,30010,12439,1512,2334,24539,5567,18519,5738,15646,1542,8524,17160,8233,10682,11626,6259,9539
10-18-2020,6762,6686,17659,6840,10933,7007,16580,28518,2472,10818,30463,12684,1564,2422,24844,5687,18729,5877,15882,1589,8850,17361,8356,10830,11736,6365,9787
10-19-2020,6892,6779,17866,7009,11108,7133,16766,29113,2570,11035,30848,12924,1591,2467,25103,5865,19079,6051,16034,1640,9104,17503,8418,10986,11825,6483,10095
10-20-2020,7095,6980,18081,7170,11393,7389,16987,29559,2629,11239,31310,13166,1642,2576,25392,6053,19343,6300,16184,1690,9321,17738,8523,11164,11956,6616,10471
10-21-2020,7314,7164,18314,7373,11705,7629,17214,30272,2739,11561,31869,13419,1697,2686,25702,6256,19957,6880,16428,1743,9509,17970,8644,11367,12112,6784,10634
10-22-2020,7541,7367,18562,7585,12068,7896,17447,30899,2844,11942,32500,13688,1786,2841,26021,6428,20557,7216,16691,1798,9730,18283,8782,11574,12285,7093,10838
10-23-2020,7704,7582,18811,7790,12380,8160,17705,31592,2951,12413,33135,13958,1858,2985,26399,6602,21128,7532,16985,1856,9888,18613,8923,11792,12541,7495,11264
10-24-2020,7921,7786,19116,7994,12685,8410,17984,32112,3061,12863,33695,14247,1955,3083,26868,6790,21491,7694,17257,1913,10112,18849,9081,12009,12801,7792,11748
10-25-2020,8034,7900,19405,8249,12916,8508,18292,32772,3141,13300,34054,14544,2028,3169,27273,6935,21831,7876,17469,1976,10403,19050,9244,12222,12972,7972,12188
10-26-2020,8147,7971,19728,8387,13144,8701,18590,33250,3236,13482,34362,14845,2114,3233,27608,7069,22179,8056,17730,2037,10605,19261,9401,12403,13144,8132,12533
10-27-2020,8301,8083,20117,8533,13418,8819,18915,33806,3344,13845,34887,15156,2157,3321,28086,7194,22640,8350,18003,2099,10810,19522,9506,12635,13345,8463,12878
10-28-2020,8539,8292,20509,8784,13915,9024,19247,34441,3454,14228,35450,15465,2212,3416,28484,7317,23207,8639,18299,2164,10974,19818,9697,12871,13571,8852,13154
10-29-2020,8735,8449,20906,9009,14301,9177,19596,35016,3616,14706,36027,15780,2308,3482,28889,7450,23623,8930,18518,2238,11238,20111,9899,13089,13842,9211,13518
10-30-2020,8952,8631,21273,9225,14655,9643,19981,35675,3800,15227,36768,16119,2398,3575,29314,7574,24116,9220,18857,2318,11508,20411,10115,13326,14158,9567,13866
10-31-2020,9157,8763,21658,9452,15071,10392,20392,36297,3960,15724,37549,16464,2514,3635,29828,7782,24623,9563,19158,2397,11750,20669,10342,13554,14470,9909,14257
11-01-2020,9305,8865,22067,9655,15266,10937,20793,37180,4153,16148,38238,16816,2610,3713,30236,8144,24994,9739,19373,2478,11924,20808,10575,13784,14695,10112,14965
11-02-2020,9422,9052,22485,9816,15411,11235,21169,37997,4270,16422,38745,17175,2656,3760,30700,8495,25325,9852,19573,2557,12071,20963,10789,13983,14911,10370,15363
11-03-2020,9670,9213,22881,9955,15729,11731,21596,38709,4424,16928,39534,17535,2677,3881,31134,8736,25785,10190,19998,2635,12409,21186,11096,14234,15187,10797,15833
11-04-2020,9898,9367,23296,10157,16169,12367,22047,39559,4622,17439,40390,17918,2730,3988,31639,9027,26332,10617,20300,2718,12776,21332,11363,14544,15470,11227,16200
11-05-2020,10085,9502,23708,10364,16600,12873,22521,40330,4852,17989,41373,18329,2813,4104,32069,9306,26838,11079,20671,2799,13196,21499,11644,14889,15849,11750,16598
11-06-2020,10292,9787,24079,10494,17014,13128,23032,41131,5027,18438,42375,18763,2891,4214,32425,9605,27392,11337,21026,2883,13635,21708,11923,15313,16268,12196,17189
11-07-2020,10461,9947,24559,10700,17446,13546,23561,42139,5249,19017,43229,19274,3018,4345,32982,9949,27894,11699,21403,2964,14103,21907,12216,15795,16670,12734,17791
11-08-2020,10618,10054,25016,10868,17748,13907,24066,43213,5441,19493,44172,19820,3092,4450,33283,10240,28265,11944,21770,3046,14486,22040,12420,16105,16932,13422,18334
11-09-2020,10723,10164,25411,11016,17965,14190,24494,43930,5558,19839,44920,20410,3142,4539,33754,10559,28728,12204,22140,3119,14863,22216,12566,16436,17192,14105,18970
11-10-2020,10919,10335,25835,11157,18324,14578,25054,44466,5833,20328,45667,21038,3204,4643,34304,10787,29336,12723,22622,3190,15297,22389,12765,16821,17620,14693,19616
11-11-2020,11063,10564,26301,11364,18690,15066,25643,44948,6075,20826,46632,21731,3280,4738,34988,11092,30041,13143,23035,3251,15662,22549,12970,17236,18056,15285,20194
11-12-2020,11323,10804,26699,11584,19169,15478,26252,45469,6272,21392,47563,22431,3422,4822,35535,11373,30704,13767,23585,3306,16101,22798,13153,17610,18470,16084,20589
11-13-2020,11673,11020,27140,11798,19909,16025,26824,46137,6485,21954,48646,23103,3501,4940,36000,11646,31332,14327,24045,3358,16781,23012,13367,18004,18832,16811,21138
11-14-2020,12315,11298,27511,12005,20535,16632,27417,46886,6752,22450,49699,23801,3572,5080,36561,11944,32090,14800,24579,3412,17437,23330,13627,18433,19214,17616,21597
11-15-2020,12996,11419,27917,12206,21222,16983,27986,47599,6967,22879,50620,24493,3651,5147,36894,12340,32782,14966,24969,3470,17859,23555,13844,18676,19384,18484,22225
11-16-2020,13478,11557,28336,12367,22069,17201,28440,48179,7126,23136,51499,25141,3710,5169,37466,12633,33415,15262,25210,3525,18324,23757,13948,18936,19559,19291,22847
11-17-2020,14233,12120,28692,12522,22877,17713,28972,48586,7357,23547,52642,25787,3753,5215,37970,12998,34176,15884,25596,3579,18903,23938,14103,19297,19826,20025,23447
11-18-2020,15033,12456,29126,12733,23900,18257,29542,49067,7624,23952,53855,26561,3818,5286,38577,13394,34806,16418,25904,3636,19514,24242,14306,19648,20146,20733,23988
11-19-2020,15759,12656,29612,12947,25028,18790,30091,49618,7946,24485,55203,27347,3931,5385,39229,13769,35440,16935,26442,3695,20124,24552,14532,20150,20463,21481,24542
11-20-2020,16437,13159,30143,13150,26202,19223,30684,50252,8155,25290,56594,28427,4052,5474,39916,14181,36053,17403,27054,3751,20872,24843,14857,20651,20827,22225,25111
11-21-2020,17149,13955,30636,13375,27544,19685,31305,50784,8359,25820,57807,29380,4142,5617,40416,14607,36727,17942,27539,3810,21833,25259,15164,21131,21165,23035,25664
11-22-2020,17748,14444,31034,13604,28561,20026,31859,51398,8549,26227,59006,30342,4258,5666,40879,14957,37365,18243,27912,3867,22612,25566,15314,21456,21368,23800,26154
11-23-2020,18292,15061,31369,13828,29654,20262,32296,51637,8704,26430,60218,31212,4358,5679,41279,15320,37901,18557,28194,3925,23167,25813,15476,21864,21538,24442,26966
11-24-2020,19038,15405,31710,14012,30606,20498,32826,51992,8869,26624,61640,32301,4455,5719,42050,15745,38766,19143,28461,3980,23896,26051,15658,22221,21903,25242,27157
11-25-2020,19826,15932,32067,14237,31861,20868,33409,52538,9141,27114,62620,33262,4557,5793,42874,16229,39742,19679,28860,4037,24811,26329,15984,22516,22150,26328,27368
11-26-2020,20668,16485,32492,14468,33115,21344,34045,53433,9345,27703,64019,34241,4706,5925,43611,16731,40535,20204,29320,4098,25662,26752,16370,22906,22425,27226,27926
11-27-2020,21402,17113,33018,14686,34888,21786,34696,54028,9633,28350,65539,35235,4824,6061,44509,17167,41501,20701,29875,4156,26590,27050,16710,23273,22748,28229,28481
11-28-2020,22053,17753,33291,14915,36487,22210,35374,54517,9845,28917,67278,36214,4941,6185,45052,17710,42851,21490,30430,4218,27603,27425,17051,23656,22974,29296,29098
11-29-2020,22529,18113,33512,15145,37651,22602,35930,55221,10009,29419,69018,36996,5085,6239,45636,18173,44131,21779,30807,4281,28185,27662,17272,23905,23065,30150,29590
11-30-2020,22924,18375,33732,15372,38789,22807,36434,55341,10149,29577,70478,37687,5286,6274,46078,18535,44949,22055,30956,4346,28831,27849,17405,24135,23193,30875,29911
12-01-2020,23590,18717,33942,15586,39659,23157,37017,55702,10371,29751,72277,38528,5382,6350,46891,18985,45838,22763,31283,4408,29627,28095,17569,24483,23438,31608,30100
12-02-2020,24046,19218,34150,15819,40148,23752,37546,56361,10659,30228,74012,39503,5506,6467,47477,19448,46985,23291,31798,4477,30354,28375,17715,24791,23646,32555,30233
12-03-2020,24776,19722,34432,16063,40966,24175,38080,57267,11087,30943,75376,40427,5701,6610,48144,19894,47920,23926,32223,4549,31184,28673,17988,25121,23880,33615,30630
12-04-2020,25492,20327,34710,16314,42224,24595,38588,58030,11398,31412,76750,41415,5888,6726,48819,20358,49131,24532,32702,4623,32080,29007,18271,25465,24067,34721,31183
12-05-2020,26232,20917,34924,16575,43282,25113,39058,58622,11731,31856,78291,42410,6071,6910,49380,20734,50146,24937,33192,4694,32684,29366,18476,25793,24330,35722,31539
12-06-2020,26809,21263,35152,16838,44080,25547,39373,59285,11915,32286,79809,43219,6254,7027,49831,21144,51148,25228,33508,4769,33181,29594,18587,26019,24541,36539,31967
12-07-2020,27167,21442,35378,17109,45040,25792,39438,59393,12159,32429,81335,43854,6360,7088,50175,21429,51810,25655,33714,4842,33658,29788,18714,26211,24663,36937,32318
12-08-2020,27913,21599,35622,17383,45752,26235,39541,59739,12493,32539,82810,44554,6418,7141,50787,21798,52853,26571,34088,4913,33904,29977,18824,26475,24886,37885,32354
12-09-2020,28728,22167,35826,17661,46056,27044,39730,60273,12826,32960,84538,45497,6524,7275,51375,22127,54123,27222,34578,4987,34226,30203,18988,26832,25029,38698,32498
12-10-2020,29449,22616,36044,17950,46891,27678,40007,60992,13039,33426,86437,46211,6744,7436,51915,22621,54840,27772,35034,5063,34611,30462,19206,27194,25344,39758,32987
12-11-2020,30133,23190,36286,18256,47650,28391,40282,61424,13401,33958,88317,46998,6921,7615,52578,22980,55714,28435,35452,5136,34996,30738,19481,27537,25693,40653,33405
12-12-2020,30784,23754,36496,18589,48365,29031,40484,61985,13723,34417,90013,47783,7059,7705,53299,23479,57071,28811,35900,5211,35327,30964,19680,27852,25883,41460,33714
12-13-2020,31209,24125,36695,18940,49074,29398,40668,62324,13972,34800,91138,48523,7166,7889,53662,23864,57699,29121,36117,5289,35702,31165,19801,28019,26016,41995,34073
12-14-2020,31607,24411,36889,19289,49535,29660,40768,62428,14207,34840,91743,49044,7225,7929,53844,24099,58283,29450,36262,5366,35968,31283,19866,28246,26153,42435,34491
12-15-2020,32272,24786,37080,19634,49961,30062,40875,62708,14346,34919,93302,49335,7273,7987,54233,24404,59113,30025,36599,5445,36098,31374,19977,28527,26281,43034,34511
12-16-2020,32803,25330,37266,19988,50316,30466,41082,63178,14643,35157,95160,50040,7375,8166,54833,24749,59974,30466,36974,5526,36251,31581,20093,28923,26432,43835,34611
12-17-2020,33254,25917,37467,20339,50894,30896,41356,63732,14858,35632,96672,50666,7515,8359,55291,25287,61038,30783,37417,5602,36599,31874,20319,29390,26685,44693,35157
12-18-2020,33837,26409,37695,20695,51401,31449,41644,64237,15151,36027,98330,51588,7621,8533,55860,25826,61963,31097,37840,5682,37157,32089,20578,29817,26855,45715,35662
12-19-2020,34451,26864,37949,21049,52068,31929,41798,64792,15449,36360,99694,52415,7707,8640,56442,26260,63124,31433,38315,5765,37612,32235,20781,30197,27003,46544,36061
12-20-2020,34731,27132,38152,21406,52557,32255,41938,65312,15653,36755,100450,53007,7785,8759,56763,26631,63938,31577,38536,5846,37994,32392,20956,30457,27098,47219,36401
12-21-2020,34945,27236,38363,21756,53155,32513,42026,65414,15814,36814,101123,53463,7817,8900,56953,27017,64589,31961,38656,5929,38170,32498,21035,30773,27195,47789,36774
12-22-2020,35413,27358,38555,22110,54147,32760,42090,65652,15973,36840,102282,54022,7861,8994,57401,27479,65503,32506,38920,6011,38321,32579,21145,31138,27303,48454,36810
12-23-2020,35938,27723,38721,22463,54625,33102,42300,66243,16162,37142,103663,54831,7949,9181,57906,27970,66295,32945,39251,6094,38501,32738,21259,31490,27391,49341,36975
12-24-2020,36418,28275,38914,22818,55174,33738,42482,66788,16408,37600,105040,55497,8090,9443,58372,28351,66971,33509,39634,6175,38923,32972,21490,31917,27543,50115,37468
12-25-2020,36947,28730,39143,23156,55680,34225,42611,67417,16679,38004,106078,56374,8149,9725,58875,28805,67934,33997,39979,6260,39490,33175,21698,32149,27650,50805,37848
12-26-2020,37321,28943,39293,23498,56356,34586,42725,67655,16917,38333,106486,56942,8205,9906,59551,29117,68447,34341,40195,6343,39848,33328,21858,32300,27754,51250,38219
12-27-2020,37617,29146,39422,23848,56893,34929,42828,67868,17067,38378,107204,57331,8225,9982,59798,29531,68962,34600,40295,6428,40047,33452,21960,32429,27828,51703,38494
12-28-2020,37856,29212,39515,24191,57196,35188,42894,67991,17193,38408,108055,57614,8234,10013,60005,29878,69134,34843,40332,6509,40129,33540,22008,32537,27879,52175,38545
12-29-2020,38302,29458,39662,24523,57632,35562,42949,68395,17327,38471,109008,57912,8248,10054,60560,30300,69863,35487,40459,6591,40170,33622,22078,32626,27974,52689,38554
12-30-2020,38696,29633,39815,24854,58094,35905,43072,68807,17497,38833,110139,58535,8345,10218,60923,30500,70592,35788,40672,6678,40305,33789,22242,32735,28065,53428,38720
12-31-2020,39011,29897,40017,25187,58561,36391,43190,69377,17752,39187,111471,59204,8448,10508,61268,30900,71125,36079,40990,6763,40642,34023,22500,33016,28200,54088,39202
01-01-2021,39351,30234,40225,25527,58991,36909,43341,70090,17906,39692,112356,59831,8522,10830,61696,31314,71669,36598,41275,6849,40989,34194,22735,33207,28313,54607,39604
01-02-2021,39481,30353,40357,25807,59293,37198,43489,70212,18044,39932,112649,60238,8544,10923,62130,31705,71889,36733,41503,6932,41350,34275,22801,33312,28407,54717,39982
01-03-2021,39725,30505,40503,26027,59697,37398,43588,70280,18159,39946,113019,60541,8566,11008,62563,32159,72315,36930,41578,7017,41497,34334,22867,33405,28485,55018,40007
01-04-2021,40025,30550,40637,26274,59931,37560,43692,70343,18234,39972,113523,60842,8573,11020,62915,32473,72600,37199,41632,7106,41536,34406,22921,33488,28535,55546,40098
01-05-2021,40401,30637,40764,26477,60251,37829,43753,70656,18318,40012,114369,61108,8598,11053,63286,32560,73282,37575,41769,7194,41595,34459,22997,33574,28600,55964,40175
01-06-2021,40746,30672,40903,26702,60476,38088,43873,71213,18435,40328,115300,61704,8663,11240,63610,32680,73950,37884,42012,7284,41710,34620,23155,33709,28676,56586,40263
01-07-2021,40979,31085,41064,26934,60890,38660,44010,71812,18582,40739,116031,62184,8745,11571,63898,33091,74644,38273,42338,7375,42215,34818,23405,33851,28787,57095,40726
01-08-2021,41125,31375,41216,27164,61266,39044,44116,72003,18774,41002,116469,62555,8753,11684,64229,33509,74918,38388,42484,7467,42450,34919,23512,33958,28883,57453,41084
01-09-2021,41478,31400,41363,27368,61737,39233,44249,72226,18818,41049,116813,62930,8793,11833,64491,33925,75217,38548,42564,7560,42610,34989,23573,34066,28938,57909,41263
01-10-2021,41780,31460,41514,27581,61977,39419,44323,72570,18959,41234,117217,63335,8878,11975,64817,34252,75663,38723,42723,7658,42759,35139,23642,34190,28987,58116,41374
01-11-2021,42009,31539,41667,27783,62220,39572,44415,72666,19118,41275,117588,63700,8890,12115,64977,34545,75975,38940,42811,7753,42919,35242,23739,34293,29031,58574,41494
01-12-2021,42315,31546,41851,27967,62487,39732,44481,72941,19191,41293,118486,63984,8966,12162,65289,34597,76290,39460,42943,7846,43071,35325,23860,34392,29165,59037,41566
01-13-2021,42584,31629,42016,28180,62592,39921,44615,73462,19332,41641,119392,64264,9083,12390,65566,34769,76803,39816,43178,7939,43230,35452,24071,34535,29265,59566,41667
01-14-2021,42891,31901,42212,28545,62909,40509,44756,73840,19449,41870,120186,64674,9166,12604,66048,35229,77160,40161,43458,8034,43495,35661,24285,34756,29384,60120,42040
01-15-2021,43172,32176,42439,28870,63442,40952,44929,74150,19570,42016,121082,65262,9244,12783,66573,35718,77752,40448,43700,8130,43839,35852,24494,34883,29484,60749,42254
01-16-2021,43495,32310,42648,29198,64028,41492,45097,74435,19633,42226,121903,65736,9336,12938,67058,36127,78077,40798,43943,8224,44076,35997,24722,35087,29631,61445,42454
01-17-2021,43802,32508,42843,29509,64337,41726,45250,74750,19723,42394,122696,66098,9371,13039,67373,36455,78407,41097,44088,8321,44300,36104,24898,35265,29772,61777,42609
01-18-2021,43922,32544,43004,29762,64557,41817,45360,74796,19801,42395,122997,66338,9376,13042,67495,36778,78557,41189,44149,8416,44384,36195,25000,35394,29863,62043,42720
01-19-2021,44130,32547,43176,29954,64758,41991,45487,75033,19827,42434,123634,66488,9405,13106,67692,36893,79010,41386,44207,8516,44445,36262,25073,35464,29957,62492,42758
01-20-2021,44330,32627,43374,30205,64915,42199,45636,75368,19875,42599,124240,66714,9444,13182,67887,37007,79233,41544,44318,8611,44548,36382,25251,35567,30033,62915,42850
01-21-2021,44492,32842,43583,30449,65210,42479,45813,75670,19976,42801,124835,66949,9485,13306,68224,37177,79456,41788,44569,8710,44809,36532,25437,35721,30160,63273,43034
01-22-2021,44687,32981,43800,30683,65624,42745,46039,75970,20057,42935,125342,67262,9513,13373,68594,37452,79743,41980,44729,8807,44932,36645,25599,35856,30302,63623,43186
01-23-2021,44848,33036,43963,30921,65966,42938,46287,76295,20154,43040,125878,67520,9563,13415,68945,37667,79965,42179,44936,8905,45021,36778,25777,35975,30462,63962,43327
01-24-2021,44926,33193,44149,31147,66202,43048,46579,76413,20258,43243,126118,67762,9606,13494,69265,37866,80054,42320,45032,9006,45139,36897,25899,36048,30650,64160,43491
01-25-2021,44994,33235,44309,31339,66338,43174,46817,76464,20348,43245,126264,67864,9609,13535,69403,37989,80220,42404,45081,9105,45240,36992,25966,36114,30709,64401,43613
01-26-2021,45116,33240,44501,31496,66446,43220,47072,76671,20385,43260,126639,67942,9626,13591,69570,38019,80431,42504,45162,9207,45277,37087,26019,36207,30812,64677,43633
01-27-2021,45242,33270,44670,31677,66634,43363,47239,76909,20449,43429,127076,68218,9674,13640,69791,38193,80616,42620,45326,9303,45362,37183,26177,36283,30898,64881,43740
01-28-2021,45345,33469,44955,31861,66930,43564,47501,77222,20551,43671,127472,68381,9719,13745,70245,38501,80787,42771,45498,9401,45537,37396,26432,36442,31145,65130,44003
01-29-2021,45476,33621,45213,32034,67189,43757,47857,77470,20621,43818,127833,68707,9746,13785,70685,38708,81047,42989,45707,9500,45660,37575,26714,36601,31282,65362,44170
01-30-2021,45631,33738,45399,32212,67524,43927,48269,77750,20673,43941,128174,69032,9782,13893,71041,38792,81221,43093,45823,9603,45737,37699,26955,36747,31527,65582,44328
01-31-2021,45690,33836,45517,32387,67713,44103,48606,77942,20727,43948,128389,69225,9806,13918,71186,38938,81391,43141,45901,9704,45858,37809,27078,36818,31744,65638,44533
02-01-2021,45730,33873,45641,32543,67789,44165,48903,77978,20747,43951,128549,69325,9809,13938,71332,39090,81462,43197,45928,9805,45919,37894,27157,36877,31871,65725,44635
02-02-2021,45887,33880,45800,32681,67893,44220,49181,78136,20766,43964,128834,69445,9821,13976,71446,39117,81593,43295,45982,9904,45939,37957,27218,36976,31962,65942,44649
02-03-2021,45985,33933,45965,32832,68015,44322,49479,78366,20789,43964,129164,69609,9861,14037,71628,39182,81770,43487,46083,10005,46013,38077,27410,37070,32091,66153,44711
02-04-2021,46167,34067,46142,32980,68238,44481,49833,78665,20844,44393,129506,69798,9886,14114,71936,39279,81933,43647,46256,10108,46146,38299,27645,37182,32390,66406,44993
02-05-2021,46311,34168,46412,33132,68525,44627,50266,78855,20891,44624,129827,70070,9911,14153,72342,39439,82090,43820,46419,10200,46227,38473,27916,37309,32599,66740,45155
02-06-2021,46422,34251,46670,33287,68831,44752,50764,79080,20958,44756,130039,70365,9954,14207,72628,39521,82266,43931,46530,10293,46324,38593,28163,37408,32820,66967,45279
02-07-2021,46442,34336,46855,33436,69029,44940,51218,79244,21008,44853,130236,70541,9960,14240,72830,39639,82478,43968,46603,10384,46458,38710,28347,37456,32989,67053,45416
02-08-2021,46495,34382,46998,33561,69185,44968,51616,79279,21027,44877,130324,70638,9964,14254,72949,39754,82539,44000,46648,10474,46512,38784,28470,37501,33122,67112,45592
02-09-2021,46645,34389,47192,33681,69256,45027,52141,79403,21079,44908,130567,70728,9984,14303,73046,39811,82629,44072,46734,10565,46538,38835,28517,37559,33398,67276,45609
02-10-2021,46753,34419,47383,33828,69376,45125,52551,79591,21129,45044,130864,70878,10027,14339,73163,39848,82744,44204,46837,10654,46586,38940,28788,37670,33636,67490,45670
02-11-2021,46882,34500,47674,33977,69682,45281,53033,79823,21171,45279,131199,71037,10064,14382,73482,39931,82899,44330,46976,10740,46688,39093,29180,37795,34004,67672,46037
02-12-2021,47004,34598,47917,34118,69979,45428,53625,80012,21219,45424,131547,71283,10076,14434,73855,40081,83042,44421,47106,10821,46791,39261,29487,37912,34318,67825,46222
02-13-2021,47168,34699,48301,34257,70152,45568,54293,80301,21242,45551,131867,71548,10110,14489,74184,40160,83225,44558,47220,10903,46921,39396,29852,38024,34803,67961,46456
02-14-2021,47248,34770,48573,34395,70364,45694,54776,80394,21279,45672,131949,71732,10121,14511,74348,40281,83296,44592,47253,10982,47008,39522,29977,38102,35010,67995,46676
02-15-2021,47314,34793,48798,34523,70470,45722,55233,80453,21310,45682,132160,71903,10124,14520,74471,40358,83371,44613,47268,11062,47055,39601,30119,38147,35123,68041,46826
02-16-2021,47413,34821,49141,34648,70555,45782,55854,80584,21316,45732,132468,72039,10144,14546,74586,40413,83498,44762,47356,11140,47062,39668,30329,38242,35327,68136,46844
02-17-2021,47457,34855,49527,34772,70692,45880,56500,80827,21331,45930,132834,72224,10196,14597,74769,40460,83684,44839,47495,11215,47129,39790,30680,38359,35602,68285,46962
02-18-2021,47597,34942,49963,34898,70897,46051,57299,81116,21375,46132,133347,72455,10227,14631,75069,40579,83885,44995,47662,11293,47323,40005,31194,38522,36102,68373,47400
02-19-2021,47752,35120,50421,35015,71294,46183,58052,81298,21409,46329,133891,72820,10290,14674,75491,40761,84123,45128,47796,11367,47427,40222,31775,38702,36499,68555,47660
02-20-2021,47879,35230,50943,35124,71584,46351,58790,81578,21444,46539,134306,73145,10332,14719,75911,40924,84267,45266,47938,11436,47570,40425,32329,38868,36913,68687,48029
02-21-2021,47933,35307,51263,35230,71807,46443,59408,81775,21486,46710,134506,73388,10347,14739,76154,41071,84400,45315,48029,11504,47704,40587,32811,38964,37194,68721,48394
02-22-2021,47971,35334,51522,35316,71933,46455,59923,81825,21510,46716,134675,73554,10352,14751,76433,41194,84524,45390,48065,11567,47764,40716,33139,39039,37427,68771,48679
02-23-2021,48111,35340,51990,35395,72059,46513,60639,82013,21518,46834,135129,73750,10371,14798,76630,41286,84683,45503,48172,11632,47806,40823,33382,39167,37651,68930,48746
02-24-2021,48185,35381,52514,35467,72286,46639,61239,82374,21546,47069,135676,74025,10429,14849,76917,41490,84898,45595,48317,11700,47942,40997,33983,39307,38040,69086,48910
02-25-2021,48345,35542,53075,35534,72602,46857,61950,82806,21598,47354,136328,74343,10492,14896,77349,41684,85166,45805,48504,11764,48161,41329,34622,39500,38694,69218,49621
02-26-2021,48472,35672,53713,35600,73023,46993,62807,83137,21630,47616,137076,74891,10535,14927,77823,41834,85485,45916,48637,11829,48321,41634,35360,39719,39209,69338,50076
02-27-2021,48588,35829,54383,35663,73346,47160,63699,83539,21673,47888,137656,75338,10598,14960,78519,42053,85748,46067,48779,11891,48441,41881,36054,39901,39830,69504,50582
02-28-2021,48639,35889,54794,35728,73690,47324,64433,83815,21709,48125,137864,75689,10628,14977,78918,42202,85892,46125,48899,11951,48566,42099,36612,39995,40253,69602,51110
03-01-2021,48706,35910,55129,35790,73855,47378,64959,83884,21729,48157,138020,75897,10631,14987,79233,42392,86099,46222,48957,12010,48686,42277,37210,40060,40495,69685,51576
03-02-2021,48799,35962,55633,35857,74061,47485,65608,84203,21747,48262,138483,76128,10657,15019,79582,42545,86418,46353,49065,12067,48723,42423,37663,40200,40933,69848,51670
03-03-2021,48929,36021,56128,35922,74295,47698,66248,84597,21787,48557,139138,76555,10742,15066,79985,42742,86727,46501,49282,12121,48855,42766,38240,40401,41412,70067,51966
03-04-2021,49170,36188,56754,35989,74679,47978,67024,85039,21823,48914,140006,76978,10835,15119,80575,42939,87210,46754,49484,12176,49152,43223,39067,40659,42091,70247,52854
03-05-2021,49374,36325,57315,36057,75176,48312,67761,85605,21877,49332,140916,77668,10904,15169,81221,43148,87582,46926,49682,12226,49390,43617,39883,40936,42839,70410,53549
03-06-2021,49517,36513,57837,36122,75664,48505,68437,86127,21939,49708,141598,78263,10951,15204,81752,43485,87957,47038,49880,12274,49584,43974,40597,41131,43504,70598,54298
03-07-2021,49611,36622,58278,36188,76026,48722,68980,86489,21974,50069,142030,78629,10997,15222,82353,43669,88313,47158,49969,12325,49711,44230,41184,41260,44007,70680,55045
03-08-2021,49697,36662,58725,36249,76238,48814,69488,86673,22008,50235,142316,78980,11001,15232,82860,43889,88611,47252,50031,12372,49850,44466,41762,41343,44314,70738,55615
03-09-2021,49725,36699,59134,36307,76389,48837,69921,86869,22010,50243,142517,79142,11006,15246,83211,44040,88674,47259,50084,12417,49919,44563,42222,41405,44509,70751,55686
03-10-2021,49876,36729,59667,36367,76615,48955,70423,87139,22016,50395,143161,79462,11037,15320,83734,44269,89260,47412,50257,12460,49969,44711,42797,41530,44908,70969,55827
03-11-2021,50130,36795,60254,36432,76954,49231,70956,87697,22060,50902,144014,79972,11105,15387,84334,44412,89848,47770,50524,12498,50154,45066,43456,41701,45371,71218,56211
03-12-2021,50468,37087,60912,36494,77619,49730,71651,88385,22147,51393,144910,80669,11183,15498,85038,44770,90605,48074,50793,12535,50585,45632,44396,41973,45939,71490,57521
03-13-2021,50781,37429,61537,36557,78312,50194,72370,89222,22231,51998,145959,81582,11267,15589,85917,45148,91372,48318,51173,12572,50860,46031,45329,42234,46564,71835,58492
03-14-2021,50923,37623,62014,36619,78972,50540,72831,89791,22302,52531,146398,82134,11323,15616,86507,45492,91857,48423,51328,12608,51169,46396,45963,42384,46875,71949,59415
03-15-2021,51067,37717,62410,36676,79411,50625,73161,90164,22355,52860,146711,82598,11333,15635,87059,45802,92264,48588,51439,12641,51366,46670,46389,42513,47208,72010,60193
03-16-2021,51310,37740,62937,36730,79680,50911,73628,90760,22385,53113,147710,83110,11379,15736,88124,46218,92992,48901,51674,12675,51521,46957,47313,42689,47762,72317,60323
03-17-2021,51607,37824,63418,36785,80219,51284,74134,91510,22451,53816,148831,83740,11491,15846,89008,46670,93875,49166,52107,12708,51804,47442,48063,42928,48319,72665,60805
03-18-2021,51974,38299,64014,36841,80874,51935,74693,92242,22547,54616,149923,84467,11640,15920,90100,47094,94872,49560,52497,12742,52374,48134,48814,43258,48933,73093,62203
03-19-2021,52510,38646,64598,36895,81590,52606,75199,93327,22688,55471,151133,85601,11798,16067,91240,47513,95807,50103,52940,12775,52863,48762,49762,43606,49479,73501,63116
03-20-2021,53092,39032,65137,36947,82694,53189,75609,94081,22778,56342,152203,86637,11935,16182,92420,47921,96844,50503,53372,12807,53427,49360,50585,43846,49845,73986,64198
03-21-2021,53383,39344,65555,37000,83454,53562,75940,94960,22943,57082,152637,87291,12030,16205,93537,48274,97504,50770,53589,12838,53815,49736,51249,44019,50212,74260,65012
03-22-2021,53630,39473,65939,37056,83909,53772,76181,95416,23029,57280,152986,87848,12034,16222,94474,48575,98249,50900,53714,12871,54104,50012,51762,44205,50501,74449,65592
03-23-2021,53907,39501,66518,37110,84513,54042,76532,96259,23060,57656,154036,88575,12091,16369,95469,49004,99371,51597,54090,12905,54296,50442,52478,44430,50929,74789,65778
03-24-2021,54333,39599,67002,37166,85298,54677,76883,97068,23188,58650,155336,89388,12204,16521,96408,49384,100548,52047,54630,12941,54790,50964,53094,44705,51566,75392,66231
03-25-2021,54842,40147,67545,37223,86190,55455,77395,97986,23356,59639,156603,90260,12388,16662,97440,49761,101783,52568,55256,12977,55403,51495,53866,45054,52234,75880,67367
03-26-2021,55546,40546,68132,37283,87548,56180,77797,99190,23533,60679,157767,91399,12581,16793,98744,50295,103328,53237,55810,13011,56036,52122,54714,45410,52663,76399,68258
03-27-2021,56347,41494,69055,37348,89802,57823,78477,101472,23898,62177,159367,93441,12926,16998,101056,51147,105175,54084,56659,13048,57165,53207,55871,45965,53287,77308,69862
03-28-2021,56347,41494,69055,37416,89802,57823,78477,101472,23898,62177,159367,93441,12926,16998,101056,51147,105175,54084,56659,13089,57165,53207,55871,45965,53287,77308,69862
03-29-2021,56739,41641,69347,37489,90449,57998,78703,102136,24043,62605,159769,93959,12985,17027,101876,51390,105833,54238,56798,13138,57491,53597,56236,46188,53488,77444,70429
03-30-2021,57019,41858,69633,37558,90913,58501,79000,102898,24112,63116,161191,94893,13044,17247,102837,51677,106554,54728,57133,13184,57706,53878,56662,46420,53675,77649,70598
03-31-2021,57393,41884,69844,37633,91122,59206,79225,103804,24258,63780,162291,95323,13162,17460,103670,51924,107566,55021,57724,13228,58193,54080,57101,46674,54045,78386,71032
04-01-2021,57998,42494,70286,37712,92096,59690,79683,104424,24527,64922,163441,96285,13365,17692,104811,52251,108871,55833,58389,13261,58966,54821,57950,47164,54696,79013,72069
04-02-2021,58766,43077,70752,37790,93274,60542,80098,105918,24748,66273,164605,97441,13531,17879,106479,52707,110479,56526,59024,13293,59752,55531,58765,47686,55085,79768,72924
04-03-2021,59509,43782,71112,37871,94707,61291,80430,107388,25022,67417,166658,98807,13675,18109,108017,53178,112000,57300,59714,13327,60577,56204,59377,48131,55478,80522,73566
04-04-2021,60155,44337,71416,37955,95850,61959,80664,108776,25208,68477,167210,99611,13846,18165,108882,53564,113075,57494,60044,13363,61339,56709,59774,48357,55765,80850,74182
04-05-2021,60516,44655,71670,38041,96853,62213,80755,109931,25384,68916,167668,100230,13954,18201,110003,53851,113735,57723,60296,13398,61767,57150,60007,48598,55930,81143,74739
04-06-2021,61115,44706,72031,38130,97697,62736,80840,110809,25495,69268,169100,101119,14053,18418,111108,54220,115171,58453,60799,13431,61972,57661,60453,48915,56319,81754,74952
04-07-2021,61860,44901,72382,38218,98368,63386,81035,111826,25789,70180,170517,102211,14158,18672,112193,54632,116407,58935,61465,13463,62558,58230,61015,49305,56650,82487,75417
04-08-2021,62682,45606,72795,38309,99373,64402,81309,113253,26263,71338,172403,103187,14375,18936,113448,54985,117549,59673,62198,13499,63118,59026,61619,49816,56975,83383,76286
04-09-2021,63516,46265,73172,38398,101038,65548,81540,114447,26580,72432,174267,104452,14582,19162,115087,55357,118743,60521,62755,13533,63938,59399,62259,50264,57211,84206,76933
04-10-2021,64280,46842,73503,38489,102421,66456,81674,115790,26901,73196,175872,105585,14759,19425,116429,55732,119801,61285,63290,13566,64615,59932,62697,50776,57436,84947,77493
04-11-2021,64629,47331,73696,38583,103754,67295,81784,117164,27213,74007,176569,106244,14966,19497,117149,56148,120424,61582,63567,13598,65253,60342,62840,51068,57574,85226,77927
04-12-2021,65014,47586,73864,38678,104866,67622,81833,117759,27408,74156,177106,106721,15115,19540,117739,56451,120867,61718,63741,13632,65630,60657,62999,51315,57636,85486,78276
04-13-2021,65687,47675,74099,38775,105572,68170,81896,118663,27496,74538,178609,107539,15199,19792,118577,56806,121662,62512,64163,13664,65809,61022,63341,51644,57787,86063,78464
04-14-2021,66268,47860,74303,38869,106178,69007,82058,119918,27704,75392,180066,108384,15319,20113,119540,57228,122568,63412,64779,13694,66272,61491,63721,52018,57944,86939,78856
04-15-2021,67015,48586,74555,38964,107183,69968,82252,121086,28028,76480,181691,109219,15502,20405,120288,57632,123449,64039,65284,13725,66916,61894,64171,52415,58249,87954,79504
04-16-2021,67968,49262,74831,39062,108515,70654,82402,122463,28344,77372,183300,110145,15684,20695,121653,58032,124764,64727,65838,13750,67639,62354,64575,52841,58411,88741,80034
04-17-2021,68663,49856,75079,39161,109684,71395,82549,123849,28638,78016,184412,111110,15898,20943,122446,58464,125861,65472,66356,13771,68225,62732,64919,53183,58598,89407,80473
04-18-2021,68963,50443,75253,39262,110798,71906,82649,125439,28853,78556,184892,111707,16117,21008,122907,58932,126456,65632,66656,13795,68765,62988,65096,53380,58704,89558,80852
04-19-2021,69236,50638,75392,39364,111559,72283,82697,126061,28956,78656,185339,112135,16281,21055,123397,59393,126828,65796,66806,13817,68970,63207,65218,53594,58752,89648,81119
04-20-2021,69638,50657,75570,39463,112155,72868,82741,126865,29060,78854,186231,112782,16410,21243,123874,59689,127519,66521,67222,13838,69067,63398,65429,53900,58885,90136,81242
04-21-2021,70260,50796,75772,39565,112926,73603,82847,127803,29231,79571,187196,113663,16536,21579,124366,60086,128288,67060,67838,13861,69504,63667,65756,54282,58989,90981,81518
04-22-2021,70955,51316,76007,39663,113902,74450,83031,129136,29568,80441,188869,114540,16746,21883,125170,60535,129132,67867,68401,13885,70204,64024,66204,54737,59197,91976,82062
04-23-2021,71653,51703,76257,39764,115198,75257,83178,130273,29855,81081,190138,115462,16945,22127,126096,60918,129790,68488,68939,13907,70586,64396,66463,55246,59284,92815,82482
04-24-2021,72245,52083,76423,39869,116466,76011,83301,131237,30056,81560,191165,116277,17142,22382,126843,61217,130631,69129,69457,13932,70956,64664,66795,55592,59503,93436,82770
04-25-2021,72492,52335,76538,39973,117500,76593,83366,132191,30281,81901,191495,116718,17328,22434,127137,61567,131112,69316,69712,13956,71365,64884,66914,55820,59537,93688,83047
04-26-2021,72769,52449,76634,40071,118176,76858,83410,132504,30361,81941,191751,117023,17531,22479,127448,61942,131509,69422,69856,13980,71547,65091,66974,56018,59578,93823,83239
04-27-2021,73234,52526,76742,40172,118620,77446,83480,132949,30388,82136,192620,117413,17709,22730,127801,62256,132089,70073,70308,14001,71702,65292,67108,56257,59680,94375,83314
04-28-2021,73679,52642,76871,40271,119204,78257,83582,133767,30610,82619,193690,117797,17843,22943,128331,62537,132611,70518,70725,14021,71969,65498,67331,56613,59795,94860,83546
04-29-2021,74123,53031,77002,40372,120225,79066,83766,134970,30887,83080,194630,118138,18017,23214,128998,62848,133129,71184,71111,14043,72398,65810,67607,56958,59936,95406,83931
04-30-2021,74489,53305,77126,40469,121155,79594,83887,136029,31124,83408,195498,118553,18185,23450,129566,63161,133660,71707,71514,14064,72729,66086,67821,57221,60013,96026,84230
05-01-2021,75026,53632,77224,40568,121900,80164,84018,136759,31311,83854,196169,118986,18358,23607,130014,63406,134114,72092,71805,14088,72917,66286,68017,57406,60142,96431,84448
05-02-2021,75299,53829,77311,40670,122704,80582,84074,137103,31498,84063,196346,119241,18489,23644,130217,63638,134410,72219,71988,14109,73092,66467,68117,57526,60151,96531,84641
05-03-2021,75532,53891,77372,40771,123064,80784,84112,137267,31544,84093,196441,119315,18605,23672,130311,63719,134553,72323,72050,14129,73323,66587,68181,57634,60155,96634,84776
05-04-2021,75785,53911,77430,40869,123284,81108,84131,137458,31573,84208,196592,119415,18667,23693,130366,63798,134721,72408,72108,14148,73383,66681,68208,57711,60167,96802,84802
05-05-2021,75962,53935,77492,40966,123497,81395,84144,137863,31598,84344,196735,119488,18709,23751,130414,63909,134937,72514,72176,14169,73435,66751,68239,57813,60180,96887,84818
05-06-2021,76259,53960,77566,41067,124040,81994,84195,138407,31723,84510,197357,119614,18751,23988,130580,64119,135266,72909,72579,14189,73574,66852,68386,57974,60252,97244,84925
05-07-2021,76674,54104,77682,41169,124662,82565,84341,139398,31938,84918,197968,119980,18818,24220,130836,64376,135610,73296,73017,14212,73911,67015,68591,58241,60376,97738,85153
05-08-2021,76988,54437,77787,41273,125330,83134,84506,140021,32165,85296,198721,120350,18961,24484,131314,64662,135976,73613,73492,14239,74263,67279,68816,58462,60497,98162,85422
05-09-2021,77140,54736,77856,41378,126128,83535,84589,140382,32319,85523,198976,120560,19111,24538,131643,64915,136318,73760,73634,14263,74488,67506,68889,58544,60534,98273,85613
05-10-2021,77266,54773,77914,41479,126577,83778,84639,140557,32409,85538,199077,120744,19183,24569,131860,65071,136401,73890,73701,14289,74542,67614,68927,58639,60566,98347,85745
05-11-2021,77394,54810,77977,41581,126768,84103,84670,140770,32447,85538,199175,120820,19250,24584,131910,65203,136487,73987,73777,14313,74593,67676,68966,58744,60609,98516,85761
05-12-2021,77698,54875,78042,41679,126979,84459,84701,141115,32478,85691,199802,120989,19302,24783,132046,65335,136637,74367,74248,14336,74651,67730,69029,58883,60621,98791,85821
05-13-2021,78025,54962,78116,41778,127532,85046,84871,141750,32636,85923,200528,121249,19419,24909,132305,65579,136833,74674,74707,14358,74810,67859,69157,59109,60725,99223,85939
05-14-2021,78474,55213,78211,41879,128019,85491,85057,142415,32886,86257,201209,121550,19546,25095,132655,65864,137201,74999,75064,14381,75059,68059,69283,59337,60830,99524,86150
05-15-2021,78819,55424,78299,41977,128537,85971,85172,143045,33072,86449,201753,121868,19641,25254,133087,66076,137552,75297,75417,14406,75249,68212,69424,59543,60927,99866,86290
05-16-2021,78925,55594,78373,42079,129067,86231,85259,143227,33266,86587,201890,122145,19690,25275,133200,66207,137783,75387,75532,14432,75421,68330,69486,59643,60949,99981,86416
05-17-2021,79038,55624,78432,42178,129201,86421,85301,143316,33380,86599,201992,122242,19694,25285,133304,66329,137917,75449,75714,14457,75558,68389,69523,59745,60959,100079,86509
05-18-2021,79218,55687,78506,42278,129421,86849,85374,143575,33408,86702,202417,122471,19734,25396,133422,66515,138065,75724,76139,14483,75671,68454,69567,59880,61017,100344,86539
05-19-2021,79387,55740,78568,42370,129878,87185,85472,144142,33518,86880,202894,122807,19818,25507,133661,66752,138195,75855,76448,14512,75838,68562,69695,60073,61084,100620,86654
05-20-2021,79568,55871,78654,42459,130367,87476,85598,144571,33758,87032,203327,123102,19898,25630,133944,66924,138341,75992,76665,14543,75967,68703,69812,60269,61180,100931,86818
05-21-2021,79707,56006,78731,42551,130772,87884,85683,144870,33912,87153,203780,123450,19964,25686,134213,67138,138542,76175,76901,14577,76158,68825,69946,60439,61227,101285,86935
05-22-2021,79871,56095,78795,42642,131210,88218,85755,145241,34044,87324,204078,123753,20027,25744,134557,67330,138716,76363,77102,14610,76279,68923,70026,60599,61332,101537,87069
05-23-2021,79918,56166,78834,42732,131663,88400,85822,145429,34192,87370,204151,123931,20053,25787,134624,67490,138859,76398,77203,14644,76371,68986,70094,60673,61353,101610,87144
05-24-2021,79987,56192,78869,42823,131853,88442,85857,145530,34218,87386,204276,124006,20057,25800,134665,67641,138888,76405,77249,14676,76404,69041,70133,60740,61360,101664,87192
05-25-2021,80093,56249,78908,42913,132021,88517,85895,145683,34240,87504,204678,124176,20082,25856,134879,67780,138963,76517,77387,14708,76436,69094,70180,60832,61398,101870,87225
05-26-2021,80198,56343,78962,43006,132298,88666,85949,146011,34416,87597,205063,124384,20155,25924,135051,67934,139044,76578,77572,14741,76529,69162,70277,60896,61481,102089,87279
05-27-2021,80289,56502,79051,43099,132582,88798,86020,146244,34554,87719,205517,124578,20188,25983,135329,68075,139128,76689,77735,14776,76610,69241,70353,60996,61511,102276,87399
05-28-2021,80424,56559,79119,43191,132862,89026,86071,146435,34623,87825,205901,124799,20235,26029,135580,68229,139242,76767,77912,14810,76708,69318,70416,61100,61549,102471,87473
05-29-2021,80553,56642,79181,43287,133123,89146,86136,146604,34700,87901,206278,124996,20266,26060,135811,68370,139409,76873,78068,14848,76814,69375,70474,61187,61611,102641,87550
05-30-2021,80597,56689,79222,43385,133380,89212,86165,146747,34753,87957,206374,125118,20280,26077,135859,68497,139494,76915,78161,14886,76867,69431,70489,61246,61631,102710,87601
05-31-2021,80656,56700,79246,43482,133514,89254,86188,146815,34781,87963,206437,125176,20283,26090,135905,68604,139511,76931,78212,14923,76910,69463,70512,61286,61635,102779,87643
06-01-2021,80745,56784,79307,43578,133651,89342,86221,146899,34804,88007,206871,125314,20296,26147,136016,68676,139577,77046,78329,14958,76945,69495,70541,61339,61650,102955,87674
06-02-2021,80828,56866,79353,43677,133745,89454,86274,147038,34878,88064,207344,125492,20329,26171,136086,68746,139631,77076,78433,14989,77017,69538,70586,61392,61693,103079,87723
06-03-2021,80903,56946,79406,43778,133922,89574,86331,147172,34970,88143,207873,125635,20359,26219,136240,68811,139681,77116,78543,15014,77095,69589,70616,61469,61741,103261,87802
06-04-2021,80964,57039,79460,43883,134078,89653,86357,147232,35034,88194,208439,125780,20374,26243,136321,68890,139760,77157,78648,15036,77165,69622,70638,61544,61749,103491,87851
06-05-2021,81018,57054,79496,43992,134206,89709,86382,147348,35071,88228,208936,125940,20396,26268,136419,68962,139809,77180,78710,15061,77204,69662,70673,61591,61799,103629,87890
06-06-2021,81037,57076,79520,44104,134337,89746,86403,147380,35132,88263,209038,126021,20408,26271,136447,69041,139830,77192,78739,15087,77255,69705,70689,61612,61799,103644,87932
06-07-2021,81056,57080,79539,44212,134384,89751,86411,147390,35152,88267,209125,126073,20411,26276,136466,69119,139842,77195,78781,15111,77263,69730,70700,61629,61807,103644,87961
06-08-2021,81096,57088,79562,44319,134444,89824,86423,147456,35167,88300,209825,126152,20416,26300,136525,69184,139869,77254,78836,15138,77281,69744,70724,61655,61821,103736,87972
06-09-2021,81132,57099,79584,44432,134519,89880,86453,147543,35235,88364,210087,126294,20436,26321,136580,69243,139913,77295,78911,15161,77324,69768,70742,61697,61852,103779,87988
06-10-2021,81202,57189,79611,44544,134638,89943,86497,147671,35302,88423,210303,126396,20453,26348,136708,69296,139976,77370,78999,15188,77387,69810,70796,61760,61878,103812,88056
06-11-2021,81262,57257,79642,44659,134759,90026,86515,147740,35344,88464,210520,126501,20464,26368,136821,69352,140049,77427,79091,15217,77444,69841,70831,61812,61905,103909,88083
06-12-2021,81315,57311,79669,44778,134811,90110,86531,147844,35386,88498,210735,126603,20478,26375,136905,69397,140099,77457,79132,15248,77480,69865,70851,61851,61934,103955,88109
06-13-2021,81334,57336,79690,44905,134912,90129,86543,147896,35418,88530,210849,126673,20491,26386,136952,69441,140133,77476,79161,15283,77511,69882,70868,61865,61937,104002,88143
06-14-2021,81343,57337,79705,45037,134930,90129,86552,147901,35422,88530,210938,126703,20499,26390,136968,69483,140146,77487,79172,15322,77520,69909,70879,61883,61939,104046,88167
06-15-2021,81387,57346,79724,45177,135012,90190,86561,147961,35430,88590,211181,126754,20509,26414,137002,69528,140194,77525,79201,15365,77539,69921,70896,61898,61955,104098,88176
06-16-2021,81429,57357,79746,45321,135067,90237,86571,148025,35483,88640,211437,126829,20522,26437,137016,69574,140230,77557,79228,15409,77570,69927,70914,61926,61977,104150,88188
06-17-2021,81470,57376,79769,45472,135145,90288,86585,148121,35520,88682,211688,126889,20534,26458,137061,69617,140251,77611,79251,15458,77616,69940,70957,61962,62003,104208,88223
06-18-2021,81516,57398,79797,45628,135195,90349,86591,148189,35543,88717,211895,126943,20544,26472,137099,69655,140293,77641,79292,15513,77654,69954,70964,61978,62012,104251,88250
06-19-2021,81542,57408,79821,45794,135239,90372,86602,148252,35573,88749,212097,126984,20554,26481,137160,69699,140326,77662,79313,15574,77673,69960,70977,62010,62027,104293,88270
06-20-2021,81555,57417,79838,45972,135267,90389,86606,148284,35612,88758,212188,127016,20563,26486,137177,69731,140345,77671,79324,15640,77693,69971,70985,62020,62034,104310,88283
06-21-2021,81562,57418,79853,46165,135289,90389,86606,148288,35619,88763,212283,127030,20567,26491,137200,69757,140357,77675,79332,15711,77707,69977,70995,62030,62034,104332,88292
06-22-2021,81565,57437,79871,46366,135303,90389,86606,148294,35626,88769,212370,127033,20569,26494,137214,69775,140374,77689,79337,15787,77718,69982,70997,62039,62034,104362,88295
06-23-2021,81606,57452,79890,46576,135339,90440,86613,148320,35635,88795,212611,127071,20578,26517,137266,69798,140404,77724,79375,15868,77744,69986,71017,62052,62055,104377,88312
06-24-2021,81639,57484,79901,46797,135398,90491,86627,148377,35665,88844,212834,127122,20593,26535,137314,69833,140434,77742,79401,15958,77768,69992,71033,62076,62063,104419,88329
06-25-2021,81672,57503,79914,47029,135461,90544,86639,148433,35694,88860,213030,127175,20599,26545,137346,69861,140467,77768,79421,16054,77792,70002,71042,62095,62077,104491,88359
06-26-2021,81701,57511,79930,47276,135485,90567,86647,148477,35719,88882,213235,127229,20606,26551,137379,69887,140499,77799,79447,16160,77832,70014,71057,62112,62079,104523,88378
06-27-2021,81709,57514,79934,47534,135531,90570,86652,148494,35734,88884,213370,127266,20610,26556,137388,69909,140538,77804,79456,16271,77847,70021,71066,62121,62082,104543,88397
06-28-2021,81717,57518,79937,47810,135555,90570,86654,148495,35736,88887,213486,127288,20613,26559,137390,69929,140549,77814,79464,16387,77851,70023,71076,62128,62083,104552,88407
06-29-2021,81719,57519,79940,48092,135563,90570,86654,148500,35738,88887,213563,127302,20614,26560,137395,69944,140557,77817,79471,16504,77857,70023,71078,62132,62083,104568,88409
06-30-2021,81749,57533,79943,48386,135574,90618,86659,148534,35750,88896,213788,127328,20615,26592,137425,69948,140584,77843,79489,16619,77878,70024,71086,62147,62092,104584,88417
07-01-2021,81774,57541,79948,48687,135605,90646,86666,148575,35776,88908,214019,127384,20619,26620,137454,69964,140625,77854,79500,16733,77899,70027,71103,62157,62095,104608,88434
07-02-2021,81793,57551,79953,48995,135641,90685,86674,148608,35807,88934,214213,127434,20624,26629,137503,69973,140678,77870,79507,16852,77930,70035,71108,62174,62100,104626,88447
07-03-2021,81819,57565,79959,49311,135681,90728,86678,148639,35830,88950,214398,127482,20630,26639,137532,69995,140716,77909,79518,16972,77951,70040,71119,62180,62111,104663,88470
07-04-2021,81824,57568,79963,49642,135701,90731,86684,148650,35841,88955,214524,127513,20633,26640,137544,70012,140765,77912,79519,17090,77966,70052,71122,62185,62111,104689,88475
07-05-2021,81829,57568,79965,49979,135708,90734,86688,148657,35844,88957,214625,127528,20634,26642,137550,70022,140781,77919,79521,17211,77976,70057,71133,62187,62112,104694,88492
07-06-2021,81845,57576,79971,50313,135732,90756,86701,148667,35852,88964,214822,127565,20635,26667,137569,70031,140833,77932,79525,17329,77993,70065,71146,62190,62118,104705,88504
07-07-2021,81866,57581,79978,50648,135751,90783,86704,148687,35877,88974,215039,127614,20645,26677,137601,70048,140869,77954,79532,17446,78004,70070,71162,62197,62127,104717,88517
07-08-2021,81879,57592,79983,50990,135792,90804,86711,148707,35895,88990,215220,127664,20647,26694,137630,70068,140887,77974,79545,17561,78025,70080,71186,62208,62138,104740,88532
07-09-2021,81902,57596,79989,51338,135814,90850,86714,148737,35909,89009,215423,127706,20651,26711,137669,70080,140949,77991,79553,17680,78049,70083,71191,62219,62143,104765,88543
07-10-2021,81913,57606,79996,51695,135836,90879,86724,148777,35922,89016,215573,127753,20662,26727,137698,70093,140978,77999,79564,17798,78058,70086,71204,62222,62145,104769,88553
07-11-2021,81917,57607,80000,52063,135871,90885,86729,148795,35932,89020,215664,127777,20665,26730,137705,70096,141000,78012,79566,17919,78063,70088,71206,62224,62145,104781,88565
07-12-2021,81920,57607,80002,52434,135895,90886,86729,148804,35936,89022,215727,127790,20667,26731,137709,70103,141010,78013,79567,18039,78068,70094,71213,62225,62145,104784,88570
07-13-2021,81938,57615,80008,52803,135910,90939,86731,148827,35949,89028,215869,127810,20670,26759,137723,70112,141059,78033,79579,18161,78076,70095,71219,62228,62155,104793,88573
07-14-2021,81951,57615,80019,53178,135941,90970,86733,148847,35974,89046,216034,127849,20672,26782,137745,70131,141095,78046,79585,18282,78098,70096,71225,62234,62161,104819,88577
07-15-2021,81973,57632,80029,53559,135961,91002,86744,148868,35985,89056,216211,127880,20675,26803,137775,70156,141152,78059,79593,18401,78119,70103,71238,62236,62163,104845,88610
07-16-2021,81996,57661,80038,53953,135988,91039,86753,148894,36001,89061,216435,127910,20681,26829,137799,70183,141247,78091,79601,18523,78132,70117,71248,62246,62167,104863,88625
07-17-2021,82017,57674,80047,54354,136028,91065,86763,148929,36022,89066,216606,127943,20684,26841,137823,70193,141307,78098,79608,18648,78149,70119,71269,62247,62169,104893,88636
07-18-2021,82025,57674,80052,54763,136078,91078,86769,148940,36037,89071,216649,127960,20686,26842,137831,70202,141342,78104,79611,18777,78166,70120,71288,62251,62169,104903,88647
07-19-2021,82030,57674,80054,55168,136085,91080,86769,148950,36039,89071,216731,127972,20687,26843,137834,70208,141360,78106,79613,18907,78169,70123,71290,62252,62169,104903,88665
07-20-2021,82043,57675,80058,55570,136117,91128,86776,148968,36069,89090,216959,127978,20688,26878,137854,70212,141395,78121,79616,19041,78204,70124,71299,62256,62174,104917,88676
07-21-2021,82055,57676,80062,55974,136144,91167,86784,149009,36095,89104,217191,127991,20692,26906,137878,70226,141454,78131,79620,19177,78221,70133,71311,62262,62184,104948,88686
07-22-2021,82078,57691,80069,56365,136157,91211,86798,149050,36130,89113,217437,128000,20695,26937,137902,70245,141496,78157,79625,19319,78258,70139,71333,62263,62193,104982,88697
07-23-2021,82097,57694,80091,56751,136196,91290,86808,149117,36167,89132,217663,128021,20696,26964,137920,70263,141531,78178,79635,19468,78284,70147,71341,62268,62198,105008,88710
07-24-2021,82119,57713,80098,57147,136254,91320,86814,149149,36221,89142,217857,128051,20701,26994,137962,70293,141569,78207,79645,19624,78326,70156,71355,62269,62204,105032,88713
07-25-2021,82124,57713,80102,57541,136275,91324,86817,149158,36235,89148,217942,128062,20703,26998,137981,70298,141592,78212,79647,19785,78338,70160,71371,62272,62205,105050,88723
07-26-2021,82125,57713,80105,57930,136281,91332,86819,149170,36238,89148,218013,128070,20705,27000,137989,70301,141625,78212,79650,19957,78346,70167,71385,62274,62205,105050,88740
07-27-2021,82141,57727,80114,58301,136319,91389,86825,149212,36272,89171,218201,128075,20706,27041,138014,70323,141693,78226,79657,20132,78362,70167,71394,62274,62209,105084,88748
07-28-2021,82168,57732,80124,58680,136343,91459,86834,149244,36315,89185,218390,128092,20708,27071,138037,70336,141740,78244,79665,20303,78389,70179,71421,62280,62213,105137,88755
07-29-2021,82184,57750,80140,59061,136377,91525,86842,149314,36349,89206,218585,128121,20718,27093,138065,70358,141796,78260,79680,20472,78428,70183,71462,62281,62223,105193,88774
07-30-2021,82207,57757,80158,59444,136441,91594,86858,149386,36377,89222,218818,128152,20727,27125,138116,70378,141879,78277,79686,20637,78455,70191,71489,62295,62241,105237,88803
07-31-2021,82220,57777,80177,59823,136497,91667,86880,149456,36392,89263,218994,128191,20744,27152,138164,70400,141964,78305,79698,20801,78489,70208,71498,62301,62252,105266,88830
08-01-2021,82227,57783,80189,60204,136538,91681,86888,149496,36416,89267,219080,128215,20748,27164,138176,70420,142019,78315,79703,20960,78505,70229,71516,62304,62254,105282,88854
08-02-2021,82228,57787,80199,60577,136547,91683,86889,149513,36427,89271,219142,128220,20749,27170,138188,70436,142049,78317,79707,21126,78508,70259,71537,62306,62254,105282,88866
08-03-2021,82260,57804,80212,60945,136600,91748,86895,149562,36463,89289,219340,128239,20753,27217,138236,70447,142111,78331,79722,21297,78532,70265,71569,62308,62259,105319,88880
08-04-2021,82283,57806,80222,61306,136664,91839,86904,149637,36534,89324,219576,128273,20760,27260,138270,70463,142157,78354,79751,21472,78550,70284,71588,62311,62263,105372,88900
08-05-2021,82310,57847,80245,61681,136707,91894,86917,149696,36574,89356,219763,128309,20766,27306,138325,70487,142232,78374,79772,21653,78589,70330,71645,62318,62278,105434,88923
08-06-2021,82336,57872,80269,62070,136761,91951,86933,149779,36669,89393,219927,128363,20772,27331,138389,70500,142324,78397,79788,21851,78638,70362,71691,62327,62289,105477,88940
08-07-2021,82357,57895,80300,62454,136836,92001,86950,149879,36737,89416,220103,128411,20781,27365,138451,70518,142400,78429,79800,22060,78664,70393,71720,62330,62301,105524,88971
08-08-2021,82363,57908,80327,62842,136908,92024,86971,149917,36838,89443,220156,128437,20782,27372,138462,70533,142450,78441,79804,22267,78671,70431,71737,62338,62301,105548,88989
08-09-2021,82365,57914,80348,63233,136920,92025,86991,149930,36845,89446,220207,128442,20783,27381,138471,70541,142489,78442,79806,22482,78686,70463,71761,62340,62301,105548,89006
08-10-2021,82378,57924,80363,63627,136945,92103,87004,149990,36864,89481,220374,128462,20787,27415,138505,70550,142551,78477,79825,22701,78704,70476,71790,62343,62313,105582,89026
08-11-2021,82407,57937,80385,64015,137015,92192,87036,150071,36930,89530,220560,128498,20796,27472,138536,70566,142614,78504,79853,22926,78722,70513,71811,62350,62334,105678,89044
08-12-2021,82425,57973,80426,64408,137068,92267,87075,150164,36965,89586,220765,128538,20801,27517,138597,70603,142691,78538,79884,23154,78756,70565,71859,62366,62352,105735,89085
08-13-2021,82459,58014,80468,64798,137138,92351,87106,150242,37028,89625,220931,128583,20807,27571,138675,70633,142790,78572,79908,23380,78810,70611,71889,62372,62374,105797,89110
08-14-2021,82491,58045,80497,65187,137255,92449,87151,150380,37080,89682,221129,128643,20813,27611,138747,70654,142871,78602,79933,23604,78843,70647,71906,62383,62389,105874,89142
08-15-2021,82501,58063,80531,65574,137313,92481,87211,150433,37112,89687,221216,128685,20815,27622,138763,70674,142930,78610,79936,23831,78849,70696,71938,62391,62389,105894,89172
08-16-2021,82507,58066,80559,65956,137332,92489,87236,150446,37142,89687,221275,128702,20816,27629,138777,70686,142977,78617,79941,24060,78881,70721,71973,62397,62390,105894,89189
08-17-2021,82520,58066,80600,66334,137381,92505,87260,150532,37154,89730,221402,128750,20817,27697,138826,70702,143088,78627,79962,24291,78909,70727,71980,62403,62412,105968,89201
08-18-2021,82580,58094,80658,66706,137474,92660,87283,150621,37230,89775,221583,128804,20825,27762,138861,70721,143218,78671,79993,24521,78944,70774,72032,62416,62429,106019,89239
08-19-2021,82626,58133,80740,67076,137535,92729,87341,150751,37280,89834,221828,128862,20835,27814,138918,70743,143323,78709,80010,24750,78990,70861,72104,62433,62447,106099,89281
08-20-2021,82660,58181,80819,67441,137603,92837,87402,150837,37355,89902,222050,128933,20845,27881,138988,70760,143432,78765,80039,24975,79036,70917,72137,62455,62467,106196,89329
08-21-2021,82681,58224,80887,67800,137751,92948,87435,150994,37416,89971,222282,129001,20853,27938,139096,70798,143559,78798,80069,25202,79100,70966,72164,62471,62480,106315,89361
08-22-2021,82698,58254,80938,68161,137882,92998,87462,151071,37461,89997,222435,129030,20858,27954,139132,70813,143635,78818,80085,25428,79120,71006,72185,62479,62486,106351,89413
08-23-2021,82702,58258,80990,68517,137926,93007,87475,151089,37490,89997,222599,129033,20859,27968,139157,70826,143686,78828,80092,25651,79138,71035,72220,62484,62490,106390,89432
08-24-2021,82709,58261,81037,68866,137953,93033,87488,151173,37508,90009,222731,129051,20867,28030,139190,70831,143770,78838,80115,25875,79154,71046,72229,62486,62492,106417,89445
08-25-2021,82721,58268,81092,69211,137995,93044,87539,151206,37533,90033,222840,129071,20873,28038,139229,70848,143832,78852,80140,26094,79169,71103,72242,62495,62495,106479,89453
08-26-2021,82756,58325,81173,69542,138074,93205,87562,151311,37583,90081,223104,129127,20886,28131,139269,70882,143951,78892,80181,26299,79193,71151,72288,62511,62516,106533,89486
08-27-2021,82801,58345,81296,69871,138172,93332,87650,151506,37707,90180,223366,129191,20899,28225,139357,70909,144062,78943,80228,26497,79254,71221,72346,62537,62530,106605,89541
08-28-2021,82857,58429,81417,70190,138302,93489,87710,151693,37770,90220,223632,129259,20921,28290,139546,70948,144217,78981,80269,26684,79301,71278,72386,62558,62541,106689,89582
08-29-2021,82881,58494,81543,70499,138442,93621,87767,151849,37847,90282,223872,129393,20941,28319,139647,70963,144338,79010,80299,26863,79364,71345,72420,62579,62552,106755,89668
08-30-2021,82882,58504,81617,70797,138514,93629,87774,151887,37865,90287,224020,129419,20955,28342,139683,70988,144387,79015,80303,27032,79377,71393,72452,62594,62552,106790,89711
08-31-2021,82910,58523,81704,71078,138573,93688,87805,152031,37891,90337,224224,129447,20968,28448,139734,71004,144514,79074,80343,27190,79402,71413,72481,62612,62564,106870,89736
09-01-2021,82959,58555,81832,71348,138681,93827,87886,152208,38011,90430,224492,129517,20983,28563,139855,71037,144617,79102,80408,27333,79445,71486,72515,62647,62588,106928,89799
09-02-2021,83036,58633,81980,71611,138798,93927,87988,152432,38114,90492,224801,129587,21007,28677,140038,71073,144756,79198,80448,27464,79498,71593,72601,62692,62609,106994,89876
09-03-2021,83086,58685,82144,71869,138989,94084,88073,152663,38204,90596,225122,129702,21016,28767,140251,71115,144992,79226,80501,27592,79569,71664,72655,62744,62639,107111,89943
09-04-2021,83144,58779,82337,71869,139162,94215,88145,152879,38271,90674,225461,129840,21033,28852,140434,71154,145200,79305,80572,27592,79595,71716,72718,62790,62670,107190,90019
09-05-2021,83164,58803,82461,72380,139294,94260,88180,153023,38334,90719,225602,129881,21051,28865,140494,71172,145290,79332,80599,27844,79634,71770,72764,62809,62673,107271,90089
09-06-2021,83174,58805,82530,72624,139337,94272,88209,153072,38358,90722,225695,129901,21062,28878,140550,71191,145353,79335,80606,27969,79662,71831,72800,62844,62673,107311,90136
09-07-2021,83209,58843,82649,72863,139488,94359,88267,153235,38388,90807,225999,129970,21077,28989,140715,71216,145493,79399,80710,28095,79709,71909,72856,62877,62705,107460,90175
09-08-2021,83285,58863,82846,73098,139619,94479,88337,153483,38512,90911,226347,130057,21096,29112,140872,71268,145645,79467,80853,28211,79752,71998,72920,62950,62718,107638,90248
09-09-2021,83366,58961,83029,73335,139828,94646,88471,153785,38605,91041,226726,130173,21114,29262,141190,71319,145867,79546,80946,28321,79865,72157,73044,63043,62743,107801,90411
09-10-2021,83465,59040,83264,73570,140024,94756,88561,154126,38702,91232,227132,130335,21127,29371,141482,71388,146100,79616,81056,28419,79943,72304,73142,63134,62765,107966,90523
09-11-2021,83589,59138,83515,73804,140302,94944,88679,154467,38769,91351,227502,130484,21149,29502,141861,71437,146315,79698,81166,28512,80034,72439,73219,63223,62803,108152,90685
09-12-2021,83639,59163,83704,74034,140474,95001,88750,154649,38863,91486,227695,130551,21164,29529,141978,71485,146487,79715,81222,28601,80101,72612,73274,63268,62818,108192,90799
09-13-2021,83681,59178,83824,74267,140534,95019,88791,154694,38876,91490,227861,130580,21171,29566,142064,71530,146543,79720,81235,28685,80126,72760,73318,63347,62819,108210,90887
09-14-2021,83824,59235,83998,74496,140725,95214,88839,154954,38935,91599,228273,130681,21185,29780,142305,71560,146775,79808,81376,28764,80210,72859,73427,63413,62863,108373,90945
09-15-2021,83940,59268,84172,74723,140998,95474,88974,155297,39157,91823,228714,130862,21216,30027,142599,71634,147136,79942,81586,28835,80319,73011,73574,63515,62912,108585,91061
09-16-2021,84103,59437,84417,74955,141413,95733,89177,155795,39337,92046,229076,130982,21256,30256,143151,71727,147483,80074,81796,28909,80532,73255,73759,63606,62966,108824,91339
09-17-2021,84312,59562,84762,75192,141839,96097,89333,156444,39537,92353,229502,131239,21281,30529,143795,71877,148013,80207,82003,28988,80679,73502,73914,63775,63012,109062,91535
09-18-2021,84523,59723,85060,75437,142273,96369,89539,157205,39664,92513,229918,131446,21321,30775,144380,71983,148412,80383,82182,29073,80849,73721,74047,63984,63056,109322,91750
09-19-2021,84566,59781,85279,75695,142573,96503,89666,157815,39903,92804,230079,131549,21331,30839,144626,72095,148731,80397,82252,29164,80970,73936,74160,64082,63078,109445,91921
09-20-2021,84603,59822,85479,75962,142721,96550,89725,158033,39974,92822,230262,131583,21337,30868,144791,72176,148913,80408,82307,29265,81037,74110,74245,64158,63084,109567,92071
09-21-2021,84765,59883,85691,76236,143143,96896,89821,158519,40046,92961,230661,131819,21352,31214,145309,72237,149332,80571,82514,29374,81176,74196,74322,64292,63163,109769,92153
09-22-2021,84999,59916,85989,76518,143699,97356,90013,159293,40348,93306,231117,132038,21397,31509,145758,72387,149774,80705,82762,29490,81383,74341,74422,64429,63212,110074,92332
09-23-2021,85170,60101,86291,76811,144155,97876,90265,160132,40605,93654,231584,132231,21443,31842,146443,72562,150181,80900,83035,29612,81680,74562,74601,64667,63295,110422,92728
09-24-2021,85480,60318,86697,77119,145044,98478,90465,161080,40935,93997,232049,132640,21481,32133,147158,72767,150803,81053,83294,29741,81977,74863,74748,64851,63368,110853,92951
09-25-2021,85731,60464,87108,77441,145795,98981,90685,162009,41114,94273,232495,132930,21522,32435,147835,72948,151288,81251,83562,29877,82178,75082,74881,65067,63473,111409,93234
09-26-2021,85805,60585,87361,77779,146301,99137,90829,162620,41336,94490,232721,133062,21557,32526,148061,73053,151619,81294,83687,30022,82356,75316,74984,65166,63489,111611,93431
09-27-2021,85848,60610,87643,78131,146672,99300,90890,162853,41413,94546,232856,133122,21563,32593,148302,73136,151782,81328,83740,30175,82451,75496,75086,65287,63504,111786,93597
09-28-2021,86117,60706,88058,78492,147267,99828,91021,163400,41495,94687,233317,133391,21581,32930,148729,73242,152213,81534,83958,30333,82633,75630,75179,65495,63582,112286,93677
09-29-2021,86414,60777,88479,78870,148054,100527,91255,164376,41844,95134,233900,133716,21632,33455,149187,73464,152875,81765,84363,30494,83001,75831,75379,65709,63677,112878,93930
09-30-2021,86697,61214,88934,79259,148980,101266,91623,165463,42273,95617,234463,134007,21711,33842,150114,73691,153627,82005,84785,30663,83456,76265,75587,65985,63774,113510,94490
10-01-2021,87106,61404,89500,79657,149705,102011,91924,166688,42752,96224,235062,134420,21784,34327,150908,74018,154323,82347,85230,30834,83910,76645,75787,66310,63883,114280,94865
10-02-2021,87480,61694,90085,80066,150670,102680,92166,167847,43221,96544,235596,134837,21845,34699,152010,74365,155085,82639,85661,31012,84248,76981,76009,66596,64018,114972,95274
10-03-2021,87645,61885,90547,80487,151525,103082,92357,168920,43568,96971,235816,134984,21918,34864,152546,74713,155656,82712,85792,31199,84582,77341,76126,66766,64040,115196,95637
10-04-2021,87739,61943,90957,80922,151918,103341,92465,169512,43726,97059,235985,135090,21940,34949,152841,74934,155871,82779,85872,31395,84823,77580,76221,66969,64068,115490,95938
10-05-2021,88081,62112,91566,81363,152910,104003,92616,170452,43852,97237,236545,135551,21956,35392,153433,75086,156680,83305,86270,31599,85070,77735,76364,67291,64167,116157,96025
10-06-2021,88473,62146,92050,81815,153874,104764,92921,171615,44275,97786,237337,135993,22032,35968,154078,75453,157756,83780,86779,31801,85511,78027,76639,67606,64308,116940,96407
10-07-2021,88980,62594,92722,82276,154916,105749,93349,172783,44763,98345,238139,136487,22131,36463,155208,75689,158815,84148,87355,32009,86185,78639,76861,68013,64517,117682,97110
10-08-2021,89562,62936,93333,82748,156261,106698,93730,173808,45479,98953,238860,137012,22234,37121,156445,76031,160233,84722,87917,32222,87030,79253,77163,68408,64666,118490,97660
10-09-2021,90115,63448,94021,83241,157552,107778,94064,174782,46188,99599,239723,137688,22341,37601,157622,76364,161543,85098,88409,32443,87732,79697,77406,68736,64861,119263,98282
10-10-2021,90284,63615,94546,83760,158390,108597,94284,176565,46755,100125,240043,137925,22446,37768,158090,76703,162553,85272,88567,32682,88184,80103,77608,68933,64913,120099,98889
10-11-2021,90514,63817,94993,84286,159155,109066,94406,177984,47129,100412,240256,137997,22480,37986,158433,77095,163243,85404,88736,32929,88652,80337,77716,69139,64954,120786,99399
10-12-2021,91046,64064,95553,84817,160011,109673,94578,179486,47479,100639,240884,138509,22533,38534,159411,77279,164059,86073,89228,33174,89101,80499,77837,69461,65093,121501,99554
10-13-2021,91463,64180,96151,85361,161355,110589,94899,181012,48157,101283,241862,139043,22635,39263,160274,77510,165584,86780,89862,33421,89771,80785,78184,69881,65306,122549,100016
10-14-2021,91960,64898,96735,85913,162587,111489,95415,182677,49008,102069,242798,139766,22749,39972,161406,77727,166775,87519,90524,33679,90774,81553,78469,70233,65513,123536,101123
10-15-2021,92234,65228,97314,86481,163919,112305,95705,184169,49717,102724,243254,140157,22827,40185,162222,77964,167528,87749,90832,33945,91455,82067,78739,70517,65642,124463,101983
10-16-2021,92525,65693,97830,87060,164588,112868,95937,185462,50548,103147,243779,140522,22896,40777,163149,78171,168849,87901,91346,34223,92204,82230,78947,70746,65738,125380,102649
10-17-2021,92859,65821,98266,87646,165336,113802,96220,186410,51157,103531,244230,140856,22968,41074,163737,78465,170245,88211,91655,34512,92842,82574,79125,71015,65806,126058,102907
10-18-2021,93142,65947,98657,88243,166118,114339,96404,187233,51626,103782,244646,141051,23039,41268,164283,78643,171612,88292,91824,34806,93330,82861,79235,71299,65853,126600,103610
10-19-2021,93818,66184,99252,88847,167321,115238,96617,188645,52506,104083,245483,141616,23086,41879,165242,78945,173030,88885,92417,35107,94030,83298,79496,71734,66037,127619,103812
10-20-2021,94362,66362,99874,89459,168574,116278,97063,189887,53453,105037,246506,142178,23198,42621,166185,79382,174636,89820,93199,35406,94942,83886,79940,72230,66276,128844,104452
10-21-2021,94831,67096,100452,90080,169882,117336,97924,191206,54596,106039,247698,142906,23354,43440,167573,79792,176164,90816,93904,35708,96042,84673,80402,72666,66595,130199,106014
10-22-2021,95502,68129,101053,90710,171523,118514,98523,192512,55844,107333,249021,143717,23522,44043,169220,80225,177648,91836,94769,36014,97347,85369,80960,73194,66833,131590,107158
10-23-2021,96185,68960,101629,91348,173355,119744,99161,193921,56800,108408,250242,144692,23679,44695,170974,80708,179147,92930,95715,36326,98432,85926,81388,73711,67183,132726,108303
10-24-2021,96783,69196,102128,91997,175566,121124,99898,195429,57885,109305,251240,145572,23842,44965,172483,81074,180550,93900,96203,36647,99340,86573,81810,74106,67394,133786,109253
10-25-2021,97042,69829,102587,92652,176631,121634,100033,197116,58808,110239,251786,145895,23969,45154,173360,81639,181812,93976,96439,36975,100139,86900,82051,74426,67456,134823,110295
10-26-2021,97920,70154,103276,93314,178391,122649,100331,198371,60030,110654,252921,146682,24009,45704,174464,82147,183417,94865,97177,37305,100808,87313,82445,74981,67711,136158,110581
10-27-2021,98798,70475,103856,93984,180265,123702,100674,200012,61150,111673,254337,147562,24113,46378,175890,82753,184894,95760,98056,37642,102078,87973,83024,75635,67929,137454,111292
10-28-2021,99504,71177,104552,94665,182378,124882,101932,201529,62243,112790,255788,148468,24297,47034,177396,83346,187190,96782,98993,37987,102903,88721,83484,76222,68330,138903,112960
10-29-2021,100297,72290,105234,95358,184542,126031,102713,203026,63470,114072,257404,149456,24490,47556,179098,84042,189346,97855,100192,38338,104138,89432,84072,76823,68668,140201,114226
10-30-2021,100958,73194,105918,96059,186822,127203,103473,204481,64594,115222,258859,150408,24689,48148,180978,84796,191319,98933,101190,38685,105750,90041,84695,77475,68945,141553,115228
10-31-2021,101233,73875,106405,96771,187963,127639,104055,206415,65512,116180,259302,150986,24866,48352,182018,85735,192840,99297,101602,39035,106926,90521,85058,77792,69126,142210,116394
11-01-2021,101503,74230,106829,97496,188830,127961,104399,207642,66340,116873,259797,151382,24940,48462,183184,86599,194121,99556,102057,39391,107499,90919,85356,78189,69244,143105,117221
11-02-2021,102245,74577,107478,98228,190451,128702,104695,208979,67135,117319,261535,152192,25014,48893,184288,87309,196029,100621,102814,39740,108069,91416,85698,78829,69513,144446,117446
11-03-2021,103127,74841,108021,98969,192386,129779,105181,210353,67735,118403,263559,153126,25133,49462,185466,88034,197887,101748,103789,40085,109225,92039,86331,79508,69843,146004,118106
11-04-2021,103902,75723,108715,99721,194640,131169,106395,212009,68348,119516,265395,154093,25345,50221,186866,88767,199786,102945,104830,40433,110768,92562,87003,80182,70264,147354,119665
11-05-2021,104620,76549,109292,100485,197028,132502,107321,213742,68995,120708,267167,155165,25513,50802,188624,89536,201434,104072,105840,40787,111881,93311,87715,80794,70733,148949,120658
11-06-2021,105289,77512,109803,101261,199644,133910,108202,215277,69803,121765,268593,156041,25686,51315,190089,90251,203611,105035,106919,41136,112841,94057,88496,81260,71078,150045,121492
11-07-2021,105560,78368,110210,102044,201171,134667,109089,216639,70251,122879,269218,156583,25830,51489,191184,91067,205275,105668,107268,41490,113658,94460,89065,81600,71348,150712,122174
11-08-2021,105803,78753,110571,102835,202203,135150,109452,217818,70634,123539,269824,157008,25929,51539,192011,91879,206833,105908,107553,41842,113973,94814,89414,82017,71559,151425,122892
11-09-2021,106616,79176,111024,103638,204245,135982,109774,219132,70896,123978,271028,157913,25996,52069,193363,92866,208349,107090,108371,42200,114495,95200,89961,82587,71800,152446,123132
11-10-2021,107416,79533,111411,104449,206037,137192,110468,220851,71417,125119,272768,158929,26109,52675,194384,93933,209921,108681,109408,42551,115362,95682,90634,83307,72203,153569,123763
11-11-2021,108013,80213,111841,105268,208036,138371,111922,222401,71965,126208,274770,159874,26301,53069,195637,94836,211390,110008,110393,42907,116536,96285,91346,84001,72669,154715,124719
11-12-2021,108835,81010,112192,106096,209903,139719,112812,223443,72549,127298,276572,160844,26470,53505,196791,95808,213206,111265,111405,43261,117463,96944,92346,84720,73195,155826,125456
11-13-2021,109365,81998,112540,106933,212122,140729,113758,225319,72859,128313,278411,161841,26638,53844,198034,96773,215272,112389,112245,43612,118047,97372,93233,85362,73711,156746,126228
11-14-2021,109736,82783,112745,107784,213752,141522,114269,226369,73118,128959,278858,162374,26777,53927,198569,97497,216251,113098,112622,43964,118666,97765,93758,85655,74024,157775,126770
11-15-2021,110095,83116,112904,108644,214739,142064,114574,227198,73253,129273,279307,162794,26868,53976,199106,98341,217152,113657,112806,44314,118972,97989,94366,86014,74215,158512,127150
11-16-2021,110857,83442,113151,109503,216374,142800,114899,227745,73406,129660,280788,163548,26995,54313,199876,99183,218701,114657,113459,44661,119359,98269,94985,86641,74594,159596,127451
11-17-2021,111578,83741,113350,110370,218049,143832,115541,228384,73743,130463,282397,164617,27126,54641,200597,100133,220205,115825,114197,45005,119744,98636,95718,87372,74938,160683,127907
11-18-2021,112307,84478,113608,111248,219941,145035,116360,229143,74113,131404,283880,165593,27340,54971,201618,101033,221260,116925,114853,45346,120293,99103,96647,88057,75400,161923,128723
11-19-2021,112988,85170,113845,112132,221884,146092,117198,229869,74421,132222,285662,166538,27581,55249,202635,101942,222176,117975,115635,45683,120955,99499,97620,88646,75914,163110,129232
11-20-2021,113692,85837,114048,113018,223754,147102,117768,230526,74643,132957,287146,167503,27815,55504,203652,102849,223016,118906,116296,46021,121416,99835,98396,89298,76433,164137,129779
11-21-2021,113952,86245,114206,113902,224996,147518,118311,230810,74834,133555,287705,168022,28011,55546,203940,103542,223671,119267,116575,46358,121867,100132,98895,89600,76722,164790,130231
11-22-2021,114224,86384,114327,114716,225860,147920,118413,231140,74888,133750,288063,168365,28201,55583,204337,104197,224122,119554,116736,46692,122072,100288,99279,89940,76912,165236,130616
11-23-2021,114809,86613,114498,115491,227170,148849,118547,231547,74982,134013,289694,169195,28322,55816,204877,104678,224561,120695,117252,47014,122327,100387,99685,90511,77302,166083,130723
11-24-2021,115327,86745,114671,116193,227844,149797,119072,232109,75205,134821,291437,169990,28484,56152,205388,105234,225052,121755,117871,47315,122651,100662,100344,91092,77705,166989,131064
11-25-2021,115850,87450,114906,116844,228737,150721,119710,232837,75489,135599,293125,170709,28675,56410,206436,105676,225696,122722,118530,47594,123185,101001,101154,91584,78376,168055,131771
11-26-2021,116398,87956,115167,117462,229759,151691,120023,233427,75778,136280,294563,171423,28857,56592,207286,106151,226528,123675,119141,47842,123873,101364,102014,92173,78874,169130,132217
11-27-2021,116994,88337,115339,118036,230625,152735,120297,233992,75997,136906,296193,172121,29037,56795,208031,106641,227152,124579,119699,48095,124238,101596,102837,92769,79288,169765,132577
11-28-2021,117199,88643,115474,118549,231323,153100,120546,234221,76073,137314,296742,172554,29213,56823,208337,107022,227375,124877,119836,48344,124524,101829,103385,92999,79523,170180,132911
11-29-2021,117435,88776,115582,119027,231796,153557,120692,234456,76137,137436,297173,172849,29358,56848,208540,107423,227678,125109,119945,48556,124582,101987,103758,93302,79673,170514,133221
11-30-2021,118080,88973,115753,119469,232189,154263,120859,234800,76209,137712,298819,173543,29536,57072,209007,107907,228045,125984,120376,48772,124889,102107,103995,93818,80041,171106,133298
12-01-2021,118637,89106,115905,119908,232608,154929,121140,235413,76466,138298,300411,174247,29671,57301,209424,108313,228332,126889,120861,48974,125273,102338,104603,94348,80450,171866,133512
12-02-2021,119130,89664,116069,120339,233290,155732,121763,235914,76616,138892,301829,174887,29854,57470,210153,108737,228750,127566,121322,49175,125644,102648,105171,94995,80946,172575,134255
12-03-2021,119699,90046,116285,120758,234210,156483,122046,236469,76798,139434,303205,175563,30005,57624,210867,109174,229612,128251,121823,49370,126120,102977,105744,95664,81482,173251,134817
12-04-2021,120429,90432,116492,121161,234980,157299,122377,236877,76905,139927,304793,176234,30192,57801,211606,109620,230460,129175,122312,49567,126415,103226,106274,96225,81783,173750,135271
12-05-2021,120729,90596,116620,121552,235340,157588,122581,237055,77055,140262,305308,176769,30348,57835,211865,109898,230900,129365,122475,49765,126700,103470,106599,96460,82031,173996,135632
12-06-2021,121007,90721,116720,121924,235473,157878,122662,237269,77075,140342,306012,176971,30465,57844,212079,110101,231078,129583,122571,49960,126799,103593,106804,96672,82091,174217,135928
12-07-2021,121631,90896,116855,122285,235656,158567,122746,237561,77108,140595,307282,177546,30616,58031,212429,110448,231446,130299,122943,50149,126950,103735,107041,97069,82383,174720,136057
12-08-2021,122007,90974,116977,122637,236014,159290,122912,237870,77309,140985,308801,178035,30753,58178,212842,110753,231730,131004,123340,50321,127224,103919,107410,97448,82712,175250,136244
12-09-2021,122503,91410,117132,122975,236485,159864,123441,238436,77446,141523,309999,178519,30892,58324,213587,111112,232962,131541,123686,50491,127512,104225,107898,97941,83215,175820,136884
12-10-2021,123125,91710,117249,123296,237227,160588,123769,238860,77580,141913,311471,179095,31045,58445,214162,111448,233609,132253,124017,50660,127853,104460,108224,98375,83619,176367,137220
12-11-2021,123722,91990,117364,123604,237793,161159,124021,239188,77674,142187,312674,179662,31207,58560,214743,111771,234306,132850,124340,50825,128162,104632,108602,98948,83948,176880,137434
12-12-2021,123900,92127,117467,123891,238169,161373,124252,239362,77723,142427,313135,179921,31362,58575,215018,112010,234617,133146,124441,50984,128320,104811,108808,99262,84094,177090,137682
12-13-2021,124125,92155,117528,124084,238452,161480,124398,239502,77744,142513,313705,180081,31487,58579,215204,112246,235011,133347,124498,51141,128396,104918,108928,99572,84205,177220,137871
12-14-2021,124727,92285,117618,124362,238751,162021,124562,239679,77765,142747,314771,180455,31640,58723,215373,112555,235415,134098,124744,51296,128540,105003,109028,99937,84478,177625,137908
12-15-2021,125121,92406,117722,124577,239018,162446,124721,240025,77920,143107,316018,180842,31779,58877,215646,112883,235779,134666,125041,51433,128731,105174,109381,100339,84793,178081,138041
12-16-2021,125513,92738,117844,124780,239404,162919,125039,240339,78063,143505,317496,181239,31935,58960,216131,113180,236179,135308,125311,51558,128962,105442,109686,100758,85220,178610,138366
12-17-2021,125831,92988,117995,124981,239759,163483,125232,240633,78143,143872,318881,181631,32065,59053,216532,113512,236735,135835,125575,51673,129201,105640,110020,101170,85507,179169,138584
12-18-2021,126147,93185,118173,125172,240078,163808,125454,240911,78238,144165,320276,182021,32174,59125,216902,113735,237124,136278,125772,51785,129344,105815,110246,101497,85767,179544,138770
12-19-2021,126240,93273,118264,125348,240314,163932,125588,241003,78264,144348,320650,182295,32273,59134,217123,113840,237287,136417,125891,51896,129458,105975,110391,101639,85882,179709,138961
12-20-2021,126372,93354,118342,125518,240364,164053,125689,241136,78264,144425,321147,182416,32347,59140,217247,113929,237350,136473,125942,52004,129505,106073,110460,101809,85947,179819,139084
12-21-2021,126638,93465,118443,125671,240482,164466,125769,241291,78296,144661,322643,182691,32399,59248,217444,114094,237492,137075,126125,52103,129627,106157,110607,102088,86229,180163,139123
12-22-2021,126947,93556,118530,125822,240652,164828,125927,241504,78417,144844,324046,183045,32494,59325,217610,114313,237646,137424,126369,52178,129784,106287,110858,102464,86411,180555,139243
12-23-2021,127170,93834,118647,125969,240883,165359,126225,241763,78494,145231,325257,183400,32567,59384,218027,114511,237820,137919,126577,52252,130012,106533,111059,102685,86690,180858,139486
12-24-2021,127406,94045,118770,126089,241095,165952,126395,241955,78538,145530,326491,183778,32637,59441,218419,114715,237962,138330,126781,52313,130176,106721,111287,102900,86901,181189,139624
12-25-2021,127572,94195,118872,126204,241262,166342,126572,242148,78579,145748,327399,184140,32720,59496,218794,114842,238225,138638,126894,52373,130287,106842,111440,103103,87094,181369,139741
12-26-2021,127722,94280,118939,126321,241429,166462,126707,242243,78601,145871,327650,184336,32790,59502,218958,114924,238342,138728,126980,52434,130393,106976,111551,103229,87178,181420,139913
12-27-2021,127857,94352,118986,126436,241484,166581,126774,242307,78625,145910,327906,184467,32847,59503,219014,114966,238425,138767,127030,52493,130431,107067,111605,103320,87240,181479,140045
12-28-2021,128010,94368,119046,126549,241586,166730,126820,242487,78641,145927,328381,184593,32901,59526,219105,114984,238614,138841,127060,52551,130487,107110,111648,103404,87295,181561,140111
12-29-2021,128397,94443,119109,126660,241770,167173,126888,242660,78659,146108,329494,184868,32941,59633,219265,115064,239256,139199,127185,52602,130599,107170,111809,103548,87501,181776,140175
12-30-2021,128694,94443,119230,126770,241955,167523,127113,242931,78735,146404,330757,185103,33001,59719,219521,115204,239595,139642,127293,52651,130787,107283,112080,103674,87715,181982,140236
